# This file uses centimeters as units for non-parametric coordinates.

mtllib mount.blend1.mtl
g default
v -16.548750 -0.206907 9.209969
v 8.962208 -0.206907 9.209969
v -16.548750 -0.206907 -16.300989
v 8.962208 -0.206907 -16.300989
v -3.230408 0.000000 1.349858
v -3.230408 0.000000 -0.071045
v -3.230408 0.000000 -1.776129
v -3.230412 0.000213 4.191674
v -3.120903 0.011415 0.213136
v -3.120903 0.011958 -0.923587
v -3.120903 0.012845 -1.634039
v -3.230408 0.000000 -4.049575
v -3.230408 0.000000 -4.191665
v -2.902062 0.044254 4.194084
v -3.121010 0.007181 4.191988
v -3.120903 0.009576 0.781497
v -3.011397 0.041823 0.213136
v -3.011397 0.037948 -0.213136
v -3.011397 0.056066 -1.065678
v -3.011397 0.049933 -1.918220
v -3.011377 0.007232 3.623481
v -3.011397 0.001960 2.770762
v -2.901892 0.021647 1.776129
v -2.901892 0.084254 0.355226
v -2.901892 0.104182 -0.497316
v -2.901892 0.127424 -1.065678
v -2.901892 0.140744 -1.776129
v -2.901892 0.109742 -2.060310
v -3.120903 0.000000 -2.912852
v -2.792088 0.045079 4.194558
v -2.790934 0.065677 3.910929
v -2.790712 0.053983 3.625573
v -2.791983 0.003485 3.339113
v -2.901892 0.026438 2.486581
v -2.901892 0.040209 1.349858
v -2.792387 0.080516 0.923587
v -2.792387 0.166846 0.213136
v -2.792387 0.199537 -0.213136
v -2.792387 0.195957 -0.781497
v -3.011397 0.003878 -2.770762
v -2.681945 0.025964 4.193998
v -2.676716 0.087814 3.770625
v -2.668177 -0.006142 3.630604
v -2.672134 -0.030502 3.346121
v -2.792199 0.003482 3.196709
v -2.682782 0.065945 2.770621
v -2.682881 0.064612 1.918220
v -2.792387 0.112747 0.639407
v -2.792387 0.212697 -0.497316
v -2.682881 0.322628 -0.781497
v -2.792387 0.231378 -1.207768
v -2.792387 0.209116 -2.060310
v -2.792387 0.058456 -2.912852
v -2.572217 -0.003137 4.192593
v -2.566789 0.058396 3.911754
v -2.561042 0.110030 3.772597
v -2.553437 0.030487 3.632203
v -2.555429 -0.029994 3.199498
v -2.561625 0.033158 2.905935
v -2.572682 0.094911 2.769828
v -2.573243 0.106858 2.628483
v -2.573376 0.123337 1.634039
v -2.573376 0.162430 1.207768
v -2.573376 0.157375 1.065678
v -2.573376 0.174091 0.923587
v -2.682881 0.181519 0.639407
v -2.682881 0.274072 0.213136
v -2.573376 0.509556 -0.213136
v -2.573376 0.537033 -1.207768
v -2.573376 0.516232 -1.491949
v -2.573376 0.253153 -2.628671
v -2.573376 0.065403 -3.197033
v -2.462997 -0.020246 4.191453
v -2.460100 -0.023927 4.050170
v -2.459445 -0.047177 3.900530
v -2.454444 -0.004043 3.755565
v -2.439499 0.076435 3.629107
v -2.447551 0.053002 3.483362
v -2.443185 0.022196 3.047496
v -2.439326 0.042237 2.899877
v -2.442616 0.081056 2.758456
v -2.460005 0.150034 2.626193
v -2.573376 0.098932 2.202400
v -2.463871 0.151206 2.202400
v -2.463871 0.229475 1.491949
v -2.463871 0.386351 0.639407
v -2.463871 0.473123 0.355226
v -2.463871 0.644943 -0.213136
v -2.573376 0.530717 -0.497316
v -2.463871 0.625430 -0.781497
v -2.463871 0.646178 -1.634039
v -2.463871 0.592935 -1.918220
v -2.463871 0.554975 -2.060310
v -2.463871 0.368926 -2.486581
v -2.463871 0.271203 -2.770762
v -2.353848 -0.019647 4.191097
v -2.344558 -0.105552 3.893043
v -2.334655 -0.038703 3.603590
v -2.444072 0.003546 3.193506
v -2.332237 0.026699 3.186463
v -2.344247 0.128070 3.053183
v -2.327389 0.111450 2.899478
v -2.322177 0.125033 2.753581
v -2.337847 0.199820 2.477548
v -2.354319 0.230470 2.344403
v -2.354365 0.232767 2.202400
v -2.354365 0.283126 1.918220
v -2.354365 0.351627 1.491949
v -2.354365 0.332731 1.207768
v -2.354365 0.294613 1.065678
v -2.354365 0.301979 0.923587
v -2.463871 0.603097 0.071045
v -2.354365 0.728264 -0.213136
v -2.354365 0.733558 -0.497316
v -2.354365 0.863793 -0.923587
v -2.354365 0.946550 -1.207768
v -2.354365 0.904049 -1.349858
v -2.354365 0.816122 -1.491949
v -2.354365 0.425327 -2.486581
v -2.244714 -0.009459 4.191225
v -2.350479 -0.081789 4.046443
v -2.222915 -0.053962 3.733749
v -2.228030 -0.064101 3.449530
v -2.229114 -0.012221 3.314021
v -2.206334 0.118516 3.028347
v -2.219681 0.213628 2.901772
v -2.213680 0.216383 2.752888
v -2.203397 0.242357 2.461522
v -2.219027 0.286732 2.325327
v -2.244840 0.362214 2.202354
v -2.244860 0.398044 2.060310
v -2.244860 0.492318 1.349858
v -2.244860 0.390155 1.065678
v -2.244860 0.420060 0.781497
v -2.244860 0.502867 0.639407
v -2.244860 0.719176 0.071045
v -2.244860 0.766193 -0.213136
v -2.244860 0.810127 -0.355226
v -2.244860 0.930905 -0.781497
v -2.244860 1.006060 -0.923587
v -2.244860 1.018088 -1.207768
v -2.244860 0.807786 -1.634039
v -2.354365 0.700144 -1.776129
v -2.463871 0.094975 -3.197033
v -2.682881 0.014300 -3.339123
v -2.131140 -0.004517 4.190550
v -2.228253 -0.087634 3.889026
v -2.123846 -0.058053 3.432263
v -2.132084 -0.035857 3.282968
v -2.139169 0.064051 3.145834
v -2.123560 0.189863 3.018875
v -2.103312 0.271659 2.737953
v -2.076961 0.321270 2.446545
v -2.112684 0.448582 2.171990
v -2.135289 0.610092 2.059999
v -2.135354 0.653289 1.918219
v -2.244860 0.462918 1.634039
v -2.244860 0.506559 1.491949
v -2.244860 0.380416 0.923587
v -2.244860 0.562599 0.497316
v -2.244860 0.599680 0.355226
v -2.135355 0.812624 -0.355226
v -2.135355 1.069043 -1.065678
v -2.244860 0.976217 -1.349858
v -2.135355 0.838733 -1.634039
v -2.135355 0.796622 -1.776129
v -2.135355 0.767669 -2.060310
v -2.244860 0.634533 -2.202400
v -2.135355 0.356905 -2.770762
v -2.135355 0.258815 -3.054942
v -2.244860 0.153584 -3.197033
v -2.463871 0.000069 -3.765394
v -1.925053 0.073105 4.183185
v -2.033386 0.001947 3.870156
v -2.120801 -0.046739 3.576346
v -2.017797 0.035441 3.569559
v -2.017036 0.015793 3.422194
v -2.034697 0.010955 3.100397
v -2.092340 0.223822 2.883753
v -1.992823 0.383560 2.574887
v -2.089638 0.355822 2.301383
v -2.023613 0.641112 2.018171
v -2.025727 0.857073 1.917838
v -2.025849 0.878477 1.776128
v -2.025849 0.888436 1.634039
v -2.025849 0.891475 1.349858
v -2.135355 0.605432 1.207768
v -2.025849 0.614710 0.923587
v -2.025849 0.614975 0.781497
v -2.025849 0.749532 0.497316
v -2.135355 0.770155 0.071045
v -2.135355 0.779540 -0.071045
v -2.135355 0.783857 -0.213136
v -2.025849 0.763639 -0.355226
v -2.135355 1.037988 -0.923587
v -2.025849 1.059737 -1.207768
v -2.025849 1.022373 -1.349858
v -2.025849 0.949356 -1.491949
v -2.025849 0.902125 -1.634039
v -2.025849 0.861600 -2.060310
v -2.025849 0.336527 -3.054942
v -1.930432 0.117289 4.034750
v -1.931542 0.057368 3.715597
v -1.918838 -0.023073 3.407728
v -1.916746 -0.064170 3.235681
v -1.917090 -0.019049 3.073562
v -1.923216 0.068846 2.927697
v -2.006191 0.289475 2.708202
v -1.917500 0.483405 2.401967
v -1.900903 0.513816 2.265079
v -1.916944 0.520554 2.109609
v -1.916760 0.983156 1.772144
v -1.916344 1.025201 1.634039
v -1.916344 1.033449 1.349858
v -1.916344 0.960056 1.207768
v -1.916344 0.782834 0.781497
v -1.916344 0.867446 0.497316
v -1.916344 0.846243 0.355226
v -1.916344 0.856517 0.213136
v -1.916344 0.830189 0.071045
v -1.916344 0.745602 -0.355226
v -1.916344 0.842818 -0.639407
v -2.025849 1.048564 -1.065678
v -1.916344 0.985817 -1.491949
v -1.916344 0.986748 -1.634039
v -1.916344 1.003360 -1.776129
v -1.916344 0.989107 -1.918220
v -1.916344 0.845518 -2.202400
v -1.916344 0.742732 -2.344491
v -2.025849 0.561183 -2.486581
v -2.025849 0.486037 -2.628671
v -1.916344 0.443584 -3.054942
v -2.025849 0.190866 -3.339123
v -1.817554 0.101386 4.185066
v -1.822715 0.139993 3.893565
v -1.822991 0.104165 3.743733
v -1.924849 0.067152 3.564347
v -1.815728 0.001326 3.404778
v -1.789930 -0.032837 3.241739
v -1.775303 0.018338 3.080213
v -1.924646 0.382674 2.534699
v -1.835127 0.532286 2.255519
v -1.932743 0.794516 1.870761
v -1.821726 0.909377 1.741117
v -1.806840 1.060642 1.634031
v -1.806839 0.980417 1.065678
v -1.806839 0.923059 0.923587
v -1.806839 0.908963 0.781497
v -1.806839 0.957498 0.497316
v -1.806839 0.870856 0.213136
v -1.806839 0.819191 -0.071045
v -1.806839 0.779668 -0.355226
v -1.806839 0.836506 -0.639407
v -1.806839 0.931523 -0.923587
v -1.916344 0.998799 -1.207768
v -1.806839 0.975656 -1.349858
v -1.806839 1.061478 -1.776129
v -1.806839 1.007850 -1.918220
v -1.806839 0.745661 -2.486581
v -1.806839 0.598681 -2.912852
v -1.916344 0.105816 -3.623304
v -2.025849 0.030690 -3.765394
v -1.708766 0.131891 3.610650
v -1.701695 0.104062 3.442896
v -1.797489 0.080678 2.927663
v -1.809495 0.147227 2.785813
v -1.712966 0.288161 2.515668
v -1.854709 0.435280 2.378520
v -1.756774 0.534273 2.126976
v -1.736130 0.910011 1.616081
v -1.806839 1.036453 1.491949
v -1.806839 1.046069 1.207768
v -1.697333 1.098190 1.065678
v -1.697333 1.053381 0.923587
v -1.697333 0.972196 0.781497
v -1.697333 1.037460 0.497316
v -1.697333 0.875291 0.213136
v -1.697333 0.917643 -0.071045
v -1.697333 0.871756 -0.497316
v -1.697333 0.897258 -0.781497
v -1.697333 0.923361 -0.923587
v -1.697333 0.937098 -1.349858
v -1.806839 1.010594 -1.491949
v -1.697333 1.064316 -1.634039
v -1.697333 1.071642 -1.776129
v -1.806839 0.690221 -2.628671
v -1.806839 0.298772 -3.339123
v -1.806839 0.000954 -4.049575
v -1.593161 0.070086 4.192255
v -1.706217 0.099137 4.189532
v -1.707709 0.112950 3.761080
v -1.581993 0.197083 3.318722
v -1.680019 0.045119 3.272440
v -1.570511 0.231926 2.996492
v -1.586145 0.293992 2.538458
v -1.604564 0.332336 2.398326
v -1.630703 0.378825 2.260982
v -1.771552 0.540056 1.973942
v -1.852874 0.591929 1.965453
v -1.673862 0.721726 1.592528
v -1.726363 0.952386 1.480619
v -1.587828 1.003168 1.207768
v -1.587828 0.985740 0.781497
v -1.587828 0.990282 0.639407
v -1.587828 1.073037 0.497316
v -1.587828 1.050360 0.355226
v -1.697333 0.873033 0.071045
v -1.587828 0.974773 -0.639407
v -1.587828 0.964270 -0.923587
v -1.587828 0.963543 -1.491949
v -1.587828 1.044580 -1.634039
v -1.587828 1.035113 -1.918220
v -1.697333 0.999928 -1.918220
v -1.697333 0.907957 -2.060310
v -1.806839 0.779027 -2.344491
v -1.697333 0.724562 -2.628671
v -1.587828 0.733306 -2.912852
v -1.806839 0.517038 -3.054942
v -1.697333 0.180690 -3.623304
v -1.480448 0.034321 4.192806
v -1.479591 0.059166 3.908043
v -1.592700 0.163014 3.622487
v -1.478186 0.294362 3.338516
v -1.476526 0.333026 3.191564
v -1.469233 0.376142 2.875479
v -1.470801 0.423588 2.578622
v -1.475771 0.396971 2.432809
v -1.482821 0.379334 2.300335
v -1.507433 0.377333 2.165359
v -1.666660 0.405353 2.127699
v -1.580865 0.481888 1.724710
v -1.667909 0.791228 1.461690
v -1.550466 0.710759 1.321503
v -1.587828 1.088834 1.065678
v -1.587828 1.076746 0.923587
v -1.478322 1.163590 0.213136
v -1.478322 1.102284 0.071045
v -1.587828 1.027555 -0.213136
v -1.478322 1.166005 -0.355226
v -1.478322 1.142622 -0.639407
v -1.478322 1.062797 -0.923587
v -1.478322 0.963466 -1.349858
v -1.478322 0.977691 -1.491949
v -1.587828 1.099518 -1.776129
v -1.478322 1.113697 -1.918220
v -1.587828 0.721911 -2.628671
v -1.478322 0.737594 -2.912852
v -1.478322 0.684483 -3.054942
v -1.478322 0.435085 -3.339123
v -1.478322 0.011194 -4.049575
v -1.369173 0.007383 4.192060
v -1.478830 0.100958 3.765409
v -1.368821 0.265761 3.481213
v -1.368804 0.458155 3.054840
v -1.367423 0.511975 2.907245
v -1.369018 0.569725 2.459460
v -1.384469 0.388297 2.062760
v -1.402956 0.337831 1.914696
v -1.433014 0.408434 1.752672
v -1.437630 0.564162 1.313866
v -1.413437 0.691800 1.183880
v -1.368690 0.874831 1.065776
v -1.368816 0.900942 0.923588
v -1.478322 0.963482 0.639407
v -1.478322 1.052721 0.497316
v -1.368817 1.170362 0.355226
v -1.368817 1.272630 0.213136
v -1.368817 1.229179 -0.497316
v -1.368817 1.281273 -0.639407
v -1.368817 1.060382 -1.207768
v -1.368817 1.113428 -1.634039
v -1.368817 1.139765 -1.918220
v -1.478322 0.830559 -2.202400
v -1.368817 0.675737 -2.486581
v -1.368817 0.668986 -2.770762
v -1.368817 0.689448 -2.912852
v -1.368817 0.676191 -3.054942
v -1.368817 0.585882 -3.197033
v -1.478322 0.327321 -3.481214
v -1.478322 0.064810 -3.907485
v -1.368929 0.048395 3.907600
v -1.259312 0.268587 3.481214
v -1.259322 0.565027 2.912886
v -1.259776 0.716301 2.478339
v -1.263588 0.717243 2.331761
v -1.368194 0.447731 2.198913
v -1.258364 0.410561 1.949797
v -1.275560 0.427265 1.787336
v -1.306460 0.431558 1.621933
v -1.454311 0.451229 1.597362
v -1.445993 0.505210 1.457825
v -1.320263 0.532124 1.176956
v -1.262432 0.766542 1.064190
v -1.259312 0.932970 0.781497
v -1.259312 1.036563 0.639407
v -1.259312 1.083943 0.497316
v -1.259312 1.173716 0.355226
v -1.259312 1.198305 0.213136
v -1.368817 1.156739 -0.071045
v -1.259312 1.168374 -0.213136
v -1.259312 1.336551 -0.639407
v -1.259312 1.305166 -0.781497
v -1.368817 1.191350 -0.923587
v -1.259312 1.107016 -1.207768
v -1.368817 1.173528 -1.776129
v -1.259312 0.819459 -2.202400
v -1.368817 0.717733 -2.344491
v -1.259312 0.667683 -2.628671
v -1.259312 0.609823 -3.054942
v -0.821290 0.000000 4.191665
v -1.369199 0.015879 4.049957
v -1.259319 0.481401 3.054965
v -1.259335 0.612792 2.770623
v -1.149992 0.788279 2.486492
v -1.150699 0.892058 2.343417
v -1.153340 0.884931 2.203552
v -1.163085 0.686805 2.078702
v -1.138493 0.533938 1.971036
v -1.141546 0.465068 1.827387
v -1.159186 0.540944 1.648408
v -1.188437 0.406342 1.495202
v -1.215558 0.424905 1.191918
v -1.199909 0.546130 1.045594
v -1.148597 0.751748 0.924452
v -1.149806 1.088954 0.213136
v -1.149806 1.067039 -0.071045
v -1.149806 1.303163 -0.639407
v -1.149806 1.337900 -0.781497
v -1.149806 1.324448 -0.923587
v -1.149806 1.228920 -1.065678
v -1.149806 1.188698 -1.207768
v -1.149806 1.303699 -1.491949
v -1.259312 1.217504 -1.634039
v -1.149806 1.270118 -1.776129
v -1.259312 1.107590 -1.918220
v -1.149806 0.849563 -2.202400
v -1.149806 0.666716 -2.628671
v -1.259312 0.561274 -3.197033
v -1.149806 0.051763 3.907485
v -1.040301 0.323494 3.339123
v -1.040301 0.585066 2.770762
v -1.149853 0.676745 2.628751
v -1.040303 0.794012 2.486584
v -1.040333 0.928791 2.344522
v -1.040429 1.019266 2.203465
v -1.031742 0.903036 2.089772
v -1.016353 0.687165 1.994769
v -1.025777 0.538906 1.839169
v -1.038409 0.456212 1.689297
v -1.060333 0.415755 1.522897
v -1.087664 0.320296 1.369158
v -1.203626 0.375222 1.345109
v -1.110155 0.367825 1.047913
v -1.037761 0.579668 0.926312
v -1.149806 0.915287 0.639407
v -1.149806 1.051577 0.355226
v -1.040301 0.957407 0.213136
v -1.040301 1.008419 0.071045
v -1.040301 1.054908 -0.071045
v -1.149806 1.129396 -0.213136
v -1.040301 1.230852 -0.355226
v -1.040301 1.271149 -0.497316
v -1.040301 1.432342 -0.781497
v -1.040301 1.435364 -0.923587
v -1.040301 1.292035 -1.207768
v -1.040301 1.367178 -1.491949
v -1.040301 1.394451 -1.776129
v -1.040301 1.203185 -1.918220
v -1.040301 1.013886 -2.060310
v -1.040301 0.912052 -2.202400
v -1.040301 0.663419 -2.628671
v -1.149806 0.615318 -2.770762
v -1.149806 0.427627 -3.339123
v -1.259312 0.352944 -3.481214
v -1.149806 0.070914 -3.907485
v -1.806839 0.000000 -4.191665
v -0.930796 0.710230 2.628671
v -0.930796 0.772098 2.486581
v -0.921204 0.891271 2.099189
v -0.905922 0.832405 1.969521
v -0.922755 0.645708 1.805050
v -0.939540 0.357135 1.557716
v -0.963229 0.255823 1.404800
v -0.980067 0.249684 1.230359
v -0.987848 0.285807 1.056546
v -0.935876 0.434698 0.926734
v -0.924226 0.532899 0.787545
v -0.926539 0.604063 0.644460
v -0.930568 0.684887 0.356023
v -0.930796 0.927993 0.071045
v -0.930796 1.218952 -0.213136
v -0.930796 1.326212 -0.355226
v -0.930796 1.380375 -0.639407
v -0.930796 1.473066 -0.781497
v -0.930796 1.520142 -0.923587
v -0.930796 1.312413 -1.207768
v -0.930796 1.323129 -1.491949
v -0.930796 1.424180 -1.776129
v -0.930796 1.251055 -1.918220
v -0.930796 1.024871 -2.060310
v -1.040301 0.752757 -2.486581
v -0.930796 0.569647 -2.770762
v -0.930796 0.462434 -3.054942
v -0.930796 0.333134 -3.339123
v -1.259312 0.015439 -4.049575
v -0.821290 0.070380 3.907485
v -0.821290 0.335171 3.339123
v -0.930796 0.395743 3.054942
v -0.930796 0.471380 2.912852
v -0.821290 0.680043 2.628671
v -0.821290 0.932203 2.202400
v -0.821258 0.979520 2.060730
v -0.821792 0.691939 1.776276
v -0.818439 0.376385 1.564007
v -0.826955 0.270664 1.423682
v -0.840687 0.213596 1.256287
v -0.819706 0.608987 0.363685
v -0.821110 0.702350 0.215035
v -0.930796 1.049674 -0.071045
v -0.821290 1.217104 -0.213136
v -0.821290 1.358752 -0.355226
v -0.930796 1.328246 -0.497316
v -0.821290 1.382556 -0.781497
v -0.821290 1.408178 -0.923587
v -0.821290 1.219085 -1.207768
v -0.930796 1.416271 -1.634039
v -0.821290 1.004696 -2.060310
v -0.821290 0.919364 -2.202400
v -0.821290 0.787914 -2.486581
v -0.821290 0.583029 -2.770762
v -0.821290 0.380928 -3.197033
v -0.821290 0.210377 3.623304
v -0.711785 0.751969 2.344491
v -0.711785 0.839862 2.202400
v -0.711785 0.890732 2.060310
v -0.711785 0.794077 1.918220
v -0.711842 0.678946 1.776165
v -0.712325 0.610667 1.634423
v -0.704543 0.217774 1.276900
v -0.716578 0.235304 1.091676
v -0.815336 0.399490 0.931488
v -0.814060 0.547207 0.653306
v -0.711291 0.708067 0.220747
v -0.711785 0.995528 -0.071045
v -0.711785 1.133573 -0.213136
v -0.711785 1.358371 -0.497316
v -0.711785 1.373200 -0.639407
v -0.711785 1.336925 -0.781497
v -0.711785 1.177894 -1.065678
v -0.711785 1.111074 -1.349858
v -0.711785 1.152664 -1.634039
v -0.711785 1.147930 -1.776129
v -0.711785 1.106371 -1.918220
v -0.711785 0.959982 -2.202400
v -0.821290 0.875322 -2.344491
v -0.711785 0.655479 -2.770762
v -0.711785 0.397203 -3.197033
v -0.821290 0.239297 -3.481214
v -0.602279 0.517811 2.912852
v -0.711785 0.686604 2.628671
v -0.602279 0.765411 2.344491
v -0.602279 0.857186 2.060310
v -0.602279 0.709658 1.776129
v -0.602791 0.628574 1.492252
v -0.585021 0.431197 1.401069
v -0.575936 0.275851 1.285418
v -0.594034 0.212665 1.110091
v -0.600129 0.313244 0.929848
v -0.706561 0.566918 0.520495
v -0.600236 0.654132 0.375393
v -0.602285 0.897936 0.072002
v -0.602279 1.091113 -0.213136
v -0.602279 1.232082 -0.355226
v -0.602279 1.415162 -0.781497
v -0.602279 1.247545 -0.923587
v -0.602279 1.116398 -1.065678
v -0.602279 1.049232 -1.207768
v -0.602279 1.026372 -1.349858
v -0.602279 1.094967 -1.918220
v -0.602279 1.078339 -2.060310
v -0.602279 1.031134 -2.202400
v -0.602279 1.019985 -2.344491
v -0.602279 0.945659 -2.486581
v -0.602279 0.881460 -2.628671
v -0.602279 0.553647 -3.054942
v -0.711785 0.107525 -3.765394
v -0.492774 0.344125 3.481214
v -0.602279 0.376754 3.339123
v -0.602279 0.441122 3.054942
v -0.492774 0.787443 2.628671
v -0.602279 0.815570 2.202400
v -0.492774 0.904897 2.060310
v -0.492774 0.787228 1.634039
v -0.492806 0.712169 1.491967
v -0.462389 0.356949 1.280293
v -0.471236 0.243182 1.130305
v -0.491515 0.228558 0.944277
v -0.490031 0.333748 0.785309
v -0.492781 0.988456 0.071438
v -0.492774 1.113204 -0.213136
v -0.602279 1.392957 -0.497316
v -0.492774 1.608117 -0.639407
v -0.492774 1.528635 -0.781497
v -0.492774 1.292428 -0.923587
v -0.492774 1.012216 -1.207768
v -0.492774 0.947736 -1.349858
v -0.492774 0.902450 -1.634039
v -0.602279 1.064390 -1.776129
v -0.492774 0.991244 -1.918220
v -0.492774 0.973910 -2.060310
v -0.492774 1.001016 -2.344491
v -0.492774 0.973182 -2.486581
v -0.492774 0.950969 -2.628671
v -0.492774 0.607365 -3.054942
v -0.602279 0.237343 -3.481214
v -0.383269 0.364284 3.481214
v -0.383269 0.447161 3.339123
v -0.492774 0.568022 2.912852
v -0.383269 0.887360 2.628671
v -0.383269 0.905997 2.486581
v -0.383269 0.959683 2.060310
v -0.383269 0.949256 1.918220
v -0.383269 0.831987 1.634039
v -0.383269 0.767609 1.491949
v -0.493088 0.584886 1.350268
v -0.373604 0.165771 0.955986
v -0.392032 0.203226 0.766948
v -0.379346 0.358417 0.641714
v -0.489802 0.530346 0.516648
v -0.382866 0.674412 0.363085
v -0.383269 1.188567 -0.213136
v -0.383269 1.587193 -0.497316
v -0.383269 1.659263 -0.639407
v -0.383269 1.317035 -0.923587
v -0.383269 1.127026 -1.065678
v -0.383269 0.993710 -1.207768
v -0.383269 0.813320 -1.918220
v -0.383269 0.795483 -2.060310
v -0.383269 0.835454 -2.202400
v -0.383269 0.909945 -2.344491
v -0.383269 0.904368 -2.628671
v -0.383269 0.829070 -2.770762
v -0.492774 0.470202 -3.197033
v -0.383269 0.061818 -3.907485
v -0.492774 0.017751 -4.049575
v -0.930796 0.015261 4.049575
v -0.602279 0.077190 3.907485
v -0.273763 0.642452 3.054942
v -0.273763 0.889455 2.770762
v -0.273763 0.937438 2.628671
v -0.273763 0.903987 2.344491
v -0.273763 0.862153 1.634039
v -0.273724 0.673722 1.349841
v -0.246749 0.477239 1.265259
v -0.350661 0.253637 1.144736
v -0.225634 0.188563 0.980263
v -0.236202 0.140066 0.789251
v -0.254129 0.307107 0.612843
v -0.269241 0.469154 0.493577
v -0.383285 0.854256 0.215413
v -0.383270 1.008188 0.071128
v -0.383269 1.095452 -0.071045
v -0.273763 1.302036 -0.213136
v -0.273763 1.525247 -0.355226
v -0.273763 1.621799 -0.497316
v -0.383269 1.579403 -0.781497
v -0.273763 1.456982 -0.781497
v -0.383269 0.880122 -1.349858
v -0.383269 0.819520 -1.491949
v -0.273763 0.727788 -1.776129
v -0.273763 0.696763 -2.060310
v -0.273763 0.762265 -2.202400
v -0.273763 0.891998 -2.344491
v -0.383269 0.938051 -2.486581
v -0.383269 0.718665 -2.912852
v -0.383269 0.277645 -3.481214
v -0.273763 0.454639 3.339123
v -0.164258 0.810113 2.912852
v -0.164258 0.895543 2.770762
v -0.164258 0.928183 2.628671
v -0.164258 0.884789 2.486581
v -0.164258 0.942483 2.202400
v -0.273763 0.965791 2.060310
v -0.164258 1.031960 1.918220
v -0.164258 1.016916 1.776129
v -0.164258 0.935476 1.634039
v -0.164250 0.695087 1.349854
v -0.088514 0.182188 0.786557
v -0.111082 0.290687 0.572487
v -0.157828 0.536749 0.490697
v -0.164258 1.200686 0.071045
v -0.164258 1.227422 -0.071045
v -0.164258 1.302745 -0.213136
v -0.164258 1.484190 -0.355226
v -0.164258 1.510219 -0.497316
v -0.273763 1.033934 -1.065678
v -0.164258 0.884804 -1.207768
v -0.164258 0.820364 -1.349858
v -0.164258 0.695835 -2.060310
v -0.164258 0.774337 -2.202400
v -0.164258 0.919783 -2.344491
v -0.164258 0.967888 -2.486581
v -0.164258 0.444869 -3.197033
v -0.164258 0.236442 3.623304
v -0.164258 0.572084 3.197033
v -0.054753 0.843007 2.628671
v -0.054753 0.885708 2.344491
v -0.054753 1.181407 1.918220
v -0.054753 1.157220 1.776129
v -0.155303 0.559413 1.224530
v -0.005819 0.424901 1.120963
v -0.090475 0.238320 0.981442
v -0.048230 0.638986 0.492664
v -0.054746 1.130071 0.213132
v -0.054753 1.260448 0.071045
v -0.054753 1.246893 -0.213136
v -0.054753 1.289603 -0.355226
v -0.054753 1.200117 -0.639407
v -0.054753 1.108224 -0.781497
v -0.054753 0.966927 -0.923587
v -0.054753 0.844872 -1.349858
v -0.054753 0.737431 -1.918220
v -0.054753 0.803391 -2.202400
v -0.054753 0.888300 -2.344491
v -0.054753 0.887773 -2.486581
v -0.164258 0.823669 -2.770762
v -0.164258 0.724523 -2.912852
v -0.164258 0.114702 -3.765394
v -0.164258 0.014852 -4.049575
v 0.054753 0.264249 3.481214
v 0.054753 0.355245 3.339123
v 0.054753 0.652567 3.054942
v 0.054753 0.753138 2.912852
v 0.054753 0.796283 2.628671
v 0.054753 0.829909 2.486581
v 0.054753 0.888024 2.344491
v -0.054753 0.963949 2.202400
v -0.054753 1.103434 2.060310
v 0.054753 1.290319 1.776129
v -0.054753 0.917333 1.491949
v 0.084279 0.576839 1.092396
v 0.138997 0.443444 0.967915
v 0.154803 0.384495 0.797362
v 0.124540 0.431386 0.570670
v 0.066035 0.705871 0.487558
v 0.054804 1.161976 0.213105
v 0.054753 1.228942 0.071045
v 0.054753 1.237482 -0.071045
v 0.054753 1.157363 -0.355226
v 0.054753 1.065854 -0.639407
v 0.054753 1.039512 -0.781497
v 0.054753 1.005100 -0.923587
v 0.054753 0.893149 -1.349858
v -0.054753 0.701530 -1.634039
v -0.054753 0.699746 -1.776129
v 0.054753 0.827671 -2.060310
v 0.054753 0.815313 -2.344491
v 0.054753 0.535323 -2.912852
v 0.054753 0.334722 -3.197033
v 0.164258 0.660751 3.054942
v 0.164258 0.773917 2.912852
v 0.164258 0.806888 2.628671
v 0.164258 0.922740 2.344491
v 0.054753 1.261968 1.918220
v 0.164258 1.358909 1.634039
v 0.164258 1.212993 1.491949
v 0.164258 1.011767 1.349858
v 0.054888 0.734374 1.207686
v 0.233211 0.577562 0.978678
v 0.257596 0.477930 0.824811
v 0.236569 0.481591 0.630323
v 0.191002 0.652372 0.463878
v 0.056272 0.993103 0.354255
v 0.164844 1.032398 0.212743
v 0.164258 1.196819 -0.071045
v 0.164258 1.136000 -0.355226
v 0.164258 1.005657 -0.639407
v 0.164258 1.033562 -0.781497
v 0.164258 1.085633 -0.923587
v 0.164258 1.117867 -1.065678
v 0.054753 0.963890 -1.207768
v 0.164258 1.027619 -1.349858
v 0.164258 0.833719 -1.491949
v 0.164258 0.708155 -1.634039
v 0.164258 0.694787 -1.776129
v 0.164258 0.727221 -1.918220
v 0.164258 0.806308 -2.060310
v 0.054753 0.655977 -2.628671
v 0.054753 0.264156 -3.339123
v 0.164258 0.097578 -3.623304
v 0.164258 0.348932 3.339123
v 0.164258 0.849420 2.486581
v 0.273763 1.004982 2.344491
v 0.164258 1.392466 1.776129
v 0.273763 1.093750 1.349858
v 0.273763 1.019888 1.207768
v 0.168291 0.767406 1.067665
v 0.334907 0.712685 0.992994
v 0.357089 0.570444 0.847663
v 0.349406 0.499852 0.662607
v 0.317741 0.473776 0.427789
v 0.279401 0.762778 0.343970
v 0.273763 1.148722 -0.071045
v 0.273763 1.189653 -0.355226
v 0.164258 1.053546 -0.497316
v 0.273763 1.042487 -0.781497
v 0.273763 1.176147 -0.923587
v 0.273763 1.272148 -1.065678
v 0.273763 1.336241 -1.207768
v 0.273763 1.197832 -1.349858
v 0.273763 0.900182 -1.491949
v 0.273763 0.717373 -1.634039
v 0.164258 0.810332 -2.202400
v 0.273763 0.695719 -2.344491
v 0.164258 0.060559 3.907485
v 0.273763 0.371780 3.339123
v 0.273763 0.522104 3.197033
v 0.383269 0.802377 3.054942
v 0.383269 0.953049 2.912852
v 0.383269 1.001941 2.770762
v 0.383269 0.969626 2.628671
v 0.383269 1.019583 2.486581
v 0.383269 1.369472 2.060310
v 0.383269 1.578295 1.776129
v 0.383269 1.502835 1.634039
v 0.383269 1.165004 1.349858
v 0.383299 1.092669 1.065657
v 0.416353 0.866480 0.967294
v 0.455177 0.699338 0.877061
v 0.458122 0.566520 0.712948
v 0.435926 0.538593 0.495557
v 0.390766 0.746966 0.344618
v 0.275457 0.914640 0.211771
v 0.273763 1.201116 -0.213136
v 0.383269 1.180626 -0.355226
v 0.383269 1.072398 -0.497316
v 0.383269 1.017511 -0.639407
v 0.383269 1.057989 -0.781497
v 0.383269 1.284371 -1.065678
v 0.383269 1.357380 -1.207768
v 0.383269 1.303306 -1.349858
v 0.383269 0.739467 -1.634039
v 0.383269 0.623314 -1.776129
v 0.383269 0.593441 -1.918220
v 0.383269 0.643048 -2.060310
v 0.383269 0.643258 -2.202400
v 0.273763 0.569854 -2.628671
v 0.273763 0.481137 -2.770762
v 0.273763 0.280089 -3.054942
v 0.273763 0.213561 -3.197033
v 0.273763 0.113743 -3.481214
v 0.273763 0.029610 -3.765394
v 0.164258 0.198569 3.623304
v 0.492774 0.839510 3.054942
v 0.492774 0.976109 2.912852
v 0.492774 1.196775 2.344491
v 0.492774 1.427807 2.060310
v 0.492774 1.696772 1.776129
v 0.492774 1.318600 1.349858
v 0.383269 1.139392 1.207768
v 0.493350 1.146966 0.924308
v 0.547033 0.813150 0.885160
v 0.547193 0.656241 0.760625
v 0.532610 0.619936 0.547034
v 0.506082 0.759071 0.352503
v 0.492798 1.131654 -0.071139
v 0.492774 1.214194 -0.213136
v 0.492774 1.250177 -0.355226
v 0.492774 1.167563 -0.497316
v 0.492774 1.155004 -0.781497
v 0.492774 1.349714 -1.349858
v 0.492774 1.075585 -1.491949
v 0.492774 0.827618 -1.634039
v 0.492774 0.676266 -1.776129
v 0.492774 0.594067 -1.918220
v 0.492774 0.604580 -2.060310
v 0.492774 0.586061 -2.202400
v 0.492774 0.521257 -2.486581
v 0.492774 0.232192 3.623304
v 0.602279 0.674859 3.197033
v 0.492774 1.025937 2.628671
v 0.602279 1.384128 2.060310
v 0.602279 1.727043 1.776129
v 0.602279 1.722241 1.634039
v 0.602279 1.402755 1.349858
v 0.602279 1.373957 1.207768
v 0.602279 1.425694 1.065678
v 0.602280 1.319508 0.923586
v 0.604594 0.956359 0.923974
v 0.612624 0.729539 0.857526
v 0.624964 0.648233 0.613439
v 0.604402 0.845413 0.206417
v 0.602934 0.997015 0.068297
v 0.602279 1.239739 -0.213136
v 0.492774 1.123218 -0.639407
v 0.492774 1.403605 -1.065678
v 0.602279 1.524026 -1.065678
v 0.602279 1.438708 -1.207768
v 0.602279 1.344370 -1.349858
v 0.602279 1.175873 -1.491949
v 0.602279 0.985228 -1.634039
v 0.602279 0.513239 -2.486581
v 0.492774 0.275497 -2.912852
v 0.602279 0.192619 -3.054942
v 0.492774 0.071288 -3.481214
v 0.273763 0.002957 -4.049575
v 0.711785 0.792737 3.054942
v 0.602279 0.918834 2.912852
v 0.711785 1.179995 2.344491
v 0.711785 1.254169 2.202400
v 0.711785 1.436322 1.918220
v 0.711785 1.568905 1.776129
v 0.711785 1.626079 1.634039
v 0.711785 1.500442 1.491949
v 0.711785 1.415600 1.349858
v 0.711785 1.484756 1.065678
v 0.711470 1.393998 0.925206
v 0.703209 1.072776 0.895734
v 0.674224 0.768945 0.935648
v 0.702402 0.661477 0.646972
v 0.616176 0.731518 0.366380
v 0.602279 1.357050 -0.355226
v 0.711785 1.478473 -0.497316
v 0.711785 1.420688 -0.639407
v 0.711785 1.469046 -0.781497
v 0.711785 1.567090 -0.923587
v 0.711785 1.575468 -1.065678
v 0.711785 1.435346 -1.207768
v 0.711785 1.250824 -1.491949
v 0.711785 1.153853 -1.634039
v 0.602279 0.688745 -1.918220
v 0.711785 0.790093 -2.060310
v 0.602279 0.653648 -2.060310
v 0.602279 0.601813 -2.202400
v 0.602279 0.435170 -2.628671
v 0.492774 0.016696 -3.765394
v 1.587828 0.000000 4.191665
v 0.711785 0.073204 3.907485
v 0.602279 0.355510 3.481214
v 0.602279 0.488134 3.339123
v 0.711785 0.663000 3.197033
v 0.711785 0.878893 2.912852
v 0.711785 0.983956 2.628671
v 0.821290 1.260857 2.202400
v 0.821290 1.327681 1.918220
v 0.821290 1.343573 1.776129
v 0.821290 1.350223 1.634039
v 0.821290 1.307620 1.491949
v 0.810294 1.315591 0.952850
v 0.806456 1.071793 0.825426
v 0.757043 0.689267 0.941232
v 0.806114 0.709341 0.377139
v 0.821129 0.899761 0.204137
v 0.821290 1.404330 -0.213136
v 0.821290 1.554821 -0.355226
v 0.821290 1.563888 -0.497316
v 0.821290 1.477387 -0.639407
v 0.821290 1.512047 -0.923587
v 0.821290 1.495999 -1.065678
v 0.821290 1.214547 -1.491949
v 0.821290 1.205414 -1.634039
v 0.821290 1.211445 -1.776129
v 0.821290 1.116009 -1.918220
v 0.821290 0.745803 -2.344491
v 0.711785 0.564347 -2.486581
v 0.821290 0.203102 -3.054942
v 0.930796 0.689322 3.054942
v 0.930796 0.736665 2.912852
v 0.930796 1.070952 2.344491
v 0.930796 1.194773 2.202400
v 0.930796 1.233072 2.060310
v 0.930796 1.139170 1.776129
v 0.930796 1.144749 1.634039
v 0.930796 1.179698 1.349858
v 0.821290 1.372829 1.207768
v 0.821290 1.424030 1.065678
v 0.913820 1.136951 0.955164
v 0.900987 0.901903 0.875171
v 0.853796 0.604549 0.881716
v 0.782622 0.630599 0.637949
v 0.908670 0.704025 0.349248
v 0.821286 1.076614 0.067717
v 0.930789 1.318259 -0.071101
v 0.930796 1.539704 -0.355226
v 0.930796 1.529997 -0.497316
v 0.930796 1.544292 -0.923587
v 0.930796 1.347862 -1.207768
v 0.930796 1.271114 -1.349858
v 0.930796 1.230178 -1.634039
v 0.930796 1.284521 -1.776129
v 0.930796 1.252569 -1.918220
v 0.930796 1.087743 -2.060310
v 0.930796 0.979435 -2.202400
v 0.930796 0.732878 -2.486581
v 0.821290 0.387792 -2.770762
v 0.164258 0.015352 4.049575
v 0.930796 0.620815 3.197033
v 1.040301 0.723828 2.770762
v 1.040301 0.789691 2.628671
v 1.040301 0.915960 2.486581
v 1.040301 1.088662 2.202400
v 1.040301 1.107409 2.060310
v 1.040301 1.061856 1.918220
v 1.040301 1.051530 1.776129
v 1.040301 1.121529 1.349858
v 1.040301 1.162903 1.207768
v 1.001779 0.792069 0.867161
v 0.953648 0.543212 0.742030
v 0.963667 0.542186 0.540146
v 1.012662 0.719266 0.331367
v 1.040299 1.376502 -0.071052
v 1.040301 1.585483 -0.355226
v 1.040301 1.512784 -0.639407
v 1.040301 1.512904 -0.781497
v 1.040301 1.203762 -1.349858
v 1.040301 1.238329 -1.776129
v 1.040301 0.991266 -2.060310
v 1.040301 0.805137 -2.486581
v 1.040301 0.636263 -2.628671
v 0.821290 0.276596 -2.912852
v 1.040301 0.219801 -3.197033
v -0.054753 0.000000 -4.191665
v 0.930796 0.154928 3.765394
v 1.149806 0.592764 3.054942
v 1.149806 0.895351 2.486581
v 1.149806 1.043425 2.202400
v 1.149806 1.016726 1.918220
v 1.149806 1.073468 1.634039
v 1.149806 1.106276 1.491949
v 1.149806 1.065963 1.349858
v 1.149804 1.037837 1.065674
v 1.149174 0.914939 0.922576
v 1.105171 0.736111 0.830717
v 1.048892 0.471576 0.697045
v 1.056297 0.454304 0.480217
v 1.124146 0.738889 0.322610
v 1.037347 0.944060 0.204203
v 1.040301 1.503260 -0.213136
v 1.149806 1.672010 -0.355226
v 1.149806 1.512455 -0.639407
v 1.040301 1.465701 -0.923587
v 1.040301 1.262738 -1.207768
v 1.149806 0.845274 -2.202400
v 1.040301 0.907586 -2.344491
v 1.149806 0.788314 -2.486581
v 1.149806 0.643629 -2.628671
v 1.040301 0.171629 -3.339123
v 1.149806 0.480653 3.339123
v 1.149806 0.551601 3.197033
v 1.149806 0.791065 2.628671
v 1.259312 0.829282 2.628671
v 1.259312 0.916145 2.486581
v 1.259312 1.034160 2.202400
v 1.149806 1.038403 2.060310
v 1.259312 1.051202 1.918220
v 1.259312 1.048725 1.491949
v 1.149806 1.062205 1.207768
v 1.259272 0.899540 1.065621
v 1.255485 0.799351 0.924633
v 1.158365 0.571561 0.904374
v 1.140974 0.407467 0.678261
v 1.173062 0.459294 0.433986
v 1.258594 1.079907 0.069762
v 1.149806 1.374224 -0.071046
v 1.259312 1.678890 -0.355226
v 1.259312 1.575183 -0.497316
v 1.259312 1.317165 -0.781497
v 1.259312 1.021875 -1.207768
v 1.259312 0.977273 -1.349858
v 1.259312 0.975399 -1.634039
v 1.259312 0.939097 -1.776129
v 1.259312 0.800735 -1.918220
v 1.259312 0.705916 -2.060310
v 1.259312 0.741489 -2.202400
v 1.259312 0.831306 -2.344491
v 1.259312 0.815921 -2.486581
v 1.259312 0.596011 -2.770762
v 1.040301 0.518951 -2.770762
v 0.930796 0.048607 -3.765394
v 1.368817 0.495735 3.339123
v 1.368817 0.585551 3.197033
v 1.368817 0.815055 2.770762
v 1.368817 1.077585 2.060310
v 1.368817 1.110188 1.918220
v 1.368817 1.088789 1.776129
v 1.368817 1.025666 1.634039
v 1.259312 0.963083 1.349858
v 1.368817 0.830604 1.349858
v 1.368817 0.748772 1.207768
v 1.368660 0.712621 1.065474
v 1.316602 0.573163 0.975350
v 1.229002 0.406510 0.884242
v 1.241138 0.352419 0.647128
v 1.303342 0.501666 0.398252
v 1.238587 0.757675 0.321259
v 1.368392 1.095053 0.070403
v 1.368817 1.250561 -0.071045
v 1.259312 1.590710 -0.213136
v 1.368817 1.612160 -0.355226
v 1.368817 1.400933 -0.639407
v 1.368817 1.281113 -0.781497
v 1.368817 1.094446 -1.065678
v 1.368817 0.959874 -1.349858
v 1.368817 0.880211 -1.776129
v 1.368817 0.688289 -2.202400
v 1.368817 0.842124 -2.486581
v 1.368817 0.789786 -2.628671
v 1.368817 0.577633 -2.912852
v 1.259312 0.294287 -3.197033
v 1.368817 0.176773 -3.481214
v 1.478322 0.232225 3.623304
v 1.478322 0.577040 3.197033
v 1.478322 0.813059 2.770762
v 1.368817 0.848889 2.486581
v 1.368817 0.912110 2.344491
v 1.478322 1.070994 2.060310
v 1.478322 0.860868 1.491949
v 1.478322 0.615890 1.207768
v 1.474061 0.552307 1.073077
v 1.381912 0.352865 1.026568
v 1.339790 0.254989 0.820564
v 1.347741 0.277675 0.588694
v 1.364833 0.952650 0.207294
v 1.478322 1.206475 -0.071045
v 1.478322 1.357091 -0.213136
v 1.478322 1.464543 -0.355226
v 1.368817 1.522513 -0.497316
v 1.478322 1.396460 -0.639407
v 1.478322 1.333461 -0.781497
v 1.478322 1.282168 -0.923587
v 1.478322 1.031128 -1.349858
v 1.368817 0.761931 -1.918220
v 1.368817 0.669904 -2.060310
v 1.478322 0.744295 -2.344491
v 1.478322 0.735965 -2.770762
v 1.478322 0.624501 -2.912852
v 0.930796 0.005057 -4.049575
v 1.587828 0.206265 3.623304
v 1.478322 0.479526 3.339123
v 1.587828 0.716043 2.486581
v 1.478322 1.103727 1.918220
v 1.587828 1.005663 1.776129
v 1.587828 0.722611 1.349858
v 1.587827 0.563345 1.207767
v 1.578077 0.453972 1.097244
v 1.470041 0.175015 0.790233
v 1.461169 0.224273 0.548428
v 1.418300 0.513061 0.388982
v 1.571241 0.804973 0.321591
v 1.586892 1.107760 0.212012
v 1.587828 1.227101 -0.071045
v 1.587828 1.402248 -0.497316
v 1.587828 1.399129 -0.781497
v 1.587828 1.404645 -0.923587
v 1.587828 1.307264 -1.065678
v 1.587828 1.202679 -1.207768
v 1.478322 1.077662 -1.207768
v 1.587828 1.090760 -1.634039
v 1.587828 0.958429 -1.918220
v 1.587828 0.811715 -2.060310
v 1.587828 0.736636 -2.202400
v 1.587828 0.724328 -2.486581
v 1.587828 0.659380 -2.770762
v 1.587828 0.331911 -3.339123
v 1.478322 0.206635 -3.481214
v 1.587828 0.007412 4.049575
v 1.478322 0.062049 3.907485
v 1.587828 0.438703 3.339123
v 1.587828 0.705334 2.912852
v 1.587828 0.748535 2.770762
v 1.587828 0.766965 2.344491
v 1.587828 0.898327 2.202400
v 1.587828 1.010330 2.060310
v 1.697333 0.868477 1.634039
v 1.697333 0.828364 1.491949
v 1.691480 0.447819 1.103632
v 1.636255 0.221311 1.035940
v 1.589903 0.270122 0.553124
v 1.640561 0.496285 0.424683
v 1.681769 0.739017 0.336337
v 1.696019 0.987941 0.211840
v 1.697333 1.194487 -0.071045
v 1.697333 1.311894 -0.213136
v 1.697333 1.359954 -0.355226
v 1.697333 1.298419 -0.497316
v 1.697333 1.313780 -0.781497
v 1.697333 1.353806 -0.923587
v 1.697333 1.311914 -1.065678
v 1.697333 1.250721 -1.207768
v 1.697333 1.238842 -1.349858
v 1.697333 1.193071 -1.491949
v 1.697333 1.056416 -1.776129
v 1.587828 1.057155 -1.776129
v 1.697333 0.702248 -2.344491
v 1.697333 0.643364 -2.486581
v 1.697333 0.537711 -2.912852
v 1.587828 0.544929 -3.054942
v 1.697333 0.324263 -3.339123
v 1.478322 0.068597 -3.765394
v 1.040301 0.024399 -3.907485
v 1.697333 0.168324 3.623304
v 1.806839 0.302606 3.339123
v 1.806839 0.702965 2.486581
v 1.806839 0.869487 2.202400
v 1.806839 0.935193 2.060310
v 1.806839 0.962096 1.918220
v 1.806839 0.925055 1.776129
v 1.697333 0.740239 1.349858
v 1.806817 0.633022 1.207757
v 1.803863 0.504022 1.073461
v 1.745378 0.241075 0.999381
v 1.710652 0.148293 0.790986
v 1.708596 0.228004 0.597122
v 1.794812 0.613251 0.346547
v 1.806839 1.140812 -0.213136
v 1.806839 1.197012 -0.355226
v 1.697333 1.282108 -0.639407
v 1.806839 1.218491 -1.349858
v 1.806839 0.956425 -1.918220
v 1.806839 0.804038 -2.202400
v 1.806839 0.601485 -2.486581
v 1.806839 0.070867 -3.765394
v 1.806839 0.567043 3.054942
v 1.916344 0.565248 2.912852
v 1.806839 0.678771 2.770762
v 1.806839 0.681288 2.628671
v 1.916344 0.873790 2.060310
v 1.916344 0.940388 1.918220
v 1.916344 0.983114 1.776129
v 1.916344 0.931407 1.634039
v 1.916344 0.827121 1.491949
v 1.914275 0.475375 1.064939
v 1.841956 0.224410 0.979441
v 1.905591 0.472820 0.349993
v 1.913946 0.631085 0.211839
v 1.697330 1.152989 0.071042
v 1.916344 0.912084 -0.639407
v 1.916344 0.965162 -0.781497
v 1.806839 1.228812 -0.923587
v 1.806839 1.252728 -1.065678
v 1.806839 1.135877 -1.491949
v 1.806839 1.100196 -1.634039
v 1.806839 0.899570 -2.060310
v 1.916344 0.772408 -2.202400
v 1.806839 0.551192 -2.628671
v 1.806839 0.472181 -2.912852
v 1.806839 0.337648 -3.197033
v 1.806839 0.234762 -3.481214
v 2.025849 0.254247 3.197033
v 1.916344 0.661721 2.486581
v 2.025849 0.781617 2.060310
v 2.025849 0.968701 1.776129
v 2.025849 0.927378 1.634039
v 1.916344 0.711360 1.349858
v 2.022186 0.394965 1.066471
v 1.940769 0.149661 1.002717
v 1.932009 0.087334 0.811807
v 1.942970 0.116510 0.637737
v 2.023711 0.499892 0.212358
v 1.806839 1.055926 -0.071045
v 1.916344 0.920796 -0.213136
v 2.025849 0.741691 -0.355226
v 2.025849 0.767885 -0.639407
v 2.025849 1.041436 -1.207768
v 1.916344 0.830382 -2.060310
v 2.025849 0.419943 -2.912852
v 1.916344 0.199202 -3.481214
v 1.916344 0.149886 3.481214
v 2.135355 0.347027 2.912852
v 2.025849 0.499467 2.770762
v 2.025849 0.521444 2.628671
v 2.135355 0.887910 1.776129
v 2.135355 0.845689 1.634039
v 2.135355 0.736667 1.491949
v 2.107891 0.172982 0.491237
v 1.982104 0.256829 0.485029
v 2.135320 0.482636 0.071037
v 2.135355 0.584592 -0.213136
v 2.135355 0.601053 -0.497316
v 2.135355 0.646586 -0.639407
v 2.135355 0.783560 -0.923587
v 2.025849 1.034263 -1.349858
v 2.025849 0.988080 -1.491949
v 1.916344 0.905609 -1.776129
v 2.025849 0.687990 -2.202400
v 2.025849 0.563364 -2.486581
v 2.025849 0.045903 -3.765394
v 2.025849 0.009717 -3.907485
v 2.244860 0.262101 2.912852
v 2.244860 0.480836 2.344491
v 2.244860 0.709340 1.918220
v 2.244860 0.750055 1.776129
v 2.238946 0.296185 1.067111
v 2.089446 0.199358 0.949386
v 2.175672 0.020356 0.808853
v 2.192194 0.045436 0.646292
v 2.220270 0.087857 0.489355
v 2.243456 0.286766 0.212888
v 2.244860 0.435871 -0.071045
v 2.244860 0.476021 -0.213136
v 2.244860 0.512138 -0.497316
v 2.244860 0.703372 -1.065678
v 2.244860 0.751636 -1.349858
v 2.135355 0.815902 -1.634039
v 2.025849 0.625779 -2.344491
v 2.135355 0.470510 -2.628671
v 2.135355 0.260958 -3.197033
v 1.806839 0.000870 -4.049575
v 1.916344 0.050010 3.765394
v 2.354365 0.305693 2.628671
v 2.354365 0.581169 1.918220
v 2.354365 0.595939 1.776129
v 2.244860 0.528194 1.349858
v 2.343146 0.178526 1.069568
v 2.234450 0.199241 0.352146
v 2.354365 0.457865 -0.497316
v 2.354365 0.638436 -1.491949
v 2.244860 0.574779 -1.918220
v 2.244860 0.176426 -3.339123
v 2.354365 0.035949 -3.623304
v 2.244860 0.078980 3.339123
v 2.354365 0.198897 2.912852
v 2.463871 0.373664 2.060310
v 2.463871 0.403996 1.776129
v 2.244860 0.622978 1.491949
v 2.302527 0.028759 0.948296
v 2.411168 -0.052704 0.953811
v 2.294408 -0.029389 0.803185
v 2.442571 -0.016208 0.635417
v 2.332390 0.054393 0.490985
v 2.354361 0.296841 0.071045
v 2.354365 0.390093 -0.071045
v 2.354365 0.624322 -1.065678
v 2.463871 0.580360 -1.349858
v 2.463871 0.502443 -1.634039
v 2.354365 0.465223 -2.202400
v 2.463871 0.082332 -3.339123
v 2.354365 0.006455 -3.765394
v 2.463871 0.004905 3.623304
v 2.463871 0.304967 2.344491
v 2.573376 0.267918 1.918220
v 2.573376 0.236718 1.634039
v 2.573376 0.196826 1.491949
v 2.462825 0.162922 1.207766
v 2.531880 -0.105408 0.945291
v 2.459667 0.150984 0.354777
v 2.573376 0.366039 -0.213136
v 2.573376 0.384668 -0.497316
v 2.573376 0.430658 -0.781497
v 2.573376 0.531039 -1.065678
v 2.573376 0.395274 -1.776129
v 2.573376 0.393513 -2.060310
v 2.463871 0.304883 -2.486581
v 2.354365 0.183271 -3.054942
v 2.463871 0.000153 -3.765394
v 2.682806 0.022129 3.196972
v 2.682803 0.139446 2.628630
v 2.682838 0.187005 2.060309
v 2.567928 0.056900 1.211151
v 2.538785 -0.062964 1.086334
v 2.647290 -0.130912 1.091190
v 2.556226 -0.051986 0.636505
v 2.564498 0.056831 0.496183
v 2.682881 0.237868 0.071045
v 2.682881 0.289208 -0.071045
v 2.682881 0.353073 -0.781497
v 2.682881 0.388565 -1.491949
v 2.682881 0.300445 -2.202400
v 1.697333 0.000000 -4.191665
v 2.901891 -0.026378 4.191664
v 2.682881 -0.000801 4.191665
v 2.682837 -0.001683 3.481169
v 2.682806 0.078284 2.912807
v 2.682881 0.142041 1.634039
v 2.790386 0.030303 1.493812
v 2.773319 -0.132195 1.228082
v 2.770101 -0.156091 1.083059
v 2.670661 -0.071653 0.780970
v 2.791928 0.093300 0.355206
v 2.682881 0.314357 -0.213136
v 2.792387 0.243292 -0.497316
v 2.682881 0.483514 -1.207768
v 2.682881 0.453469 -1.349858
v 2.682881 0.309146 -2.060310
v 2.792387 0.101558 -2.628671
v 2.682881 0.038287 -3.197033
v 2.901150 -0.035864 3.338484
v 2.899292 0.019929 2.627047
v 2.900363 0.048412 2.059246
v 2.901877 0.036079 1.776573
v 2.900909 -0.021507 1.494834
v 2.892320 -0.141672 1.221883
v 2.895217 -0.142549 1.071009
v 2.898963 -0.027915 0.781065
v 2.901186 0.119167 0.070786
v 2.792386 0.214598 -0.071045
v 2.901892 0.149268 -0.781497
v 2.901892 0.175712 -1.065678
v 2.792387 0.288525 -1.491949
v 2.682881 0.311032 -1.776129
v 2.901892 0.101696 -2.202400
v 2.901892 0.085652 -2.344491
v 3.120903 0.000000 -4.049575
v 3.008904 -0.017151 2.769078
v 3.010351 0.012344 2.058165
v 3.012503 -0.035422 1.494152
v 2.900558 0.036203 0.496850
v 3.010761 0.072731 -0.213348
v 3.011397 0.078484 -1.065678
v 3.011397 0.073447 -1.491949
v 3.011397 0.017565 -2.486581
v 3.011397 0.009363 -2.628671
v 2.792387 0.001765 -3.339123
v 3.230408 -0.006223 4.191665
v 3.011313 -0.046892 3.907403
v 3.119606 -0.029591 3.053965
v 3.121478 -0.000773 2.056817
v 3.123787 0.000839 1.773818
v 3.010942 -0.097901 1.211391
v 3.010832 -0.105817 1.068130
v 3.122779 -0.076350 0.922665
v 3.010720 -0.053117 0.779892
v 3.119709 0.021531 -0.213538
v 3.120903 0.019811 -1.065678
v 3.120903 0.012549 -1.634039
v 3.120903 0.000000 -4.191665
v 3.230395 -0.013093 3.907470
v 3.230284 -0.011348 3.481094
v 3.229822 -0.015426 3.054509
v 3.229750 -0.018460 2.484892
v 3.234944 0.012652 1.912655
v 3.235826 0.014424 1.771208
v 3.236091 0.010453 1.630345
v 3.235259 -0.025661 1.207312
v 3.233740 -0.056327 0.921442
v 3.229984 -0.068000 0.635848
v 3.226891 -0.044675 0.211209
v 3.229419 -0.008798 -0.213468
v 3.230326 -0.000714 -0.355253
v 3.230408 0.000000 -2.202400
v 3.230408 0.000000 -4.049575
v 3.230408 0.000000 -4.191665
vt 0.004644 0.010970
vt 0.004854 0.027816
vt 0.021701 0.027608
vt 0.021490 0.010760
vt 0.021490 0.010760
vt 0.357395 0.003090
vt 0.491559 0.017579
vt 0.624687 0.017106
vt 0.524710 0.000425
vt 0.708074 0.018762
vt 0.725121 0.002355
vt 0.992170 0.002830
vt 0.021701 0.027608
vt 0.021701 0.027608
vt 0.424663 0.018646
vt 0.491832 0.034453
vt 0.541674 0.033786
vt 0.641056 0.034378
vt 0.741215 0.036408
vt 0.089401 0.043584
vt 0.190802 0.041375
vt 0.308466 0.054437
vt 0.475458 0.052019
vt 0.574914 0.050903
vt 0.640753 0.052104
vt 0.723906 0.054383
vt 0.757587 0.054103
vt 0.858716 0.020385
vt 0.056029 0.077820
vt 0.089881 0.077435
vt 0.123851 0.076939
vt 0.225034 0.057170
vt 0.358474 0.053369
vt 0.408753 0.069558
vt 0.492556 0.069920
vt 0.542210 0.069935
vt 0.607686 0.069447
vt 0.841945 0.037147
vt 0.004854 0.027816
vt 0.073119 0.094573
vt 0.090083 0.094405
vt 0.124180 0.094024
vt 0.140881 0.076640
vt 0.192620 0.092489
vt 0.292845 0.088289
vt 0.442316 0.069779
vt 0.575096 0.069244
vt 0.607663 0.088725
vt 0.656834 0.071254
vt 0.756986 0.072431
vt 0.858717 0.070954
vt 0.056321 0.111635
vt 0.073258 0.111526
vt 0.090262 0.111420
vt 0.141777 0.111119
vt 0.176283 0.110528
vt 0.193405 0.109821
vt 0.210404 0.108913
vt 0.326536 0.104873
vt 0.376258 0.103677
vt 0.392752 0.103683
vt 0.409713 0.104621
vt 0.442906 0.087974
vt 0.493268 0.089877
vt 0.543380 0.112602
vt 0.655854 0.112261
vt 0.688341 0.112599
vt 0.823692 0.107026
vt 0.892729 0.104258
vt 0.039516 0.128613
vt 0.056407 0.128550
vt 0.073359 0.128498
vt 0.090417 0.128478
vt 0.107593 0.128495
vt 0.159741 0.128648
vt 0.177164 0.128505
vt 0.194393 0.127691
vt 0.211418 0.126429
vt 0.260436 0.106322
vt 0.261242 0.123610
vt 0.343821 0.122777
vt 0.444675 0.125960
vt 0.478639 0.129172
vt 0.543910 0.131401
vt 0.575575 0.110679
vt 0.608030 0.131127
vt 0.703896 0.131901
vt 0.736920 0.130924
vt 0.754137 0.129298
vt 0.806167 0.125284
vt 0.840706 0.123466
vt 0.056445 0.145460
vt 0.090496 0.145531
vt 0.142309 0.128643
vt 0.142755 0.146147
vt 0.160473 0.146528
vt 0.178305 0.147069
vt 0.195725 0.147074
vt 0.229353 0.143069
vt 0.245790 0.142037
vt 0.262303 0.141914
vt 0.295188 0.141355
vt 0.344593 0.141780
vt 0.377442 0.138262
vt 0.393529 0.137959
vt 0.410191 0.139290
vt 0.511499 0.131041
vt 0.544447 0.149127
vt 0.576813 0.149341
vt 0.623957 0.154519
vt 0.653472 0.155781
vt 0.669957 0.152928
vt 0.686592 0.151194
vt 0.806119 0.142437
vt 0.039562 0.145476
vt 0.073385 0.162422
vt 0.107721 0.162735
vt 0.125263 0.163069
vt 0.161267 0.164461
vt 0.179403 0.165450
vt 0.197379 0.166595
vt 0.230840 0.162959
vt 0.247281 0.161786
vt 0.263889 0.162278
vt 0.280540 0.163204
vt 0.361763 0.159366
vt 0.394035 0.155151
vt 0.427564 0.158614
vt 0.444536 0.160437
vt 0.511698 0.165422
vt 0.545129 0.166828
vt 0.561569 0.167597
vt 0.609463 0.171561
vt 0.623934 0.171868
vt 0.653247 0.171505
vt 0.703450 0.166492
vt 0.719885 0.149128
vt 0.892853 0.121125
vt 0.909424 0.087170
vt 0.056436 0.162357
vt 0.107740 0.179811
vt 0.125493 0.180314
vt 0.143272 0.180882
vt 0.161579 0.181926
vt 0.199119 0.185416
vt 0.232712 0.184457
vt 0.266688 0.186417
vt 0.282990 0.187050
vt 0.298709 0.185886
vt 0.329155 0.163550
vt 0.345358 0.162213
vt 0.410210 0.156171
vt 0.461147 0.161552
vt 0.478004 0.163092
vt 0.561514 0.183616
vt 0.638342 0.186855
vt 0.669936 0.169494
vt 0.703308 0.182940
vt 0.719268 0.183164
vt 0.752705 0.181712
vt 0.771100 0.162435
vt 0.840892 0.173922
vt 0.875272 0.172607
vt 0.893001 0.154796
vt 0.960036 0.120019
vt 0.056304 0.196092
vt 0.090374 0.179509
vt 0.090368 0.196488
vt 0.108006 0.196984
vt 0.144270 0.198609
vt 0.180349 0.183478
vt 0.217540 0.203815
vt 0.249455 0.184160
vt 0.285702 0.209553
vt 0.300895 0.209129
vt 0.315967 0.208476
vt 0.330985 0.207602
vt 0.362550 0.201107
vt 0.378760 0.175724
vt 0.411138 0.191778
vt 0.428010 0.194744
vt 0.461730 0.197767
vt 0.511589 0.182262
vt 0.528004 0.182574
vt 0.544545 0.183066
vt 0.559606 0.199773
vt 0.623695 0.186816
vt 0.653545 0.201906
vt 0.670319 0.201309
vt 0.686677 0.200486
vt 0.702614 0.200378
vt 0.751824 0.199200
vt 0.874313 0.190140
vt 0.039343 0.212788
vt 0.073168 0.213136
vt 0.108549 0.214297
vt 0.127271 0.215474
vt 0.146016 0.216848
vt 0.163956 0.217718
vt 0.200149 0.203122
vt 0.236288 0.223397
vt 0.252893 0.223439
vt 0.271096 0.225776
vt 0.317062 0.226584
vt 0.331803 0.225513
vt 0.361944 0.222220
vt 0.379721 0.215215
vt 0.428908 0.215511
vt 0.461980 0.215508
vt 0.478423 0.215479
vt 0.494709 0.215087
vt 0.511142 0.214780
vt 0.558222 0.215500
vt 0.590827 0.216550
vt 0.638143 0.201631
vt 0.685995 0.217988
vt 0.701862 0.218925
vt 0.717435 0.218837
vt 0.734016 0.217495
vt 0.769472 0.214351
vt 0.787520 0.212315
vt 0.806223 0.192833
vt 0.823040 0.192012
vt 0.872879 0.207907
vt 0.909742 0.188140
vt 0.056101 0.229771
vt 0.073166 0.230043
vt 0.090480 0.213518
vt 0.109011 0.231552
vt 0.127987 0.232837
vt 0.146918 0.234218
vt 0.219685 0.222964
vt 0.253770 0.241150
vt 0.302287 0.226637
vt 0.317600 0.241083
vt 0.332415 0.240772
vt 0.395711 0.233354
vt 0.412194 0.233000
vt 0.428911 0.233590
vt 0.462133 0.232880
vt 0.494898 0.231149
vt 0.527013 0.230479
vt 0.557900 0.230972
vt 0.589882 0.232323
vt 0.621952 0.233291
vt 0.653699 0.217628
vt 0.669699 0.233971
vt 0.717574 0.234434
vt 0.735379 0.233411
vt 0.803193 0.229544
vt 0.853544 0.226906
vt 0.944131 0.203955
vt 0.960949 0.186851
vt 0.091076 0.247711
vt 0.109039 0.248584
vt 0.164638 0.235206
vt 0.183812 0.236736
vt 0.220663 0.256035
vt 0.236860 0.240398
vt 0.269365 0.258702
vt 0.332920 0.255991
vt 0.347530 0.240146
vt 0.379217 0.235751
vt 0.394591 0.252312
vt 0.412011 0.250821
vt 0.428963 0.251096
vt 0.462676 0.249461
vt 0.494771 0.247084
vt 0.526714 0.248082
vt 0.573699 0.247676
vt 0.605658 0.248750
vt 0.621582 0.249047
vt 0.668628 0.249902
vt 0.685879 0.234669
vt 0.701389 0.250883
vt 0.718547 0.250331
vt 0.819915 0.228768
vt 0.908753 0.222175
vt 0.994909 0.219746
vt 0.005502 0.245994
vt 0.022241 0.246188
vt 0.073414 0.247074
vt 0.126939 0.266482
vt 0.127474 0.249698
vt 0.162150 0.268517
vt 0.218276 0.272285
vt 0.235658 0.273373
vt 0.252216 0.274360
vt 0.285664 0.258738
vt 0.286948 0.241882
vt 0.332972 0.272290
vt 0.348156 0.255474
vt 0.380191 0.268023
vt 0.428621 0.267692
vt 0.446126 0.267825
vt 0.462302 0.267495
vt 0.478890 0.264848
vt 0.510822 0.249005
vt 0.589649 0.264881
vt 0.621395 0.265017
vt 0.684582 0.266039
vt 0.701123 0.267126
vt 0.736485 0.265477
vt 0.736330 0.249374
vt 0.753564 0.248450
vt 0.786226 0.230452
vt 0.819443 0.245588
vt 0.851713 0.259843
vt 0.871931 0.225038
vt 0.943844 0.237662
vt 0.056351 0.280597
vt 0.091787 0.265025
vt 0.126757 0.283264
vt 0.144373 0.284170
vt 0.179771 0.286309
vt 0.216393 0.288850
vt 0.234382 0.290181
vt 0.251364 0.291177
vt 0.268483 0.291634
vt 0.268867 0.275264
vt 0.316741 0.291533
vt 0.348489 0.271498
vt 0.363803 0.288364
vt 0.394593 0.267318
vt 0.412080 0.267599
vt 0.493965 0.283525
vt 0.509876 0.284194
vt 0.542257 0.266701
vt 0.557723 0.287123
vt 0.589333 0.284144
vt 0.621242 0.281792
vt 0.667464 0.280401
vt 0.683470 0.281603
vt 0.718135 0.266613
vt 0.735516 0.281720
vt 0.819636 0.261589
vt 0.850979 0.275489
vt 0.869279 0.274389
vt 0.906974 0.272503
vt 0.995843 0.269883
vt 0.004688 0.296088
vt 0.074433 0.281347
vt 0.109446 0.299423
vt 0.162246 0.301955
vt 0.179514 0.302881
vt 0.233864 0.307273
vt 0.285079 0.308305
vt 0.300938 0.309051
vt 0.316498 0.309536
vt 0.363322 0.306420
vt 0.380563 0.302756
vt 0.396681 0.301607
vt 0.412926 0.300561
vt 0.445966 0.283763
vt 0.462782 0.284645
vt 0.478245 0.300936
vt 0.492225 0.301252
vt 0.573684 0.305116
vt 0.588806 0.303612
vt 0.652629 0.296633
vt 0.700472 0.299560
vt 0.735839 0.297426
vt 0.772791 0.279703
vt 0.805454 0.293965
vt 0.836644 0.291556
vt 0.851846 0.290566
vt 0.868833 0.290173
vt 0.887995 0.289564
vt 0.925225 0.271855
vt 0.979083 0.270227
vt 0.056186 0.297435
vt 0.109270 0.316128
vt 0.179128 0.319342
vt 0.233827 0.323665
vt 0.249330 0.325095
vt 0.267876 0.307875
vt 0.300396 0.324617
vt 0.316879 0.325667
vt 0.331930 0.326193
vt 0.331911 0.309349
vt 0.347323 0.308545
vt 0.380066 0.320611
vt 0.397049 0.318026
vt 0.431431 0.315108
vt 0.446721 0.314983
vt 0.462968 0.314534
vt 0.477162 0.315005
vt 0.492437 0.317515
vt 0.525696 0.302578
vt 0.541642 0.319273
vt 0.589167 0.319587
vt 0.604911 0.318106
vt 0.621035 0.299176
vt 0.653156 0.313532
vt 0.716192 0.298687
vt 0.774420 0.310784
vt 0.789884 0.294690
vt 0.822217 0.309012
vt 0.870203 0.305949
vt 0.038476 0.296879
vt 0.162419 0.318499
vt 0.196350 0.320328
vt 0.232972 0.338857
vt 0.248724 0.340263
vt 0.264127 0.340043
vt 0.280855 0.339980
vt 0.298656 0.340219
vt 0.316356 0.340811
vt 0.331945 0.341375
vt 0.347194 0.341382
vt 0.378713 0.339241
vt 0.395813 0.335871
vt 0.412306 0.333932
vt 0.491226 0.333881
vt 0.523927 0.335311
vt 0.589562 0.335406
vt 0.605308 0.334593
vt 0.622343 0.331420
vt 0.638042 0.329974
vt 0.653953 0.331203
vt 0.684744 0.332316
vt 0.700375 0.315735
vt 0.717938 0.330196
vt 0.738517 0.312936
vt 0.773794 0.326744
vt 0.823402 0.325086
vt 0.888129 0.305688
vt 0.055137 0.330851
vt 0.124644 0.349902
vt 0.194952 0.352519
vt 0.213830 0.337528
vt 0.232019 0.353737
vt 0.248235 0.354436
vt 0.261834 0.355037
vt 0.278093 0.355211
vt 0.296531 0.355619
vt 0.315846 0.356055
vt 0.331771 0.356533
vt 0.347114 0.356999
vt 0.362432 0.357356
vt 0.362818 0.340589
vt 0.392816 0.356457
vt 0.408379 0.355029
vt 0.444784 0.331572
vt 0.475797 0.332008
vt 0.489436 0.350868
vt 0.506181 0.351233
vt 0.525003 0.351691
vt 0.540727 0.335381
vt 0.557714 0.351366
vt 0.574288 0.351576
vt 0.605215 0.351800
vt 0.621406 0.349707
vt 0.655164 0.348690
vt 0.684865 0.347888
vt 0.716378 0.345700
vt 0.737633 0.344444
vt 0.755471 0.343764
vt 0.772212 0.343414
vt 0.824686 0.341186
vt 0.839684 0.324315
vt 0.907840 0.321804
vt 0.925330 0.304953
vt 0.980143 0.320433
vt 0.022241 0.246188
vt 0.212069 0.369179
vt 0.229531 0.369239
vt 0.276938 0.369580
vt 0.297215 0.370902
vt 0.315052 0.371369
vt 0.346929 0.372267
vt 0.362389 0.372933
vt 0.377238 0.373873
vt 0.391423 0.373792
vt 0.406045 0.373002
vt 0.421496 0.371552
vt 0.436515 0.371335
vt 0.468375 0.369730
vt 0.505710 0.367419
vt 0.543951 0.368463
vt 0.559025 0.367690
vt 0.591902 0.366825
vt 0.605262 0.366216
vt 0.620243 0.365835
vt 0.655185 0.364811
vt 0.685732 0.360753
vt 0.714526 0.360344
vt 0.737727 0.360133
vt 0.755543 0.359652
vt 0.807477 0.341717
vt 0.842177 0.356667
vt 0.876021 0.355901
vt 0.910908 0.355199
vt 0.996568 0.303336
vt 0.003892 0.329437
vt 0.054338 0.380801
vt 0.123318 0.382505
vt 0.157442 0.367453
vt 0.176240 0.368013
vt 0.210496 0.385466
vt 0.260909 0.382880
vt 0.278889 0.385231
vt 0.314881 0.386744
vt 0.346447 0.387339
vt 0.362268 0.387730
vt 0.377241 0.388280
vt 0.465359 0.386005
vt 0.483758 0.384626
vt 0.526801 0.367705
vt 0.544476 0.383098
vt 0.559251 0.383297
vt 0.575320 0.367502
vt 0.606554 0.381803
vt 0.623303 0.382684
vt 0.656602 0.382510
vt 0.697549 0.360067
vt 0.756046 0.375422
vt 0.772329 0.375239
vt 0.808256 0.373448
vt 0.842345 0.372671
vt 0.894425 0.372058
vt 0.089668 0.381796
vt 0.244096 0.401094
vt 0.261409 0.400449
vt 0.280020 0.401497
vt 0.298530 0.401809
vt 0.314590 0.401975
vt 0.329980 0.402388
vt 0.377321 0.402243
vt 0.391172 0.402224
vt 0.405316 0.387951
vt 0.434415 0.387360
vt 0.483957 0.399526
vt 0.522518 0.398565
vt 0.540697 0.398866
vt 0.575054 0.399960
vt 0.592165 0.400088
vt 0.609562 0.400411
vt 0.643040 0.401383
vt 0.673722 0.397736
vt 0.704434 0.393435
vt 0.720892 0.392407
vt 0.738603 0.391743
vt 0.771184 0.391875
vt 0.789936 0.374527
vt 0.840946 0.389150
vt 0.894671 0.388477
vt 0.929338 0.371465
vt 0.175654 0.416921
vt 0.209906 0.401523
vt 0.243755 0.417963
vt 0.280035 0.417919
vt 0.313335 0.417785
vt 0.345441 0.417498
vt 0.362005 0.416728
vt 0.377281 0.416216
vt 0.391260 0.416005
vt 0.405209 0.415911
vt 0.448960 0.401074
vt 0.468469 0.414939
vt 0.504862 0.414123
vt 0.538905 0.413753
vt 0.558252 0.415308
vt 0.610145 0.416143
vt 0.628572 0.417071
vt 0.644594 0.417551
vt 0.660084 0.416839
vt 0.675486 0.415378
vt 0.737469 0.407940
vt 0.753789 0.408458
vt 0.769501 0.408854
vt 0.785948 0.408382
vt 0.802216 0.408214
vt 0.819800 0.407277
vt 0.875272 0.405404
vt 0.964384 0.387520
vt 0.107796 0.431758
vt 0.123709 0.415077
vt 0.157177 0.415664
vt 0.211348 0.435468
vt 0.261608 0.418121
vt 0.278817 0.435292
vt 0.327417 0.434503
vt 0.344838 0.432774
vt 0.377300 0.430391
vt 0.391450 0.430023
vt 0.405392 0.429777
vt 0.419219 0.429571
vt 0.507224 0.429166
vt 0.541491 0.428695
vt 0.574493 0.418802
vt 0.586760 0.432336
vt 0.607911 0.431342
vt 0.627422 0.432215
vt 0.661784 0.433472
vt 0.677367 0.432969
vt 0.707891 0.429199
vt 0.722084 0.408401
vt 0.738554 0.425521
vt 0.754143 0.424878
vt 0.785399 0.424093
vt 0.800471 0.423997
vt 0.817237 0.423625
vt 0.874149 0.421961
vt 0.929970 0.404563
vt 0.108821 0.448516
vt 0.125876 0.448616
vt 0.176679 0.433618
vt 0.212184 0.452776
vt 0.228215 0.452719
vt 0.277480 0.453560
vt 0.294344 0.452435
vt 0.326901 0.450200
vt 0.343952 0.448316
vt 0.361802 0.431347
vt 0.405685 0.443607
vt 0.419446 0.443293
vt 0.434625 0.443293
vt 0.451813 0.429446
vt 0.473753 0.444673
vt 0.546303 0.443468
vt 0.573829 0.444227
vt 0.585030 0.444077
vt 0.626765 0.447465
vt 0.645562 0.448653
vt 0.663455 0.449625
vt 0.738948 0.446068
vt 0.753871 0.444247
vt 0.770098 0.441559
vt 0.786064 0.440109
vt 0.818506 0.438891
vt 0.836374 0.438598
vt 0.893445 0.421588
vt 0.981996 0.437460
vt 0.998648 0.420527
vt 0.001156 0.446210
vt 0.037013 0.363656
vt 0.054223 0.414102
vt 0.163856 0.466790
vt 0.196999 0.468255
vt 0.212021 0.468542
vt 0.244371 0.469346
vt 0.328200 0.465290
vt 0.361689 0.461028
vt 0.377739 0.459203
vt 0.391727 0.444103
vt 0.406163 0.457280
vt 0.419791 0.456880
vt 0.435044 0.457117
vt 0.454981 0.458368
vt 0.492983 0.444876
vt 0.509243 0.443816
vt 0.525256 0.442669
vt 0.551622 0.456532
vt 0.563980 0.454974
vt 0.575747 0.456620
vt 0.606086 0.445590
vt 0.608712 0.460910
vt 0.679263 0.449696
vt 0.694235 0.448617
vt 0.725516 0.462680
vt 0.753990 0.459830
vt 0.771522 0.456988
vt 0.787251 0.455524
vt 0.802004 0.439386
vt 0.855823 0.438445
vt 0.929315 0.437859
vt 0.127500 0.465480
vt 0.181809 0.482680
vt 0.196528 0.482799
vt 0.211760 0.484335
vt 0.227248 0.484908
vt 0.261264 0.486952
vt 0.277594 0.470004
vt 0.293966 0.486586
vt 0.311060 0.484093
vt 0.328959 0.480786
vt 0.362719 0.475548
vt 0.420819 0.470829
vt 0.437777 0.471903
vt 0.457860 0.473389
vt 0.516291 0.475270
vt 0.533155 0.473452
vt 0.551646 0.468759
vt 0.563802 0.468002
vt 0.577558 0.471387
vt 0.646893 0.464693
vt 0.665208 0.480797
vt 0.681148 0.480230
vt 0.756294 0.473982
vt 0.774208 0.471540
vt 0.788384 0.469713
vt 0.803252 0.469310
vt 0.893622 0.471041
vt 0.088334 0.481177
vt 0.147145 0.482376
vt 0.210899 0.499921
vt 0.243308 0.501504
vt 0.293270 0.505909
vt 0.310128 0.501835
vt 0.378647 0.473357
vt 0.393608 0.486172
vt 0.406802 0.470958
vt 0.463991 0.489776
vt 0.502974 0.491463
vt 0.517487 0.490949
vt 0.549961 0.488724
vt 0.565318 0.490380
vt 0.597733 0.493686
vt 0.616869 0.496343
vt 0.632775 0.496581
vt 0.681809 0.495789
vt 0.743588 0.490375
vt 0.775182 0.486164
vt 0.789750 0.484875
vt 0.806150 0.485959
vt 0.835942 0.469415
vt 0.855587 0.470261
vt 0.965151 0.471131
vt 0.999156 0.470819
vt 0.000366 0.496227
vt 0.103508 0.514154
vt 0.123299 0.514425
vt 0.163138 0.515036
vt 0.179230 0.515053
vt 0.210137 0.515096
vt 0.225797 0.515544
vt 0.242491 0.516869
vt 0.262247 0.504339
vt 0.278263 0.506895
vt 0.307726 0.521321
vt 0.345994 0.493687
vt 0.393655 0.501847
vt 0.408340 0.501327
vt 0.424163 0.502273
vt 0.444203 0.504420
vt 0.469255 0.505460
vt 0.502639 0.505727
vt 0.517486 0.506303
vt 0.533851 0.507498
vt 0.566618 0.509612
vt 0.598527 0.510824
vt 0.615105 0.512202
vt 0.631131 0.513240
vt 0.682881 0.511387
vt 0.713542 0.493482
vt 0.728796 0.492162
vt 0.760809 0.503986
vt 0.792980 0.503319
vt 0.860302 0.503911
vt 0.896362 0.504721
vt 0.163556 0.531656
vt 0.179776 0.530792
vt 0.210333 0.530038
vt 0.243225 0.532298
vt 0.292917 0.523696
vt 0.322830 0.533757
vt 0.342520 0.528045
vt 0.360512 0.523732
vt 0.378388 0.503886
vt 0.408732 0.520186
vt 0.425254 0.519767
vt 0.443642 0.520668
vt 0.464640 0.521094
vt 0.487662 0.505355
vt 0.499359 0.522757
vt 0.533107 0.523668
vt 0.566731 0.525330
vt 0.597517 0.526908
vt 0.613679 0.529443
vt 0.629115 0.531941
vt 0.643763 0.535065
vt 0.664472 0.513325
vt 0.682541 0.527520
vt 0.700884 0.525199
vt 0.716312 0.523907
vt 0.731747 0.522282
vt 0.747510 0.519883
vt 0.761959 0.518791
vt 0.825875 0.503830
vt 0.913865 0.504759
vt 0.949321 0.521602
vt 0.122876 0.530436
vt 0.226045 0.530604
vt 0.245357 0.548301
vt 0.306543 0.538067
vt 0.357323 0.542426
vt 0.373142 0.541588
vt 0.392765 0.520348
vt 0.408226 0.537053
vt 0.425149 0.536552
vt 0.441636 0.537210
vt 0.459436 0.538155
vt 0.477705 0.539055
vt 0.531948 0.540210
vt 0.565706 0.540345
vt 0.582115 0.526262
vt 0.613068 0.546041
vt 0.628061 0.550265
vt 0.640989 0.553812
vt 0.656436 0.550932
vt 0.681848 0.543580
vt 0.702236 0.540268
vt 0.717898 0.539385
vt 0.777371 0.518686
vt 0.795112 0.535763
vt 0.051231 0.529697
vt 0.123933 0.546460
vt 0.147173 0.547954
vt 0.168807 0.564957
vt 0.183561 0.564865
vt 0.198321 0.562690
vt 0.214114 0.562477
vt 0.231352 0.563589
vt 0.280219 0.566761
vt 0.307365 0.566022
vt 0.324871 0.561366
vt 0.354961 0.559242
vt 0.388871 0.556004
vt 0.408095 0.553180
vt 0.425047 0.552251
vt 0.440183 0.552892
vt 0.458642 0.554115
vt 0.477391 0.555008
vt 0.496191 0.539492
vt 0.547823 0.540770
vt 0.566128 0.554954
vt 0.580438 0.554148
vt 0.593945 0.555917
vt 0.609803 0.559962
vt 0.639891 0.566521
vt 0.653993 0.566210
vt 0.680540 0.559414
vt 0.719368 0.553574
vt 0.733402 0.553175
vt 0.748328 0.551986
vt 0.763782 0.551787
vt 0.779751 0.552107
vt 0.829154 0.536834
vt 0.847268 0.537715
vt 0.882262 0.538598
vt 0.898994 0.538435
vt 0.932878 0.538352
vt 0.966388 0.538145
vt 0.085505 0.529887
vt 0.169613 0.579295
vt 0.184234 0.579261
vt 0.250215 0.579665
vt 0.282329 0.580327
vt 0.306134 0.579603
vt 0.352092 0.575622
vt 0.369696 0.559839
vt 0.404076 0.571300
vt 0.423743 0.568682
vt 0.439860 0.568918
vt 0.457619 0.570266
vt 0.476060 0.571181
vt 0.531376 0.573493
vt 0.548392 0.574330
vt 0.565258 0.571200
vt 0.579882 0.569673
vt 0.609511 0.575836
vt 0.677995 0.575461
vt 0.700916 0.570298
vt 0.718533 0.567875
vt 0.733530 0.567030
vt 0.748202 0.567651
vt 0.763943 0.568232
vt 0.780148 0.568755
vt 0.814120 0.569708
vt 0.088252 0.578532
vt 0.151304 0.594447
vt 0.216213 0.578961
vt 0.281582 0.592279
vt 0.304531 0.590177
vt 0.318219 0.590775
vt 0.349647 0.591380
vt 0.362393 0.594226
vt 0.375930 0.593295
vt 0.399019 0.589176
vt 0.421492 0.586360
vt 0.439434 0.585676
vt 0.456469 0.586694
vt 0.493605 0.588199
vt 0.511996 0.588885
vt 0.549689 0.592805
vt 0.593690 0.570983
vt 0.639479 0.580795
vt 0.639168 0.595069
vt 0.655147 0.594104
vt 0.674867 0.591956
vt 0.695669 0.588249
vt 0.713853 0.585709
vt 0.814235 0.586226
vt 0.866866 0.571085
vt 0.883440 0.587337
vt 0.933386 0.571337
vt 0.999824 0.537920
vt 0.000152 0.562734
vt 0.166694 0.609869
vt 0.183614 0.594561
vt 0.248771 0.608789
vt 0.263688 0.608550
vt 0.294261 0.602963
vt 0.305353 0.600821
vt 0.318999 0.604068
vt 0.334480 0.605710
vt 0.349190 0.605770
vt 0.373689 0.605818
vt 0.393765 0.605235
vt 0.419077 0.604034
vt 0.438983 0.603213
vt 0.456082 0.603296
vt 0.474549 0.587474
vt 0.565043 0.590739
vt 0.580916 0.607024
vt 0.596405 0.607720
vt 0.611803 0.608711
vt 0.623826 0.609173
vt 0.639938 0.609096
vt 0.656338 0.608754
vt 0.689989 0.607610
vt 0.706912 0.606521
vt 0.746883 0.583554
vt 0.760105 0.601595
vt 0.763080 0.584153
vt 0.779581 0.584911
vt 0.832496 0.586604
vt 0.966530 0.571389
vt 0.052564 0.611752
vt 0.109088 0.594693
vt 0.131363 0.594661
vt 0.149853 0.609986
vt 0.182336 0.610379
vt 0.216176 0.609647
vt 0.263871 0.622811
vt 0.292816 0.622266
vt 0.306512 0.622067
vt 0.320659 0.623534
vt 0.334818 0.623753
vt 0.395887 0.619857
vt 0.420900 0.620953
vt 0.439316 0.620448
vt 0.476183 0.620686
vt 0.496137 0.621204
vt 0.553140 0.625005
vt 0.566188 0.624595
vt 0.581606 0.622769
vt 0.596284 0.622449
vt 0.625104 0.622971
vt 0.640859 0.623345
vt 0.688588 0.623353
vt 0.702928 0.624449
vt 0.718530 0.623656
vt 0.735902 0.622685
vt 0.791242 0.620322
vt 0.812543 0.602962
vt 0.882612 0.619688
vt 0.162805 0.642708
vt 0.178791 0.643060
vt 0.248364 0.638453
vt 0.263371 0.638043
vt 0.278219 0.640924
vt 0.306913 0.642602
vt 0.321218 0.641914
vt 0.350762 0.635885
vt 0.362350 0.617697
vt 0.375354 0.617950
vt 0.401658 0.637237
vt 0.422554 0.638114
vt 0.439811 0.637455
vt 0.456712 0.620251
vt 0.476284 0.637120
vt 0.515969 0.622082
vt 0.536346 0.638545
vt 0.567558 0.638326
vt 0.582245 0.637353
vt 0.626020 0.637475
vt 0.658318 0.638684
vt 0.673610 0.638436
vt 0.702254 0.638484
vt 0.714247 0.638791
vt 0.732071 0.639168
vt 0.749785 0.639471
vt 0.768808 0.638571
vt 0.808368 0.636690
vt 0.849094 0.618996
vt 0.033705 0.529624
vt 0.146585 0.642403
vt 0.193549 0.658865
vt 0.212013 0.657770
vt 0.229352 0.656938
vt 0.262431 0.656147
vt 0.277856 0.658002
vt 0.292468 0.658529
vt 0.307132 0.657940
vt 0.352601 0.652583
vt 0.367942 0.651626
vt 0.422853 0.655276
vt 0.440379 0.654916
vt 0.458462 0.654246
vt 0.477951 0.653655
vt 0.538548 0.653555
vt 0.568250 0.652677
vt 0.597409 0.651539
vt 0.612141 0.651532
vt 0.674453 0.653304
vt 0.717423 0.653506
vt 0.750690 0.655181
vt 0.806324 0.653496
vt 0.825365 0.653044
vt 0.866231 0.619211
vt 0.897586 0.653089
vt 0.016868 0.513004
vt 0.072244 0.644213
vt 0.160913 0.674773
vt 0.228865 0.673042
vt 0.262027 0.672747
vt 0.292331 0.673230
vt 0.323195 0.671888
vt 0.338946 0.671614
vt 0.354465 0.669884
vt 0.388380 0.671513
vt 0.405757 0.672431
vt 0.423345 0.673072
vt 0.440495 0.672770
vt 0.458515 0.671256
vt 0.477517 0.670010
vt 0.499171 0.653355
vt 0.553838 0.653737
vt 0.568255 0.666844
vt 0.599430 0.667515
vt 0.628053 0.652915
vt 0.659669 0.654513
vt 0.768499 0.670861
vt 0.784939 0.654635
vt 0.806506 0.669585
vt 0.824355 0.669335
vt 0.914348 0.653623
vt 0.128209 0.675309
vt 0.144525 0.675045
vt 0.211920 0.673653
vt 0.213148 0.689445
vt 0.229786 0.688852
vt 0.261975 0.688440
vt 0.277458 0.673135
vt 0.292648 0.688547
vt 0.341093 0.689395
vt 0.370040 0.668885
vt 0.390111 0.689894
vt 0.407375 0.691570
vt 0.424141 0.691686
vt 0.441091 0.689797
vt 0.458564 0.687946
vt 0.518844 0.682545
vt 0.540816 0.667417
vt 0.568425 0.680230
vt 0.584497 0.681657
vt 0.618288 0.684919
vt 0.662341 0.687525
vt 0.676366 0.687294
vt 0.706741 0.687185
vt 0.724667 0.689962
vt 0.739669 0.691524
vt 0.753530 0.689820
vt 0.770016 0.687082
vt 0.786057 0.686904
vt 0.804173 0.686180
vt 0.840343 0.685967
vt 0.844263 0.652666
vt 0.965713 0.638023
vt 0.130157 0.707465
vt 0.147188 0.706987
vt 0.195935 0.706142
vt 0.277454 0.704110
vt 0.292567 0.703974
vt 0.308842 0.704446
vt 0.325381 0.705165
vt 0.357209 0.689113
vt 0.360650 0.709660
vt 0.376295 0.709217
vt 0.392510 0.710289
vt 0.408566 0.710553
vt 0.424733 0.709163
vt 0.442793 0.706329
vt 0.461421 0.703922
vt 0.476986 0.686139
vt 0.517184 0.697672
vt 0.538962 0.694026
vt 0.554491 0.679265
vt 0.568283 0.694420
vt 0.602331 0.698145
vt 0.618611 0.698917
vt 0.647842 0.700541
vt 0.676214 0.701834
vt 0.724941 0.704345
vt 0.769691 0.703459
vt 0.801399 0.702890
vt 0.819077 0.702809
vt 0.856275 0.702918
vt 0.895616 0.686340
vt 0.929618 0.704222
vt 0.093298 0.725336
vt 0.147500 0.722673
vt 0.195729 0.721851
vt 0.228467 0.705570
vt 0.245491 0.704550
vt 0.277414 0.718721
vt 0.345856 0.725362
vt 0.378505 0.728355
vt 0.393692 0.728440
vt 0.409087 0.727554
vt 0.425708 0.725562
vt 0.444697 0.722685
vt 0.498208 0.699674
vt 0.535685 0.710553
vt 0.552833 0.708792
vt 0.567865 0.709672
vt 0.585136 0.696800
vt 0.599370 0.712984
vt 0.614383 0.714430
vt 0.630169 0.714766
vt 0.674520 0.717095
vt 0.740015 0.704803
vt 0.753648 0.704580
vt 0.785763 0.718407
vt 0.835140 0.719347
vt 0.853953 0.719609
vt 0.999330 0.638591
vt 0.001835 0.662524
vt 0.092746 0.741933
vt 0.130452 0.723321
vt 0.225872 0.737883
vt 0.292807 0.719446
vt 0.309621 0.736783
vt 0.363734 0.742851
vt 0.379127 0.744025
vt 0.393975 0.744319
vt 0.426459 0.742016
vt 0.445967 0.739208
vt 0.464235 0.719714
vt 0.490129 0.731292
vt 0.504623 0.729209
vt 0.536867 0.725243
vt 0.582061 0.726740
vt 0.610508 0.729864
vt 0.625709 0.730940
vt 0.642111 0.731156
vt 0.657426 0.731692
vt 0.660307 0.715532
vt 0.701206 0.735924
vt 0.736490 0.735153
vt 0.753443 0.735108
vt 0.769686 0.735399
vt 0.802285 0.735376
vt 0.835176 0.735513
vt 0.909295 0.737643
vt 0.928761 0.721113
vt 0.037771 0.744541
vt 0.055460 0.727211
vt 0.129815 0.739520
vt 0.180048 0.737472
vt 0.195484 0.738012
vt 0.243996 0.736197
vt 0.261652 0.734738
vt 0.277275 0.734253
vt 0.325169 0.753849
vt 0.341969 0.755793
vt 0.393884 0.759736
vt 0.410133 0.759533
vt 0.445275 0.756815
vt 0.466374 0.752665
vt 0.487459 0.747679
vt 0.505441 0.743406
vt 0.536892 0.739726
vt 0.551134 0.738962
vt 0.565636 0.742667
vt 0.580500 0.744720
vt 0.610174 0.743818
vt 0.624651 0.745222
vt 0.640177 0.746321
vt 0.654654 0.747571
vt 0.669416 0.748663
vt 0.684532 0.749601
vt 0.716869 0.751190
vt 0.717543 0.736156
vt 0.786898 0.752913
vt 0.803554 0.753145
vt 0.854055 0.753137
vt 0.871126 0.736682
vt 0.908464 0.754559
vt 0.963761 0.722016
vt 0.982213 0.655103
vt 0.091280 0.759086
vt 0.128202 0.772513
vt 0.228010 0.768230
vt 0.261343 0.765926
vt 0.276931 0.765797
vt 0.292591 0.766624
vt 0.308693 0.767647
vt 0.361180 0.757624
vt 0.376365 0.774920
vt 0.393436 0.775990
vt 0.410139 0.776179
vt 0.427246 0.775518
vt 0.444267 0.775010
vt 0.482874 0.767756
vt 0.549362 0.757303
vt 0.563869 0.762135
vt 0.595614 0.744497
vt 0.669576 0.763895
vt 0.732827 0.767015
vt 0.768920 0.768501
vt 0.804330 0.770109
vt 0.962732 0.772782
vt 0.163635 0.769251
vt 0.178544 0.785615
vt 0.195064 0.769363
vt 0.211053 0.769224
vt 0.276627 0.781113
vt 0.291386 0.781853
vt 0.305516 0.782753
vt 0.321935 0.784178
vt 0.339511 0.786553
vt 0.393065 0.792984
vt 0.409729 0.793367
vt 0.478797 0.788833
vt 0.498340 0.783680
vt 0.520254 0.742577
vt 0.592298 0.784618
vt 0.608879 0.780314
vt 0.624694 0.760455
vt 0.639406 0.761164
vt 0.684541 0.764462
vt 0.700294 0.765581
vt 0.750517 0.767754
vt 0.768661 0.785005
vt 0.820996 0.770149
vt 0.855873 0.770833
vt 0.890620 0.771140
vt 0.926869 0.771980
vt 0.142582 0.806091
vt 0.227596 0.784486
vt 0.276121 0.796297
vt 0.304406 0.796362
vt 0.320874 0.799040
vt 0.356849 0.788739
vt 0.392859 0.810582
vt 0.409290 0.811260
vt 0.425686 0.811676
vt 0.442004 0.812024
vt 0.495480 0.804164
vt 0.534314 0.758624
vt 0.546793 0.780999
vt 0.559906 0.805551
vt 0.591642 0.802743
vt 0.654474 0.794482
vt 0.750965 0.784006
vt 0.856352 0.804503
vt 0.927040 0.789034
vt 0.107283 0.792178
vt 0.175906 0.821416
vt 0.193244 0.803906
vt 0.209876 0.802908
vt 0.304574 0.811141
vt 0.320662 0.814569
vt 0.338880 0.818695
vt 0.457888 0.828817
vt 0.458730 0.811006
vt 0.510059 0.823461
vt 0.542765 0.824164
vt 0.574483 0.823481
vt 0.590916 0.821274
vt 0.623451 0.816866
vt 0.669945 0.795992
vt 0.686087 0.797879
vt 0.718460 0.784060
vt 0.769833 0.802231
vt 0.804409 0.803273
vt 0.962415 0.806726
vt 0.979372 0.806871
vt 0.174681 0.839462
vt 0.242177 0.834334
vt 0.290406 0.827124
vt 0.305987 0.830316
vt 0.392005 0.844963
vt 0.408891 0.828886
vt 0.424750 0.846452
vt 0.441000 0.846349
vt 0.457357 0.846002
vt 0.490780 0.844297
vt 0.525452 0.841978
vt 0.541800 0.842071
vt 0.574074 0.840835
vt 0.639468 0.834690
vt 0.671810 0.833503
vt 0.704497 0.818303
vt 0.787253 0.802884
vt 0.822174 0.820700
vt 0.891960 0.822401
vt 0.996643 0.773303
vt 0.005025 0.795119
vt 0.072194 0.793851
vt 0.207994 0.855139
vt 0.290474 0.846459
vt 0.306489 0.849345
vt 0.356557 0.839165
vt 0.391760 0.862329
vt 0.473832 0.845435
vt 0.574068 0.857671
vt 0.689352 0.852999
vt 0.738507 0.837095
vt 0.910108 0.839969
vt 0.945267 0.857577
vt 0.122691 0.842554
vt 0.173951 0.857021
vt 0.274482 0.868635
vt 0.307130 0.869838
vt 0.338516 0.835331
vt 0.408161 0.862944
vt 0.407903 0.879642
vt 0.424489 0.862984
vt 0.440750 0.879357
vt 0.457146 0.862659
vt 0.508468 0.859542
vt 0.525188 0.858994
vt 0.639828 0.852701
vt 0.673087 0.869756
vt 0.706684 0.871611
vt 0.772953 0.854939
vt 0.911033 0.874478
vt 0.962237 0.857580
vt 0.089087 0.876918
vt 0.240910 0.871761
vt 0.291024 0.889965
vt 0.324664 0.891881
vt 0.341895 0.893984
vt 0.375163 0.878867
vt 0.407701 0.896198
vt 0.473573 0.878658
vt 0.541757 0.891950
vt 0.574676 0.891085
vt 0.607994 0.888550
vt 0.640641 0.885783
vt 0.723707 0.889087
vt 0.756694 0.888386
vt 0.808043 0.873483
vt 0.876019 0.857040
vt 0.962255 0.874515
vt 0.139650 0.909293
vt 0.207140 0.907571
vt 0.274259 0.908068
vt 0.374958 0.895839
vt 0.391304 0.896122
vt 0.391054 0.912640
vt 0.440674 0.895953
vt 0.457196 0.895660
vt 0.508785 0.909518
vt 0.525283 0.909013
vt 0.608005 0.906767
vt 0.690879 0.906715
vt 0.774517 0.906870
vt 0.021341 0.778243
vt 0.023136 0.910919
vt 0.106125 0.909922
vt 0.173461 0.908355
vt 0.324755 0.910116
vt 0.341185 0.927988
vt 0.374302 0.928911
vt 0.390809 0.929177
vt 0.424043 0.912735
vt 0.474282 0.928553
vt 0.541711 0.909199
vt 0.574754 0.926872
vt 0.656948 0.903279
vt 0.673935 0.905363
vt 0.757397 0.905921
vt 0.826749 0.926012
vt 0.894579 0.908788
vt 0.123106 0.943045
vt 0.206725 0.942353
vt 0.273810 0.942955
vt 0.307322 0.943753
vt 0.340767 0.944709
vt 0.373985 0.945478
vt 0.390566 0.945748
vt 0.423794 0.946047
vt 0.507948 0.945139
vt 0.524953 0.927111
vt 0.608012 0.945204
vt 0.641476 0.943415
vt 0.691404 0.925335
vt 0.724286 0.907084
vt 0.776141 0.943494
vt 0.793160 0.943498
vt 0.996577 0.975642
vt 0.189887 0.959385
vt 0.273539 0.959961
vt 0.340382 0.961405
vt 0.457265 0.945930
vt 0.541172 0.963229
vt 0.641758 0.962783
vt 0.692337 0.962371
vt 0.810561 0.960716
vt 0.827495 0.960473
vt 0.911732 0.925628
vt 0.056841 0.960287
vt 0.156581 0.976129
vt 0.273267 0.976786
vt 0.306649 0.977395
vt 0.373676 0.962107
vt 0.390310 0.962386
vt 0.406735 0.979319
vt 0.423636 0.962771
vt 0.541017 0.980667
vt 0.642002 0.980504
vt 0.709526 0.979573
vt 0.007477 0.993947
vt 0.024042 0.993772
vt 0.057171 0.993433
vt 0.106876 0.992999
vt 0.156630 0.992741
vt 0.223091 0.992875
vt 0.289654 0.993752
vt 0.306314 0.994077
vt 0.322987 0.994430
vt 0.373055 0.995469
vt 0.406491 0.996046
vt 0.440007 0.996482
vt 0.490387 0.997037
vt 0.540871 0.997624
vt 0.557741 0.997752
vt 0.777362 0.995152
vt 0.996705 0.992498
vt 0.022103 0.061310
vt 0.022284 0.078161
vt 0.022442 0.095008
vt 0.022572 0.111850
vt 0.022668 0.128684
vt 0.022724 0.145506
vt 0.022740 0.162314
vt 0.022715 0.179109
vt 0.022549 0.212663
vt 0.022413 0.229426
vt 0.022027 0.262951
vt 0.021755 0.279713
vt 0.021407 0.296453
vt 0.019400 0.379882
vt 0.020682 0.745006
vt 0.023512 0.944066
vt 0.024042 0.993772
vn 0.000000 1.000000 0.000000
vn 0.000000 1.000000 0.000000
vn 0.000000 1.000000 0.000000
vn 0.000000 1.000000 0.000000
vn -0.131658 0.991143 -0.017385
vn -0.089247 0.995693 -0.025104
vn -0.035690 0.999348 -0.005557
vn -0.035413 0.999347 0.007151
vn -0.049021 0.998781 0.005783
vn -0.147509 0.989039 0.006601
vn -0.104487 0.994526 0.000527
vn -0.186121 0.982507 0.006199
vn -0.193801 0.981026 0.005348
vn -0.089992 0.995861 -0.012727
vn -0.231043 0.972911 -0.007988
vn -0.168853 0.984407 -0.049319
vn -0.006796 0.999976 -0.001132
vn -0.000139 1.000000 0.000069
vn -0.130000 0.991224 0.023974
vn -0.140946 0.989864 0.017453
vn -0.129881 0.991447 0.012825
vn -0.285716 0.956925 0.051591
vn -0.284974 0.957860 0.035976
vn -0.337981 0.940893 0.022104
vn -0.338668 0.940906 0.000075
vn -0.458957 0.888361 0.013150
vn -0.490005 0.870663 -0.042912
vn -0.005361 0.999944 -0.009155
vn 0.000000 1.000000 0.000000
vn -0.004504 0.999761 -0.021415
vn -0.083035 0.989983 -0.114184
vn 0.034031 0.998750 -0.036600
vn -0.170669 0.980610 0.096315
vn -0.223930 0.974569 -0.008421
vn -0.492087 0.867093 0.077456
vn -0.560383 0.828098 0.015002
vn -0.595801 0.802490 0.032105
vn -0.702270 0.711310 -0.029244
vn -0.554790 0.826538 -0.095101
vn -0.443986 0.874338 -0.195982
vn 0.082705 0.993932 0.072519
vn -0.005282 0.995082 0.098913
vn -0.263451 0.964464 0.020072
vn -0.486295 0.865036 0.123411
vn -0.615653 0.756531 0.220526
vn -0.614913 0.783499 0.089507
vn -0.750408 0.659245 0.047784
vn -0.785361 0.618822 -0.016373
vn -0.678120 0.734557 0.024075
vn -0.754537 0.654973 0.041048
vn -0.696755 0.693401 -0.183653
vn -0.556607 0.815137 -0.160436
vn -0.149185 0.979904 -0.132405
vn 0.156340 0.977034 0.144782
vn -0.081004 0.994147 -0.071481
vn 0.048976 0.967232 -0.249127
vn 0.104618 0.993239 -0.050305
vn -0.267970 0.963240 0.018997
vn -0.413838 0.909772 0.032452
vn -0.436761 0.899059 0.030558
vn -0.752273 0.644401 0.137235
vn -0.675413 0.706146 0.212545
vn -0.806217 0.586170 0.080115
vn -0.777579 0.627882 -0.033690
vn -0.802074 0.597193 0.006081
vn -0.763688 0.645144 -0.023872
vn -0.678129 0.723289 -0.130363
vn -0.268637 0.933413 -0.237855
vn -0.025197 0.995592 -0.090341
vn 0.287245 0.941889 0.174173
vn 0.307615 0.935819 0.172094
vn 0.336769 0.940179 -0.051479
vn -0.219183 0.959630 -0.176267
vn -0.052679 0.995523 0.078478
vn 0.029905 0.975471 0.218089
vn -0.074318 0.969132 0.235074
vn -0.360896 0.932573 0.007837
vn -0.515914 0.852794 0.081093
vn -0.473687 0.866577 0.157053
vn -0.637976 0.727911 0.251263
vn -0.827546 0.557671 0.064585
vn -0.840294 0.541411 0.027939
vn -0.632139 0.723691 -0.276894
vn -0.596551 0.757069 -0.266409
vn -0.338873 0.878278 -0.337332
vn 0.076684 0.996757 -0.024397
vn 0.432513 0.901599 -0.007265
vn 0.575037 0.814014 0.081934
vn 0.599042 0.769048 0.222967
vn 0.314664 0.929590 0.191963
vn 0.174278 0.973369 -0.148929
vn -0.071866 0.996947 0.030517
vn -0.379803 0.898390 0.220557
vn -0.327638 0.929370 0.170074
vn -0.175875 0.939619 0.293572
vn -0.222117 0.939373 0.261234
vn -0.340023 0.932226 0.123850
vn -0.534819 0.844290 0.033820
vn -0.674245 0.735651 0.064904
vn -0.677928 0.727596 -0.104964
vn -0.582048 0.810020 -0.071333
vn -0.528727 0.809266 0.256001
vn -0.584037 0.740302 0.332948
vn -0.695894 0.716618 0.046800
vn -0.718512 0.690908 0.079912
vn -0.838106 0.522469 0.156861
vn -0.821793 0.569011 0.029706
vn -0.798515 0.569572 -0.194837
vn -0.804759 0.577615 -0.136834
vn -0.244928 0.910785 -0.332386
vn 0.068968 0.951443 -0.299998
vn 0.035706 0.970928 -0.236695
vn 0.174736 0.979385 0.101356
vn 0.388874 0.919721 0.053757
vn -0.369168 0.807485 0.460090
vn -0.240790 0.927962 0.284440
vn -0.507317 0.856759 0.092702
vn -0.445220 0.882098 0.153889
vn -0.502893 0.845393 0.180025
vn -0.648413 0.747906 0.142119
vn -0.720823 0.686962 0.092180
vn -0.768870 0.637702 0.046646
vn -0.526544 0.774650 0.350240
vn -0.523128 0.765594 0.374436
vn -0.557511 0.782253 0.277962
vn -0.536504 0.792261 0.290666
vn -0.507788 0.853474 0.117186
vn -0.541676 0.738637 -0.401252
vn -0.519635 0.828051 -0.210502
vn -0.531199 0.810285 -0.247519
vn -0.464976 0.785576 -0.408249
vn -0.337357 0.840043 -0.424874
vn -0.272557 0.900519 -0.338788
vn -0.213689 0.940316 -0.264846
vn -0.054576 0.908614 -0.414055
vn -0.304263 0.952504 -0.012684
vn -0.213885 0.975511 0.051300
vn 0.113654 0.991150 0.068591
vn 0.009598 0.923190 0.384224
vn -0.168459 0.881124 0.441861
vn -0.441277 0.865161 0.238269
vn -0.528025 0.846580 0.067019
vn -0.455483 0.868323 0.196343
vn -0.436057 0.825247 0.358918
vn -0.582417 0.721809 0.373874
vn -0.816697 0.554414 0.160097
vn -0.845204 0.525428 0.097748
vn -0.865647 0.498818 0.042856
vn -0.820571 0.553110 -0.143985
vn -0.734440 0.655251 -0.176761
vn -0.674320 0.735640 0.064232
vn -0.472252 0.842035 0.260682
vn -0.173004 0.984012 -0.042307
vn -0.259344 0.942982 0.208627
vn -0.400515 0.896033 0.191606
vn -0.546312 0.785904 0.289651
vn -0.551550 0.808213 0.206361
vn -0.320037 0.945136 -0.065531
vn -0.321431 0.856696 -0.403427
vn -0.338367 0.848986 -0.405870
vn -0.329643 0.866912 -0.373897
vn -0.401157 0.907441 -0.124999
vn -0.502381 0.860333 -0.086262
vn -0.294010 0.952750 -0.076328
vn -0.315491 0.945419 0.081535
vn 0.154412 0.956898 0.245974
vn 0.224540 0.829862 0.510795
vn 0.344594 0.784250 0.515952
vn 0.370975 0.824238 0.427796
vn -0.419128 0.884553 0.204687
vn -0.235148 0.898839 0.369858
vn -0.593796 0.793101 0.135636
vn -0.475642 0.808171 0.347310
vn -0.289388 0.685784 0.667798
vn -0.512438 0.647964 0.563515
vn -0.869266 0.473708 0.141341
vn -0.848743 0.527919 0.030624
vn -0.838892 0.527113 -0.135690
vn -0.812989 0.494822 -0.306919
vn -0.780583 0.602029 -0.168080
vn -0.732942 0.651859 0.194617
vn -0.559007 0.827268 0.056025
vn -0.363522 0.930357 0.047837
vn 0.091765 0.991962 0.087121
vn 0.181679 0.931799 0.314234
vn 0.135267 0.926077 0.352255
vn -0.434459 0.868214 -0.239689
vn 0.033486 0.994816 -0.096017
vn -0.280006 0.863651 -0.419171
vn -0.348984 0.871069 -0.345613
vn -0.513687 0.847858 -0.131387
vn -0.240162 0.850313 -0.468284
vn -0.435502 0.772027 -0.462939
vn -0.472748 0.820058 -0.322512
vn -0.399881 0.807965 -0.432768
vn -0.237729 0.911369 -0.335993
vn -0.303910 0.910039 0.281900
vn -0.416466 0.908986 -0.017370
vn -0.521755 0.852115 0.040900
vn -0.139287 0.958455 -0.248923
vn 0.024604 0.998769 0.043073
vn 0.486558 0.789668 0.373746
vn 0.312834 0.773109 0.551759
vn -0.344953 0.900205 0.265778
vn -0.219401 0.851142 0.476885
vn 0.084162 0.644715 0.759776
vn -0.635563 0.674085 0.376390
vn -0.818627 0.550573 0.163463
vn -0.749573 0.581924 -0.315444
vn -0.664007 0.720933 0.198368
vn -0.287483 0.957469 -0.024639
vn 0.279037 0.923777 0.262247
vn 0.258546 0.902797 0.343675
vn 0.344563 0.924875 0.160881
vn -0.029418 0.963940 -0.264488
vn -0.615725 0.775749 -0.138188
vn -0.596405 0.760342 -0.257258
vn -0.464964 0.729719 -0.501317
vn -0.619109 0.728956 -0.292109
vn -0.625907 0.720894 -0.297576
vn -0.479622 0.876695 -0.036994
vn -0.283331 0.936517 -0.206540
vn 0.035241 0.933616 -0.356537
vn 0.026224 0.924943 0.379200
vn 0.304624 0.774548 0.554328
vn 0.230221 0.858361 0.458492
vn 0.404480 0.763619 0.503272
vn -0.504889 0.847269 0.164991
vn 0.583944 0.639745 0.499735
vn 0.614299 0.459161 0.641722
vn -0.068723 0.797748 0.599062
vn -0.563852 0.806607 0.177357
vn -0.544147 0.836372 -0.066231
vn -0.729024 0.530099 -0.433034
vn -0.768926 0.610539 -0.189724
vn -0.791711 0.584868 0.176419
vn -0.641734 0.761768 0.088810
vn -0.692953 0.717105 0.074682
vn -0.158451 0.972822 -0.168851
vn -0.101239 0.993580 0.050499
vn 0.237472 0.942548 0.234970
vn 0.355900 0.933233 0.049097
vn 0.235346 0.968909 0.076333
vn -0.111046 0.991538 -0.067234
vn -0.467899 0.881376 0.065170
vn -0.577966 0.814485 -0.050697
vn -0.458331 0.853740 -0.247106
vn -0.582139 0.753828 -0.304726
vn -0.540512 0.722603 -0.430919
vn -0.269260 0.827696 -0.492360
vn -0.045395 0.985978 0.160586
vn -0.029672 0.998613 -0.043505
vn -0.242791 0.965812 -0.090883
vn -0.400044 0.817082 -0.415140
vn -0.411817 0.911181 0.012497
vn -0.526491 0.796543 0.297199
vn -0.506876 0.818007 0.271923
vn 0.151548 0.834665 0.529498
vn 0.514069 0.744026 0.426800
vn 0.316187 0.853256 0.414704
vn 0.697019 0.241515 0.675156
vn 0.450354 0.819486 0.354436
vn 0.300820 0.947653 0.107056
vn -0.113604 0.993130 -0.028073
vn -0.568717 0.818712 -0.079194
vn -0.181346 0.964059 -0.194176
vn -0.404127 0.906296 -0.123727
vn -0.500359 0.865681 0.015446
vn -0.169557 0.963328 0.207966
vn -0.059533 0.961153 0.269519
vn -0.290080 0.953495 -0.081856
vn -0.100802 0.880271 -0.463641
vn 0.010527 0.882140 -0.470869
vn 0.040941 0.947774 -0.316304
vn -0.456151 0.828472 -0.324901
vn -0.561456 0.785551 -0.260149
vn -0.387940 0.740745 -0.548452
vn -0.343638 0.776489 -0.528184
vn 0.177851 0.982159 0.061102
vn 0.111018 0.989508 0.092461
vn -0.357955 0.933718 -0.006223
vn -0.587167 0.767284 -0.257898
vn -0.712160 0.702006 -0.003922
vn -0.715143 0.668505 0.204138
vn 0.220145 0.946504 0.235937
vn 0.654529 0.711730 0.255015
vn 0.572637 0.793643 0.205467
vn 0.759709 0.439496 0.479256
vn 0.875816 0.318527 0.362611
vn 0.780074 0.414611 0.468596
vn -0.360117 0.932379 -0.031396
vn -0.514264 0.779694 -0.357225
vn -0.398668 0.915291 -0.057508
vn -0.492298 0.866354 -0.084104
vn -0.526129 0.827410 -0.196419
vn -0.612870 0.789774 -0.025442
vn -0.695296 0.717814 0.036155
vn -0.654698 0.755888 -0.001818
vn -0.384101 0.913810 0.131978
vn -0.120937 0.992002 0.036141
vn 0.054986 0.993135 0.103241
vn -0.040210 0.973099 0.226850
vn -0.135858 0.977250 -0.162865
vn -0.120127 0.837419 -0.533197
vn -0.001129 0.989619 -0.143715
vn -0.337969 0.895857 -0.288475
vn -0.276895 0.774898 -0.568210
vn 0.184001 0.977087 0.106976
vn -0.153907 0.916201 0.369984
vn -0.387017 0.898278 0.208120
vn -0.764122 0.636987 -0.101807
vn -0.722075 0.685730 0.091551
vn -0.574318 0.806014 0.143180
vn -0.214331 0.940209 0.264707
vn 0.485686 0.844156 0.226956
vn 0.532557 0.787932 0.309105
vn 0.833343 0.417830 0.361880
vn 0.519005 0.758027 0.395004
vn 0.482629 0.841649 0.242273
vn 0.403702 0.861399 -0.308246
vn 0.279393 0.941745 -0.187232
vn 0.110400 0.956381 0.270456
vn -0.064648 0.978382 0.196443
vn -0.618349 0.778185 -0.109875
vn -0.678957 0.726914 -0.103023
vn -0.715351 0.698670 0.011541
vn -0.752026 0.657099 -0.051754
vn -0.523702 0.847320 -0.088234
vn -0.362478 0.931992 -0.000503
vn 0.039656 0.940853 0.336487
vn 0.091904 0.917200 0.387683
vn -0.330399 0.935034 0.128637
vn -0.370711 0.732528 -0.570943
vn 0.146164 0.984503 0.096903
vn 0.200259 0.979400 -0.025918
vn -0.191033 0.814857 -0.547279
vn -0.098118 0.875648 -0.472878
vn -0.044071 0.976123 -0.212700
vn 0.281936 0.956111 0.079773
vn 0.267991 0.960863 0.070170
vn -0.073977 0.911338 0.404956
vn -0.669767 0.717423 0.191613
vn -0.783346 0.618919 0.057511
vn -0.732551 0.671330 -0.112630
vn -0.363475 0.931301 0.023758
vn -0.086361 0.993784 0.070255
vn 0.675375 0.638643 0.368787
vn 0.768219 0.265039 0.582747
vn 0.696117 0.529431 0.484897
vn 0.357208 0.931482 0.068871
vn 0.038292 0.937243 0.346568
vn -0.175773 0.885075 0.430984
vn -0.246348 0.855827 0.454833
vn -0.704904 0.708767 -0.027572
vn -0.648364 0.758728 0.062888
vn -0.793268 0.600883 -0.098314
vn -0.720361 0.664757 -0.197936
vn -0.510816 0.820682 -0.256024
vn -0.512657 0.818947 0.257893
vn -0.319669 0.772657 -0.548465
vn 0.026383 0.794327 -0.606917
vn -0.040774 0.924705 -0.378495
vn 0.118261 0.975098 -0.187613
vn 0.253735 0.967272 0.001702
vn -0.317106 0.737933 -0.595733
vn 0.051845 0.996876 0.059591
vn 0.076507 0.989734 0.120718
vn -0.008378 0.924863 0.380209
vn -0.118509 0.904105 0.410549
vn -0.467464 0.832654 0.296924
vn -0.688438 0.702894 0.178867
vn -0.821025 0.569896 -0.033696
vn -0.736273 0.597507 -0.317628
vn -0.311660 0.902449 -0.297412
vn 0.159483 0.977996 0.134497
vn 0.151943 0.948749 0.277107
vn 0.385630 0.895209 0.223363
vn 0.709084 0.584184 0.394878
vn 0.634355 0.330932 0.698626
vn -0.134991 0.989134 -0.058239
vn -0.114869 0.993284 0.013851
vn -0.449247 0.869740 0.204279
vn -0.667263 0.743773 -0.039522
vn -0.598758 0.740276 -0.305746
vn -0.572075 0.820186 0.005080
vn -0.566866 0.763592 0.309175
vn -0.360201 0.928718 -0.087971
vn -0.012141 0.815113 -0.579175
vn 0.510248 0.859980 0.009038
vn 0.296614 0.900861 -0.316969
vn -0.007842 0.792964 -0.609218
vn -0.001121 0.986359 -0.164604
vn 0.042869 0.888928 0.456037
vn 0.067911 0.901124 0.428211
vn -0.007465 0.898506 0.438897
vn -0.385215 0.888335 0.249943
vn -0.677398 0.706203 0.205935
vn -0.864495 0.492420 -0.100850
vn -0.643108 0.544637 -0.538315
vn -0.527612 0.818273 -0.228156
vn -0.351711 0.910143 0.218949
vn -0.220475 0.972801 -0.071061
vn 0.664192 0.494856 0.560327
vn 0.656112 0.433709 0.617587
vn 0.337686 0.849114 0.406169
vn 0.215553 0.848168 0.483888
vn 0.197199 0.885494 0.420730
vn 0.421457 0.843941 0.331870
vn 0.616667 0.773939 -0.144015
vn 0.285827 0.956026 0.065713
vn 0.193133 0.936597 0.292381
vn -0.019833 0.978714 0.204268
vn -0.424504 0.882404 -0.202879
vn -0.558119 0.741914 -0.371573
vn -0.665780 0.735666 0.124630
vn -0.659612 0.725437 0.196604
vn -0.593406 0.802202 0.065890
vn -0.108923 0.720780 -0.684552
vn -0.052351 0.734373 -0.676724
vn -0.141882 0.918959 -0.367946
vn 0.106049 0.989440 -0.098807
vn 0.476679 0.847339 -0.234083
vn 0.335479 0.863703 -0.376125
vn 0.085125 0.832238 -0.547844
vn 0.071395 0.874762 -0.479264
vn 0.000693 0.994507 0.104665
vn -0.027988 0.922528 0.384915
vn 0.037728 0.918099 0.394551
vn 0.078849 0.833447 0.546945
vn -0.100380 0.862773 0.495527
vn -0.417013 0.757151 0.502814
vn -0.623914 0.729949 0.279116
vn -0.782501 0.527416 -0.330946
vn -0.677268 0.374124 -0.633514
vn -0.366963 0.929785 -0.028935
vn -0.052491 0.990496 -0.127133
vn 0.032802 0.917290 -0.396866
vn 0.476989 0.875494 0.077413
vn 0.652729 0.682037 0.329805
vn 0.662144 0.297423 0.687826
vn 0.721027 0.523247 0.454239
vn 0.749084 0.584082 0.312604
vn 0.781699 0.574487 0.242717
vn 0.637737 0.770187 -0.010170
vn 0.008235 0.884124 0.467179
vn 0.100685 0.954501 0.280697
vn -0.519258 0.831525 0.197327
vn -0.562670 0.753720 -0.339572
vn -0.510781 0.716281 -0.475441
vn -0.154792 0.687487 -0.709508
vn -0.309557 0.826874 -0.469525
vn 0.277283 0.929429 -0.243466
vn 0.337047 0.795161 -0.504101
vn -0.009200 0.978364 0.206686
vn 0.049675 0.935188 0.350651
vn 0.033734 0.851816 0.522754
vn -0.014364 0.795482 0.605807
vn 0.084692 0.822151 0.562934
vn -0.078309 0.994902 -0.063539
vn -0.354080 0.573898 -0.738423
vn -0.604370 0.446195 -0.660036
vn -0.553171 0.613563 -0.563509
vn 0.224507 0.918050 -0.326774
vn 0.361358 0.794231 -0.488486
vn 0.437423 0.852870 -0.285086
vn 0.590104 0.615793 0.522089
vn 0.686912 0.476051 0.549115
vn 0.767624 0.590866 0.248256
vn 0.765670 0.548887 0.335368
vn 0.628641 0.711893 0.313081
vn 0.150240 0.956827 0.248817
vn -0.411878 0.839937 0.353360
vn -0.349598 0.887488 0.300244
vn -0.492861 0.817434 0.298143
vn -0.602297 0.745449 -0.285558
vn -0.486352 0.869943 -0.081609
vn -0.291640 0.936712 0.193693
vn -0.507526 0.819254 -0.266911
vn -0.289011 0.601683 -0.744614
vn -0.228440 0.835712 -0.499400
vn -0.171560 0.858384 -0.483471
vn 0.080061 0.872354 -0.482274
vn 0.274662 0.901125 -0.335463
vn -0.046121 0.911994 0.407602
vn -0.123597 0.883363 0.452100
vn 0.090272 0.832710 0.546302
vn 0.323328 0.811400 0.486918
vn 0.420178 0.823629 0.380901
vn -0.275982 0.904910 -0.323994
vn -0.539382 0.546026 -0.641032
vn -0.577998 0.500776 -0.644315
vn -0.467251 0.575797 -0.670921
vn 0.172739 0.810504 -0.559682
vn 0.277029 0.889538 -0.363286
vn 0.374104 0.920447 0.113242
vn 0.300503 0.846183 0.440082
vn 0.391182 0.617983 0.681963
vn 0.618065 0.663532 0.421570
vn 0.730623 0.626497 0.271460
vn 0.616090 0.616649 0.490078
vn 0.120583 0.694008 0.709798
vn -0.217809 0.732113 0.645423
vn -0.405872 0.831294 0.379760
vn -0.246440 0.963314 0.106273
vn 0.022696 0.890608 0.454206
vn 0.174870 0.913618 0.367046
vn 0.085213 0.947398 -0.308507
vn 0.289587 0.908511 -0.301244
vn 0.453731 0.831950 0.319355
vn 0.486232 0.861422 0.146735
vn 0.529129 0.768835 -0.359049
vn 0.297832 0.592331 -0.748626
vn 0.098883 0.656658 -0.747678
vn -0.129480 0.899516 -0.417261
vn -0.305968 0.859121 -0.410238
vn 0.036035 0.896664 -0.441242
vn 0.262569 0.867107 -0.423301
vn 0.120347 0.884575 -0.450603
vn 0.012534 0.996835 -0.078499
vn -0.131396 0.933777 0.332860
vn 0.041758 0.871037 0.489439
vn 0.064897 0.937211 0.342671
vn 0.432718 0.774213 0.461898
vn 0.007045 0.952967 -0.302993
vn -0.318628 0.640446 -0.698788
vn -0.191064 0.840293 -0.507348
vn 0.103827 0.994595 -0.000062
vn 0.145464 0.887255 0.437743
vn 0.261315 0.798721 0.541996
vn 0.315529 0.869241 0.380607
vn 0.082392 0.947599 0.308654
vn 0.274890 0.720236 0.636942
vn 0.256993 0.624949 0.737152
vn 0.281167 0.863379 0.418954
vn 0.326571 0.928857 0.174858
vn 0.707572 0.649291 -0.278860
vn 0.669004 0.716379 -0.198079
vn 0.698806 0.715011 0.020729
vn 0.674478 0.708780 -0.206666
vn 0.261395 0.839975 -0.475516
vn -0.058484 0.846907 -0.528515
vn -0.346657 0.771807 -0.533050
vn -0.294561 0.819819 -0.491051
vn 0.007218 0.896462 -0.443063
vn 0.004084 0.933918 -0.357464
vn -0.001100 0.975538 -0.219829
vn -0.009491 0.891510 0.452903
vn -0.066727 0.865915 0.495721
vn -0.210416 0.938035 0.275346
vn -0.270130 0.907001 0.323078
vn -0.195159 0.825121 0.530178
vn -0.268625 0.872307 0.408561
vn 0.505464 0.850436 -0.145821
vn 0.186095 0.778842 -0.598977
vn -0.126829 0.871991 -0.472807
vn -0.584264 0.519073 -0.623858
vn -0.453436 0.688520 -0.565983
vn -0.174587 0.946795 -0.270368
vn 0.369248 0.803967 0.466147
vn 0.336744 0.758392 0.558073
vn -0.069244 0.851742 0.519365
vn -0.258777 0.756920 0.600089
vn 0.090111 0.720859 0.687199
vn 0.315683 0.659364 0.682337
vn 0.036569 0.936326 0.349223
vn -0.400720 0.913448 0.070962
vn 0.214400 0.879494 -0.424880
vn 0.602221 0.697839 -0.387750
vn 0.403317 0.861225 -0.309235
vn 0.755208 0.651028 0.076314
vn -0.435661 0.860491 -0.264113
vn -0.480425 0.762689 -0.433009
vn -0.567705 0.668808 -0.480007
vn -0.436598 0.729564 -0.526421
vn -0.254586 0.819510 -0.513409
vn -0.493486 0.778435 0.387958
vn -0.436888 0.882325 0.175018
vn -0.394321 0.895896 0.204649
vn -0.286756 0.934561 -0.210633
vn -0.514266 0.782546 -0.350931
vn -0.708584 0.485730 -0.511835
vn -0.638944 0.329145 -0.695280
vn -0.010983 0.997332 0.072172
vn 0.455700 0.745287 0.486708
vn -0.404956 0.674728 0.617052
vn -0.076705 0.799313 0.595999
vn -0.141963 0.701794 0.698091
vn -0.507043 0.593763 0.624783
vn -0.623026 0.769297 0.141498
vn -0.572770 0.618755 -0.537659
vn -0.061013 0.748383 -0.660455
vn 0.122806 0.819943 -0.559118
vn 0.579776 0.801691 -0.145437
vn 0.705978 0.707265 0.037031
vn 0.720315 0.683186 0.120011
vn 0.452322 0.890847 0.042381
vn 0.112508 0.936043 -0.333414
vn 0.030111 0.995912 -0.085169
vn -0.340975 0.907553 -0.245120
vn -0.592840 0.672083 -0.443673
vn -0.053864 0.789088 -0.611914
vn -0.099125 0.875000 -0.473867
vn -0.007783 0.928659 -0.370854
vn -0.304303 0.864114 0.400882
vn -0.486857 0.732733 0.475471
vn -0.428707 0.897999 0.099033
vn -0.452893 0.885672 -0.102335
vn -0.428794 0.835409 -0.343844
vn -0.569495 0.807102 -0.155762
vn -0.457267 0.726180 -0.513391
vn -0.411357 0.401409 -0.818325
vn -0.377401 0.470461 -0.797643
vn -0.098745 0.925613 -0.365362
vn 0.498687 0.838048 0.221327
vn 0.444724 0.626889 0.639711
vn 0.165749 0.739391 0.652556
vn -0.385113 0.720673 0.576471
vn -0.436725 0.781125 0.446222
vn -0.315983 0.747931 0.583741
vn -0.510018 0.552734 0.659066
vn -0.429073 0.602529 -0.672946
vn -0.217731 0.555159 -0.802740
vn 0.266143 0.632991 -0.726973
vn 0.252494 0.798653 -0.546260
vn 0.551828 0.790614 -0.265361
vn 0.796547 0.588613 0.138014
vn 0.758231 0.651828 -0.014307
vn 0.554334 0.832293 -0.001288
vn 0.140690 0.974926 -0.172412
vn -0.179666 0.850823 -0.493782
vn -0.188580 0.743283 -0.641847
vn 0.075748 0.859117 0.506142
vn -0.049582 0.792620 0.607697
vn -0.591355 0.720859 0.361472
vn -0.318767 0.944265 0.082165
vn -0.482136 0.843498 -0.236762
vn -0.195159 0.799863 -0.567568
vn -0.333574 0.428229 -0.839851
vn -0.260133 0.709340 -0.655109
vn 0.190751 0.969816 -0.151889
vn 0.482699 0.734910 0.476349
vn 0.044335 0.656226 0.753260
vn -0.354207 0.512343 0.782331
vn -0.441324 0.662791 0.604931
vn -0.301562 0.602387 0.739047
vn -0.469047 0.673188 0.571675
vn 0.147920 0.974914 -0.166321
vn 0.311958 0.692365 -0.650625
vn 0.090282 0.556057 -0.826226
vn 0.334686 0.749737 -0.570859
vn 0.354452 0.813377 -0.461283
vn 0.402550 0.894408 -0.194903
vn 0.729707 0.683760 -0.000250
vn 0.766412 0.638823 0.067210
vn 0.694748 0.676670 0.243807
vn 0.402472 0.873001 0.275472
vn 0.060914 0.998142 -0.001710
vn 0.129046 0.912566 -0.388035
vn 0.043759 0.822294 -0.567378
vn 0.010410 0.750674 -0.660590
vn -0.045823 0.860453 -0.507465
vn 0.126958 0.796056 0.591757
vn -0.452416 0.738522 0.499906
vn -0.479682 0.722984 0.497192
vn -0.101660 0.992199 0.072155
vn 0.141258 0.979947 0.140537
vn -0.243350 0.946279 0.212925
vn -0.531398 0.841767 -0.095099
vn -0.526432 0.703018 -0.478158
vn -0.367410 0.793070 -0.485850
vn -0.205694 0.638101 -0.741968
vn -0.216744 0.901962 -0.373479
vn -0.027409 0.946016 0.322958
vn 0.250840 0.687471 0.681515
vn 0.083568 0.538579 0.838421
vn -0.277249 0.387631 0.879134
vn -0.334587 0.618064 0.711371
vn 0.506452 0.862103 0.016869
vn 0.690146 0.497553 -0.525490
vn 0.550407 0.589723 -0.590998
vn 0.224125 0.886930 -0.403885
vn 0.379505 0.916458 -0.126806
vn 0.331326 0.940731 0.072452
vn 0.257446 0.811243 0.524982
vn -0.014721 0.840238 0.542018
vn 0.208532 0.967275 -0.144545
vn 0.409846 0.792374 -0.451851
vn 0.266762 0.739838 -0.617639
vn 0.186344 0.781870 -0.594942
vn 0.144343 0.899566 -0.412246
vn 0.053201 0.978538 -0.199078
vn 0.001020 0.987015 0.160627
vn 0.009768 0.914575 0.404298
vn 0.178253 0.755889 0.629967
vn 0.087148 0.736556 0.670739
vn 0.063867 0.841823 0.535962
vn 0.388978 0.836401 0.386172
vn 0.346821 0.937917 -0.005105
vn 0.314207 0.949048 -0.024120
vn 0.079865 0.953867 0.289411
vn -0.068117 0.953471 0.293690
vn -0.854968 0.486084 -0.180976
vn -0.416199 0.668410 -0.616447
vn -0.498836 0.351494 -0.792221
vn -0.501125 0.494291 -0.710317
vn -0.485290 0.745259 -0.457256
vn -0.491921 0.851264 0.182657
vn -0.245148 0.687454 0.683600
vn -0.385612 0.527897 0.756722
vn -0.509757 0.707560 0.489395
vn -0.337035 0.892380 0.300110
vn 0.350641 0.730116 0.586499
vn 0.605055 0.637285 0.477259
vn 0.810921 0.546155 -0.210052
vn 0.677585 0.501144 -0.538268
vn 0.224822 0.855016 -0.467336
vn 0.110580 0.929132 -0.352826
vn 0.121515 0.951732 -0.281852
vn -0.226879 0.961026 0.157974
vn -0.122650 0.811413 0.571460
vn 0.055477 0.864615 0.499364
vn 0.109757 0.884325 0.453787
vn 0.107312 0.733902 0.670726
vn 0.107788 0.936275 0.334322
vn 0.169628 0.966675 0.191745
vn 0.408218 0.912083 0.038244
vn 0.083053 0.966646 0.242277
vn -0.296738 0.732038 0.613244
vn -0.367710 0.737751 0.566138
vn -0.702170 0.700132 0.129507
vn -0.749535 0.566276 -0.342825
vn -0.620207 0.563285 -0.545943
vn -0.604350 0.525222 -0.599085
vn -0.621324 0.783311 0.019494
vn -0.389970 0.636289 0.665627
vn -0.315566 0.366947 0.875082
vn -0.062070 0.967494 0.245158
vn 0.387716 0.921562 0.020003
vn 0.849090 0.527185 0.033505
vn 0.835852 0.500432 -0.225651
vn -0.245340 0.869697 -0.428293
vn 0.002814 0.988886 0.148652
vn -0.504135 0.837290 0.211643
vn -0.236717 0.942323 0.236628
vn 0.359938 0.873158 0.328694
vn 0.677245 0.673460 -0.296296
vn 0.457522 0.739521 -0.493742
vn 0.354205 0.833324 -0.424394
vn -0.053903 0.886438 0.459698
vn -0.156158 0.858927 0.487708
vn -0.315574 0.789715 0.526083
vn -0.738277 0.671350 -0.065087
vn -0.565309 0.627145 -0.535832
vn -0.591204 0.308139 -0.745338
vn -0.649453 0.601532 -0.465156
vn 0.075659 0.381063 0.921448
vn -0.029463 0.535243 0.844184
vn 0.337726 0.721831 0.604071
vn 0.505951 0.820935 0.264726
vn 0.266282 0.957207 -0.113355
vn 0.548884 0.808008 -0.214125
vn 0.613573 0.759873 -0.214759
vn 0.234630 0.913541 -0.332253
vn -0.498250 0.863979 -0.072712
vn -0.678907 0.702158 -0.214615
vn -0.483756 0.682673 -0.547666
vn -0.079618 0.921730 -0.379573
vn -0.062938 0.973695 0.218991
vn 0.494649 0.827516 -0.265593
vn 0.553946 0.747117 -0.367369
vn 0.549452 0.708057 -0.443573
vn 0.224050 0.904825 -0.362068
vn 0.103593 0.974905 -0.197048
vn 0.010232 0.998615 -0.051614
vn -0.066281 0.800508 0.595646
vn -0.242910 0.658956 0.711879
vn -0.477053 0.815263 0.328280
vn -0.473987 0.868807 0.143215
vn -0.461450 0.828890 0.316236
vn -0.405787 0.710294 0.575169
vn -0.568407 0.747732 0.343234
vn -0.554219 0.553434 -0.621732
vn -0.613385 0.526835 -0.588391
vn -0.639527 0.382325 -0.666958
vn -0.570547 0.431459 -0.698799
vn -0.614437 0.747446 -0.252572
vn -0.193972 0.930556 0.310548
vn 0.480109 0.422955 0.768508
vn 0.619527 0.595775 0.511116
vn 0.382037 0.908841 0.167496
vn -0.138661 0.935400 -0.325268
vn 0.160090 0.902733 -0.399304
vn 0.147743 0.985587 -0.082405
vn -0.052224 0.988738 0.140246
vn -0.548113 0.773612 0.317957
vn -0.771802 0.634044 0.048065
vn -0.655568 0.475404 -0.586704
vn -0.391791 0.612643 -0.686418
vn 0.190543 0.981659 -0.006301
vn 0.348463 0.865436 0.359991
vn 0.436851 0.876577 0.201925
vn 0.449832 0.885970 -0.112732
vn 0.513996 0.790232 -0.333680
vn 0.415869 0.824841 -0.383002
vn 0.398163 0.786312 -0.472419
vn -0.203634 0.743329 0.637177
vn -0.220184 0.609181 0.761851
vn -0.326704 0.578831 0.747140
vn -0.523582 0.754284 0.396129
vn -0.483753 0.866708 0.121653
vn -0.564127 0.824262 0.048515
vn -0.575912 0.637255 0.512085
vn -0.558461 0.620798 -0.550210
vn -0.462328 0.642893 -0.610689
vn -0.727566 0.565500 -0.388403
vn -0.490723 0.292890 -0.820614
vn -0.577375 0.657049 -0.484690
vn -0.373726 0.921314 -0.107283
vn 0.155792 0.763156 0.627154
vn 0.409689 0.464726 0.784974
vn 0.324468 0.679184 0.658354
vn 0.205159 0.827763 0.522224
vn -0.002963 0.992211 0.124534
vn -0.170185 0.901076 -0.398874
vn -0.338585 0.937747 -0.077400
vn -0.149327 0.900405 0.408622
vn -0.291733 0.768343 0.569685
vn -0.664294 0.666035 0.339282
vn -0.737134 0.669295 -0.093156
vn -0.585452 0.451907 -0.673071
vn -0.362009 0.472126 -0.803770
vn -0.020127 0.808830 -0.587698
vn 0.038213 0.918343 -0.393935
vn 0.337009 0.937793 0.083479
vn 0.502628 0.846210 0.176902
vn 0.453670 0.752612 -0.477240
vn 0.287982 0.892478 -0.347202
vn 0.252893 0.914467 -0.315904
vn -0.024513 0.992277 -0.121600
vn -0.125842 0.832723 0.539200
vn -0.588374 0.695563 0.412320
vn -0.556654 0.639505 0.530254
vn -0.665403 0.719937 0.197307
vn -0.587730 0.622278 -0.517052
vn -0.761327 0.624879 -0.172938
vn -0.771517 0.435759 -0.463546
vn -0.532408 0.188778 -0.825169
vn -0.560345 0.492769 -0.665727
vn -0.564185 0.787864 -0.246911
vn -0.613629 0.695896 0.373079
vn -0.007049 0.588837 0.808221
vn 0.138169 0.788836 0.598871
vn -0.219940 0.899988 -0.376363
vn -0.289216 0.836265 -0.465848
vn -0.402906 0.786717 0.467700
vn -0.471458 0.717118 0.513293
vn -0.367154 0.929480 -0.035552
vn -0.355170 0.570615 -0.740441
vn -0.387944 0.438804 -0.810525
vn -0.319698 0.589910 -0.741485
vn 0.540410 0.839613 -0.054839
vn 0.273648 0.930631 -0.242986
vn -0.000081 0.883575 0.468289
vn -0.149620 0.772989 0.616524
vn -0.109512 0.724057 0.680991
vn -0.132185 0.602855 0.786825
vn 0.005368 0.700236 0.713891
vn 0.203863 0.892790 0.401704
vn -0.004609 0.918525 0.395335
vn -0.165601 0.805308 0.569259
vn -0.080196 0.762527 0.641967
vn -0.481049 0.769546 0.419989
vn -0.165719 0.791210 -0.588664
vn -0.646180 0.584210 -0.491070
vn -0.692538 0.709824 -0.128611
vn -0.572757 0.279622 -0.770559
vn -0.292869 0.269328 -0.917437
vn -0.469358 0.782767 -0.408631
vn -0.561180 0.793270 0.236218
vn -0.093160 0.782202 0.616020
vn 0.023208 0.736502 0.676038
vn -0.143029 0.903161 0.404776
vn -0.690296 0.719954 -0.071811
vn -0.740594 0.605407 -0.291552
vn -0.769408 0.638374 -0.022143
vn -0.720591 0.592312 0.360437
vn -0.687419 0.648195 0.327565
vn -0.242379 0.887818 -0.391192
vn -0.223283 0.732544 -0.643058
vn -0.544781 0.491085 -0.679742
vn -0.607914 0.595765 -0.524886
vn -0.374722 0.903904 -0.206255
vn -0.033417 0.999430 -0.004815
vn 0.298419 0.894358 -0.333272
vn 0.213680 0.853284 -0.475654
vn 0.056838 0.936328 -0.346497
vn -0.008922 0.970383 -0.241409
vn 0.298702 0.759978 0.577244
vn 0.295194 0.866983 0.401499
vn 0.192493 0.823790 0.533213
vn 0.168023 0.866869 0.469369
vn 0.360822 0.736455 0.572225
vn 0.318827 0.761082 0.564893
vn -0.324715 0.756117 -0.568197
vn -0.643709 0.760070 0.089065
vn -0.434090 0.346480 -0.831575
vn 0.041550 0.039254 -0.998365
vn 0.125777 0.780059 -0.612934
vn -0.285711 0.957445 0.040856
vn 0.014714 0.847965 0.529848
vn -0.194596 0.692729 0.694449
vn -0.261112 0.754897 0.601624
vn -0.639974 0.681532 0.354892
vn -0.745224 0.666812 0.001438
vn -0.638353 0.686166 0.348830
vn -0.604480 0.784797 -0.136743
vn -0.020135 0.781835 -0.623161
vn -0.456629 0.530787 -0.713971
vn -0.740680 0.445036 -0.503325
vn -0.772144 0.501027 -0.390853
vn -0.651204 0.716013 -0.251513
vn -0.495508 0.816742 -0.295643
vn -0.194508 0.918136 -0.345244
vn -0.129275 0.831432 -0.540378
vn -0.006666 0.997966 -0.063406
vn 0.154782 0.670491 0.725592
vn 0.442535 0.819015 0.365208
vn 0.350736 0.822578 0.447604
vn 0.680574 0.722034 0.124441
vn 0.643245 0.572539 0.508365
vn 0.796320 0.466590 0.384928
vn 0.774352 0.560093 -0.294407
vn 0.685685 0.582454 -0.436558
vn 0.473513 0.880607 -0.017792
vn 0.006389 0.997916 -0.064207
vn 0.078075 0.480967 -0.873255
vn -0.360199 0.068842 -0.930332
vn 0.223976 0.235917 -0.945610
vn 0.217361 0.973862 -0.065936
vn -0.046401 0.651624 0.757122
vn -0.257061 0.610063 0.749495
vn -0.340738 0.824149 0.452411
vn -0.710801 0.695203 -0.107027
vn -0.374295 0.834939 0.403460
vn 0.079420 0.917246 -0.390323
vn 0.222170 0.799106 -0.558633
vn -0.003103 0.831893 -0.554927
vn -0.684271 0.588363 -0.430815
vn -0.762965 0.478870 -0.434243
vn -0.804324 0.474104 -0.358175
vn -0.469804 0.767003 -0.437024
vn -0.248936 0.805805 -0.537317
vn -0.124501 0.945399 -0.301197
vn -0.059540 0.974540 -0.216162
vn 0.010845 0.998708 0.049638
vn 0.022391 0.820666 0.570969
vn 0.090586 0.812388 0.576038
vn 0.438395 0.803505 0.402729
vn 0.478739 0.815188 0.326004
vn 0.512903 0.736959 0.440251
vn 0.239105 0.886741 0.395626
vn 0.872854 0.479340 0.091426
vn 0.893106 0.444114 -0.071590
vn 0.812613 0.578573 -0.070092
vn 0.654377 0.727448 0.206423
vn 0.640718 0.712926 0.284986
vn 0.666081 0.714764 -0.213184
vn 0.522756 0.354818 -0.775133
vn 0.050630 0.157105 -0.986283
vn 0.165826 0.420333 -0.892089
vn 0.424453 0.895990 0.130543
vn 0.109055 0.850475 0.514586
vn -0.497820 0.575995 0.648386
vn -0.222006 0.941806 -0.252417
vn -0.233258 0.971695 -0.037410
vn -0.019403 0.989667 0.142069
vn 0.371385 0.792156 -0.484316
vn 0.412069 0.760521 -0.501805
vn 0.041072 0.956416 -0.289105
vn -0.259471 0.958924 -0.114626
vn -0.665801 0.716484 -0.208232
vn -0.661388 0.611598 -0.434182
vn -0.288459 0.694275 -0.659374
vn -0.321542 0.704675 -0.632490
vn 0.038742 0.912112 0.408107
vn 0.286015 0.878967 0.381592
vn 0.393557 0.795645 0.460501
vn 0.463588 0.703022 0.539302
vn 0.684408 0.729001 -0.011968
vn 0.782619 0.618518 -0.070304
vn 0.698355 0.711876 0.074379
vn 0.524772 0.414972 -0.743245
vn 0.096668 0.043823 -0.994352
vn -0.024993 0.741358 -0.670644
vn 0.208307 0.747582 0.630658
vn 0.033665 0.570629 0.820518
vn -0.324285 0.589687 0.739668
vn -0.132110 0.896877 0.422088
vn -0.054302 0.968955 -0.241202
vn -0.093769 0.992367 -0.080097
vn 0.179101 0.958463 -0.221970
vn 0.324916 0.898552 -0.295015
vn -0.031048 0.997558 0.062567
vn -0.112530 0.991095 0.071194
vn 0.204809 0.778981 -0.592657
vn 0.002622 0.726962 -0.686672
vn -0.375060 0.756968 -0.535097
vn -0.474397 0.624650 -0.620291
vn -0.273201 0.882026 -0.383917
vn -0.122319 0.954874 -0.270655
vn -0.004085 0.985616 -0.168950
vn 0.055621 0.785905 0.615840
vn 0.227043 0.791912 0.566857
vn 0.505652 0.785370 0.357086
vn 0.677741 0.729962 -0.088442
vn 0.586155 0.794081 -0.160801
vn 0.334359 0.936014 0.109919
vn 0.411471 0.904474 0.112329
vn 0.713533 0.688407 0.130251
vn 0.672766 0.629065 -0.389439
vn 0.418323 0.491900 -0.763571
vn -0.103390 0.283445 -0.953399
vn 0.162958 0.859315 -0.484791
vn 0.618688 0.719577 0.315333
vn -0.038533 0.546840 0.836350
vn -0.145325 0.603301 0.784161
vn -0.354837 0.697121 0.622987
vn -0.480211 0.876681 -0.028777
vn 0.523534 0.815565 -0.246507
vn 0.633021 0.659259 -0.405786
vn 0.642359 0.649417 -0.406980
vn 0.671092 0.736515 -0.084743
vn 0.701110 0.692820 -0.168658
vn 0.698298 0.594296 -0.398989
vn 0.083560 0.889551 -0.449130
vn -0.179624 0.724703 -0.665238
vn -0.385233 0.726474 -0.569061
vn 0.010666 0.984862 0.173014
vn 0.086849 0.920406 0.381195
vn -0.003805 0.930587 0.366053
vn -0.222555 0.855330 0.467846
vn -0.020214 0.856104 0.516409
vn 0.204885 0.926648 0.315190
vn 0.109025 0.993668 -0.027150
vn -0.044163 0.998214 0.040242
vn 0.156631 0.983054 0.095250
vn 0.139920 0.986880 0.080564
vn 0.557064 0.812901 -0.169921
vn 0.732072 0.676681 -0.078572
vn 0.395806 0.239462 -0.886564
vn 0.561593 0.700670 -0.440086
vn 0.471033 0.725359 0.501979
vn -0.013920 0.448197 0.893826
vn 0.120912 0.527379 0.840982
vn -0.364084 0.931233 0.015709
vn 0.295879 0.819141 -0.491390
vn 0.544761 0.684716 -0.484149
vn 0.556692 0.737266 -0.382798
vn 0.557988 0.820155 -0.126469
vn 0.686768 0.724954 -0.052838
vn 0.645326 0.596147 -0.477665
vn 0.636090 0.742376 -0.210400
vn 0.676117 0.736526 0.019907
vn 0.050362 0.794565 -0.605087
vn -0.269761 0.755507 -0.597024
vn -0.342426 0.765979 -0.544078
vn -0.214693 0.880904 -0.421799
vn 0.002788 0.999937 -0.010858
vn 0.058354 0.807416 0.587089
vn -0.119177 0.878029 0.463533
vn -0.100366 0.939574 0.327303
vn 0.163535 0.869995 0.465150
vn 0.047672 0.950007 0.308569
vn -0.261948 0.964756 0.025083
vn 0.444348 0.869404 -0.216080
vn 0.673866 0.670384 -0.310628
vn 0.800647 0.564933 -0.199539
vn 0.663002 0.245881 -0.707087
vn 0.688188 0.135990 -0.712674
vn 0.539549 0.828872 -0.147843
vn 0.128601 0.684849 0.717247
vn -0.022980 0.437155 0.899093
vn 0.131235 0.552339 0.823225
vn 0.191671 0.645376 0.739427
vn 0.235126 0.970747 -0.048639
vn 0.264069 0.788996 -0.554755
vn 0.684937 0.609298 -0.399521
vn 0.526807 0.778578 0.341014
vn 0.385429 0.916475 0.107326
vn -0.336413 0.851043 -0.403177
vn -0.428104 0.769097 -0.474571
vn -0.035685 0.942944 -0.331034
vn -0.017509 0.771685 0.635764
vn -0.227286 0.887407 0.401060
vn 0.450590 0.873999 0.181917
vn 0.492569 0.741992 0.454779
vn -0.018155 0.955182 0.295461
vn -0.226042 0.973409 0.037161
vn -0.025703 0.981276 -0.190884
vn 0.491397 0.756061 -0.432320
vn 0.659650 0.618289 -0.427295
vn 0.761549 0.575660 -0.297755
vn 0.810733 0.404263 -0.423418
vn 0.568107 0.071259 -0.819864
vn 0.741504 0.460742 -0.487738
vn 0.592808 0.780945 0.196730
vn 0.096531 0.527672 0.843945
vn -0.263026 0.577088 0.773167
vn 0.067533 0.683069 0.727225
vn 0.309792 0.524915 0.792775
vn 0.690307 0.715755 0.105691
vn 0.459455 0.782239 -0.420717
vn 0.173030 0.756812 -0.630315
vn -0.040803 0.821473 -0.568786
vn -0.234837 0.820146 -0.521740
vn -0.291444 0.929199 -0.227268
vn -0.374900 0.855677 -0.356744
vn -0.302492 0.754860 -0.581966
vn -0.205766 0.932768 -0.295981
vn 0.103390 0.949750 0.295440
vn 0.280237 0.959926 0.002999
vn -0.100234 0.905745 -0.411799
vn -0.367524 0.734316 -0.570708
vn 0.200630 0.789469 0.580075
vn 0.204796 0.839287 0.503644
vn 0.231443 0.938408 0.256562
vn 0.355066 0.932749 0.062512
vn 0.208387 0.836830 0.506251
vn 0.280107 0.850058 0.446028
vn 0.320452 0.945019 -0.065191
vn 0.362965 0.836089 -0.411354
vn 0.366216 0.770836 -0.521246
vn 0.564905 0.665307 -0.488107
vn 0.582023 0.296875 -0.757044
vn 0.491423 0.471717 -0.732111
vn 0.581484 0.776679 -0.242169
vn 0.556268 0.703238 0.442744
vn -0.026957 0.390863 0.920054
vn -0.031229 0.346209 0.937638
vn -0.142620 0.786608 0.600756
vn 0.421043 0.654241 0.628246
vn 0.568627 0.766981 0.297326
vn 0.095098 0.945405 -0.311713
vn -0.462809 0.815818 -0.346770
vn -0.623830 0.666694 -0.407866
vn -0.580096 0.739947 -0.340540
vn -0.618382 0.761483 -0.194289
vn -0.485749 0.822157 -0.296826
vn -0.237661 0.949746 -0.203714
vn 0.174492 0.954302 0.242610
vn 0.452473 0.886510 -0.096795
vn 0.133285 0.902019 -0.410605
vn -0.116693 0.827183 -0.549683
vn -0.202814 0.786941 -0.582744
vn -0.147771 0.857162 -0.493394
vn 0.285155 0.782308 0.553788
vn 0.367285 0.714966 0.594916
vn 0.260755 0.860054 0.438535
vn 0.387009 0.921591 0.029898
vn 0.299857 0.740110 0.601932
vn 0.369385 0.822417 0.432648
vn 0.242771 0.823906 -0.512094
vn 0.022930 0.742207 -0.669778
vn 0.038950 0.670489 -0.740897
vn 0.243916 0.352353 -0.903522
vn 0.105458 0.742226 -0.661800
vn 0.263528 0.963982 -0.035955
vn 0.087148 0.781764 0.617455
vn -0.183459 0.675830 0.713861
vn 0.038406 0.851425 0.523069
vn 0.496125 0.764069 0.412381
vn 0.604347 0.789323 0.108322
vn 0.501846 0.851410 -0.152482
vn 0.211900 0.977140 -0.017195
vn -0.218458 0.923549 -0.315171
vn -0.442846 0.764649 -0.468188
vn -0.626055 0.660849 -0.413924
vn -0.533994 0.811838 -0.236154
vn -0.416849 0.713738 -0.562864
vn -0.442534 0.702905 -0.556855
vn 0.044273 0.919335 -0.390978
vn 0.545745 0.798413 -0.254361
vn 0.272422 0.833964 -0.479886
vn 0.006169 0.999375 -0.034822
vn 0.256937 0.855579 0.449409
vn 0.465215 0.677907 0.569225
vn 0.409372 0.768833 0.491234
vn 0.374658 0.925662 0.052744
vn 0.126053 0.917299 0.377722
vn 0.335424 0.937545 -0.092193
vn 0.358672 0.874449 -0.326638
vn -0.038480 0.843687 -0.535454
vn 0.027739 0.734906 -0.677601
vn -0.219261 0.464532 -0.857983
vn 0.190775 0.981540 0.013587
vn -0.096098 0.693899 0.713631
vn -0.027026 0.437717 0.898707
vn 0.311272 0.360331 0.879359
vn 0.592456 0.415904 0.689942
vn 0.633296 0.650098 0.419891
vn 0.604721 0.699031 0.381665
vn 0.727333 0.667874 -0.157896
vn 0.837301 0.546411 -0.019035
vn 0.766046 0.622812 0.158992
vn 0.598874 0.795699 -0.090623
vn 0.311437 0.910606 -0.271668
vn -0.019972 0.970859 -0.238817
vn -0.415139 0.877980 -0.238350
vn -0.369063 0.893679 -0.255208
vn 0.081344 0.885731 -0.457016
vn -0.038414 0.845886 -0.531978
vn 0.503612 0.826548 -0.251384
vn 0.507878 0.817545 -0.271441
vn 0.284359 0.848848 -0.445642
vn 0.068164 0.873388 -0.482232
vn 0.034865 0.915338 -0.401174
vn 0.165247 0.953411 0.252392
vn 0.563315 0.757976 0.328860
vn 0.444397 0.872847 0.201620
vn 0.251165 0.846554 0.469321
vn 0.303113 0.882411 0.359825
vn -0.224925 0.936520 -0.268961
vn -0.066560 0.878415 -0.473241
vn -0.184385 0.515327 -0.836923
vn -0.208859 0.645882 -0.734312
vn 0.205495 0.680814 0.703039
vn 0.379358 0.487909 0.786150
vn 0.653643 0.446740 0.610879
vn 0.815005 0.525979 0.243131
vn 0.851118 0.469614 0.234650
vn 0.873346 0.485648 -0.037583
vn 0.769981 0.548459 0.326070
vn 0.772613 0.587386 0.240928
vn 0.610554 0.791959 -0.005037
vn 0.538609 0.817979 -0.202018
vn 0.530106 0.788476 -0.311918
vn 0.470314 0.797225 -0.378468
vn 0.449664 0.816756 -0.361541
vn 0.193806 0.866620 -0.459792
vn -0.080623 0.908492 -0.410051
vn 0.286040 0.914297 -0.286778
vn 0.328480 0.876775 -0.351238
vn 0.234973 0.891957 -0.386266
vn 0.057108 0.971752 -0.228990
vn 0.339323 0.869834 0.358119
vn 0.565090 0.660209 0.494770
vn 0.501191 0.785201 0.363685
vn 0.534689 0.744880 0.399076
vn 0.194919 0.943153 0.269199
vn -0.184018 0.982488 -0.029246
vn -0.330559 0.815875 -0.474425
vn 0.324003 0.701875 -0.634345
vn 0.293968 0.547481 -0.783484
vn 0.234120 0.596120 -0.768003
vn 0.226720 0.948526 -0.221127
vn 0.271019 0.857181 0.437939
vn 0.385826 0.579695 0.717699
vn 0.614262 0.547483 0.568283
vn 0.855872 0.503395 0.118647
vn 0.854853 0.518749 -0.011222
vn 0.867485 0.497275 -0.013724
vn 0.786577 0.601192 0.140944
vn 0.703598 0.695613 -0.145166
vn 0.622411 0.705340 -0.339264
vn 0.612353 0.755261 -0.233677
vn 0.374449 0.805740 -0.458880
vn 0.381049 0.874008 -0.301515
vn 0.251595 0.863982 -0.436160
vn 0.041457 0.998304 0.040878
vn 0.265658 0.924282 0.274095
vn 0.606815 0.679644 0.412140
vn 0.614536 0.761948 0.204404
vn 0.557529 0.784650 0.271082
vn 0.536281 0.749470 0.388198
vn 0.446902 0.876579 0.178570
vn 0.328560 0.804064 -0.495509
vn 0.289598 0.616517 -0.732147
vn 0.019445 0.677655 -0.735123
vn 0.601180 0.580761 0.548908
vn 0.750011 0.569682 0.336074
vn 0.760023 0.619580 0.196177
vn 0.775342 0.579996 0.249899
vn 0.671088 0.691513 -0.267304
vn 0.655936 0.690974 -0.303814
vn 0.661358 0.703137 -0.261160
vn 0.463143 0.818733 -0.339374
vn 0.292176 0.892489 -0.343653
vn 0.294008 0.903747 -0.311128
vn 0.126268 0.940878 -0.314332
vn 0.519222 0.764953 0.381124
vn 0.505408 0.819686 0.269590
vn 0.630066 0.695034 0.346330
vn 0.634094 0.735749 0.237903
vn 0.713138 0.600666 -0.361434
vn 0.494809 0.667030 -0.556987
vn 0.475327 0.605232 -0.638560
vn 0.109335 0.629286 -0.769445
vn 0.373138 0.883828 -0.282163
vn 0.283716 0.909494 0.303852
vn 0.390966 0.732696 0.557048
vn 0.556896 0.659366 0.505078
vn 0.803041 0.579335 0.139630
vn 0.738313 0.667382 0.097445
vn 0.652640 0.711312 0.260951
vn 0.715644 0.697532 0.036108
vn 0.546337 0.817603 -0.181770
vn 0.493636 0.826610 -0.270258
vn 0.368025 0.869719 -0.328856
vn 0.136600 0.974461 -0.178229
vn 0.374827 0.868091 0.325457
vn 0.613739 0.723382 0.316294
vn 0.802434 0.596056 -0.028588
vn 0.803365 0.571259 -0.168129
vn 0.740335 0.607347 -0.288158
vn 0.664425 0.600773 -0.444536
vn 0.403181 0.789719 0.462374
vn 0.312810 0.801831 0.509133
vn 0.584982 0.747477 0.314761
vn 0.574434 0.808077 0.130528
vn 0.511176 0.834137 0.207157
vn 0.634137 0.749545 0.189877
vn 0.481564 0.814390 -0.323829
vn 0.454455 0.844481 -0.283412
vn 0.198318 0.928603 -0.313634
vn 0.004457 0.999980 -0.004562
vn 0.198141 0.971016 0.133676
vn 0.562106 0.813913 0.146914
vn 0.706241 0.672710 0.220645
vn 0.763968 0.603000 0.229664
vn 0.671037 0.589957 -0.449066
vn 0.590978 0.444742 -0.673015
vn 0.523361 0.611018 -0.593928
vn 0.281618 0.953807 0.104608
vn 0.135523 0.864501 0.484016
vn 0.258968 0.862301 0.435169
vn 0.291107 0.900678 0.322545
vn 0.353485 0.922598 0.154475
vn 0.452650 0.858814 0.239888
vn 0.480207 0.853793 0.201096
vn 0.540994 0.837993 -0.071372
vn 0.671173 0.693786 -0.261128
vn 0.551772 0.828068 -0.099253
vn 0.483157 0.870205 -0.096447
vn 0.405953 0.885577 -0.225734
vn -0.000188 0.999999 -0.001268
vn 0.358097 0.907668 0.218871
vn 0.468276 0.872307 0.140707
vn 0.559813 0.827815 0.036498
vn 0.732854 0.679508 -0.034569
vn 0.836007 0.548398 -0.018757
vn 0.749824 0.644599 -0.149184
vn 0.691689 0.662650 -0.287162
vn 0.476188 0.820344 -0.316671
vn 0.184873 0.931271 0.313935
vn 0.143761 0.878301 0.455983
vn 0.285910 0.944932 0.159246
vn 0.374293 0.923138 0.087867
vn 0.483292 0.859108 0.168412
vn 0.570189 0.790345 -0.224140
vn 0.294934 0.930172 -0.218620
vn 0.029278 0.999550 0.006594
vn 0.120122 0.992579 0.018940
vn 0.604926 0.590669 -0.534017
vn 0.549679 0.621556 -0.558141
vn 0.178540 0.977573 0.111686
vn -0.062356 0.893926 0.443857
vn -0.004426 0.902797 0.430044
vn 0.261505 0.900930 0.346323
vn 0.335352 0.889654 0.309926
vn 0.681436 0.720114 -0.130694
vn 0.613111 0.705475 -0.355529
vn 0.507186 0.830465 -0.230415
vn 0.414060 0.884324 -0.215698
vn 0.292851 0.946629 -0.134658
vn 0.029761 0.999176 -0.027612
vn 0.561179 0.817863 -0.127197
vn 0.535506 0.750848 -0.386602
vn 0.361593 0.904873 -0.224623
vn 0.019937 0.989914 0.140259
vn -0.091905 0.959448 0.266482
vn 0.175974 0.937462 0.300329
vn 0.549056 0.833264 0.064877
vn 0.668481 0.732584 0.128275
vn 0.719615 0.691558 0.062463
vn 0.715240 0.689335 -0.115104
vn 0.629868 0.772671 -0.079029
vn 0.661889 0.749445 -0.015315
vn 0.123130 0.991182 0.048961
vn 0.374156 0.924702 0.070240
vn 0.464880 0.884940 0.027709
vn 0.522491 0.844383 -0.118407
vn 0.434302 0.787534 -0.437232
vn -0.010882 0.942133 0.335062
vn 0.531137 0.829993 0.170310
vn 0.561352 0.815656 0.139963
vn 0.630009 0.776377 0.018082
vn 0.616245 0.787284 0.020634
vn 0.726547 0.682272 0.081450
vn 0.585722 0.808694 -0.054260
vn 0.569313 0.807670 -0.153468
vn 0.000000 1.000000 0.000000
vn 0.074575 0.996764 -0.030005
vn 0.094882 0.995084 0.028375
vn 0.289717 0.918767 -0.268202
vn -0.130554 0.962583 -0.237465
vn -0.142343 0.968052 0.206432
vn 0.397437 0.906836 0.140333
vn 0.519336 0.854339 0.019882
vn 0.298146 0.952930 -0.055074
vn 0.086677 0.995978 -0.022713
vn -0.000583 0.999802 -0.019907
vn -0.040052 0.999043 0.017576
vn 0.194044 0.980912 0.012596
vn 0.107683 0.976815 -0.185031
vn -0.308342 0.945072 -0.108465
vn -0.290409 0.954598 -0.066377
vn -0.091020 0.989298 0.114041
vn 0.167339 0.974814 0.147427
vn 0.355183 0.933555 0.048162
vn 0.565244 0.824866 0.009788
vn 0.596446 0.801311 -0.046398
vn 0.002816 0.999985 -0.004774
vn -0.091002 0.993247 -0.071963
vn 0.031261 0.998788 0.038022
vn -0.139006 0.987559 -0.073516
vn 0.268063 0.963401 0.000145
vn 0.286919 0.957444 -0.031275
vn 0.075789 0.997116 -0.003934
vn -0.152466 0.988283 -0.007118
vn -0.159055 0.987270 -0.000184
vn -0.127434 0.991822 -0.007021
vn 0.036999 0.998896 0.028946
vn -0.088810 0.995755 0.024192
vn -0.120563 0.992669 -0.008556
vn -0.184408 0.979694 -0.078697
vn -0.295951 0.950000 -0.099566
vn -0.232406 0.970462 -0.064739
vn 0.119884 0.989298 0.083167
vn 0.371041 0.927220 0.050899
vn 0.265630 0.961053 0.076278
vn 0.196446 0.980514 0.000962
vn 0.000000 1.000000 0.000000
s 1
g mount_blend1:Mesh
usemtl initialShadingGroup
f 1/1/1 2/2/2 3/4/3
f 3/4/3 2/2/2 4/3/4
s 2
f 15/14/5 21/20/6 8/5/7
f 8/5/7 22/21/8 5/6/9
f 5/6/9 22/21/8 16/15/10
f 5/6/9 16/15/10 6/9/11
f 6/9/11 16/15/10 9/7/12
f 6/9/11 9/7/12 10/8/13
f 6/9/11 10/8/13 7/11/14
f 7/11/14 10/8/13 11/10/15
f 7/11/14 11/10/15 40/38/16
f 7/11/14 40/38/16 29/28/17
f 7/11/14 29/28/17 12/12/18
f 14/1435/19 31/29/20 15/14/5
f 8/5/7 21/20/6 22/21/8
f 22/21/8 23/22/21 16/15/10
f 16/15/10 23/22/21 35/33/22
f 16/15/10 36/34/23 9/7/12
f 9/7/12 36/34/23 17/16/24
f 17/16/24 18/17/25 9/7/12
f 9/7/12 18/17/25 10/8/13
f 10/8/13 18/17/25 19/18/26
f 10/8/13 19/18/26 11/10/15
f 19/18/26 20/19/27 11/10/15
f 20/19/27 40/38/16 11/10/15
f 12/12/18 29/28/17 172/165/28
f 13/13/29 12/39/18 476/465/30
f 31/29/20 32/30/31 15/14/5
f 15/14/5 32/30/31 21/20/6
f 21/20/6 33/31/32 22/21/8
f 22/21/8 46/44/33 34/32/34
f 22/21/8 34/32/34 23/22/21
f 16/15/10 35/33/22 36/34/23
f 17/16/24 36/34/23 24/23/35
f 24/23/35 25/24/36 17/16/24
f 17/16/24 25/24/36 18/17/25
f 18/17/25 25/24/36 19/18/26
f 19/18/26 25/24/36 26/25/37
f 19/18/26 26/25/37 27/26/38
f 19/18/26 27/26/38 20/19/27
f 27/26/38 28/27/39 20/19/27
f 20/19/27 28/27/39 40/38/16
f 28/27/39 53/51/40 40/38/16
f 14/1435/19 30/1436/41 31/29/20
f 32/30/31 33/31/32 21/20/6
f 33/31/32 45/43/42 22/21/8
f 22/21/8 45/43/42 46/44/33
f 34/32/34 47/45/43 23/22/21
f 23/22/21 47/45/43 35/33/22
f 36/34/23 48/46/44 24/23/35
f 24/23/35 48/46/44 66/63/45
f 24/23/35 66/63/45 37/35/46
f 24/23/35 37/35/46 38/36/47
f 24/23/35 38/36/47 25/24/36
f 25/24/36 38/36/47 49/47/48
f 49/47/48 39/37/49 25/24/36
f 25/24/36 39/37/49 26/25/37
f 26/25/37 39/37/49 51/49/50
f 26/25/37 51/49/50 27/26/38
f 27/26/38 52/50/51 28/27/39
f 28/27/39 71/68/52 53/51/40
f 40/38/16 145/139/53 29/28/17
f 145/139/53 172/165/28 29/28/17
f 30/1436/41 41/1437/54 31/29/20
f 31/29/20 41/1437/54 42/40/55
f 31/29/20 42/40/55 32/30/31
f 32/30/31 42/40/55 43/41/56
f 43/41/56 44/42/57 32/30/31
f 32/30/31 44/42/57 33/31/32
f 44/42/57 45/43/42 33/31/32
f 34/32/34 46/44/33 61/58/58
f 61/58/58 47/45/43 34/32/34
f 35/33/22 47/45/43 63/60/59
f 35/33/22 63/60/59 36/34/23
f 36/34/23 63/60/59 64/61/60
f 36/34/23 64/61/60 48/46/44
f 37/35/46 66/63/45 67/64/61
f 37/35/46 67/64/61 38/36/47
f 38/36/47 67/64/61 112/107/62
f 38/36/47 112/107/62 68/65/63
f 38/36/47 68/65/63 49/47/48
f 89/85/64 50/48/65 49/47/48
f 49/47/48 50/48/65 39/37/49
f 39/37/49 50/48/65 51/49/50
f 27/26/38 51/49/50 70/67/66
f 70/67/66 92/88/67 27/26/38
f 92/88/67 52/50/51 27/26/38
f 52/50/51 71/68/52 28/27/39
f 53/51/40 72/69/68 40/38/16
f 40/38/16 72/69/68 145/139/53
f 12/12/18 172/165/28 288/279/69
f 12/39/18 288/280/69 476/465/30
f 54/1438/70 55/52/71 41/1437/54
f 41/1437/54 55/52/71 42/40/55
f 42/40/55 55/52/71 56/53/72
f 56/53/72 57/54/73 42/40/55
f 42/40/55 57/54/73 43/41/56
f 57/54/73 58/55/74 43/41/56
f 43/41/56 58/55/74 44/42/57
f 44/42/57 58/55/74 45/43/42
f 58/55/74 59/56/75 45/43/42
f 45/43/42 59/56/75 46/44/33
f 46/44/33 59/56/75 60/57/76
f 46/44/33 60/57/76 61/58/58
f 61/58/58 83/79/77 47/45/43
f 47/45/43 83/79/77 62/59/78
f 47/45/43 62/59/78 63/60/59
f 48/46/44 64/61/60 65/62/79
f 48/46/44 65/62/79 66/63/45
f 67/64/61 66/63/45 87/83/80
f 49/47/48 68/65/63 89/85/64
f 89/85/64 90/86/81 50/48/65
f 50/48/65 90/86/81 51/49/50
f 51/49/50 90/86/81 69/66/82
f 51/49/50 69/66/82 70/67/66
f 92/88/67 93/89/83 52/50/51
f 93/89/83 94/90/84 52/50/51
f 52/50/51 94/90/84 71/68/52
f 71/68/52 95/91/85 53/51/40
f 95/91/85 72/69/68 53/51/40
f 54/1438/70 73/1439/86 74/70/87
f 54/1438/70 74/70/87 55/52/71
f 55/52/71 74/70/87 75/71/88
f 75/71/88 76/72/89 55/52/71
f 55/52/71 76/72/89 56/53/72
f 56/53/72 76/72/89 57/54/73
f 57/54/73 76/72/89 77/73/90
f 77/73/90 78/74/91 57/54/73
f 57/54/73 78/74/91 58/55/74
f 58/55/74 78/74/91 99/94/92
f 58/55/74 99/94/92 79/75/93
f 58/55/74 79/75/93 59/56/75
f 59/56/75 79/75/93 80/76/94
f 59/56/75 80/76/94 60/57/76
f 60/57/76 80/76/94 81/77/95
f 60/57/76 81/77/95 61/58/58
f 61/58/58 81/77/95 82/78/96
f 61/58/58 82/78/96 104/99/97
f 104/99/97 83/79/77 61/58/58
f 83/79/77 84/80/98 62/59/78
f 62/59/78 84/80/98 85/81/99
f 62/59/78 85/81/99 63/60/59
f 63/60/59 85/81/99 109/104/100
f 109/104/100 110/105/101 63/60/59
f 63/60/59 110/105/101 64/61/60
f 64/61/60 110/105/101 65/62/79
f 65/62/79 110/105/101 111/106/102
f 65/62/79 111/106/102 66/63/45
f 66/63/45 111/106/102 86/82/103
f 66/63/45 86/82/103 87/83/80
f 67/64/61 87/83/80 112/107/62
f 112/107/62 88/84/104 68/65/63
f 68/65/63 88/84/104 89/85/64
f 89/85/64 114/109/105 90/86/81
f 69/66/82 90/86/81 115/110/106
f 69/66/82 115/110/106 116/111/107
f 116/111/107 117/112/108 69/66/82
f 117/112/108 91/87/109 69/66/82
f 69/66/82 91/87/109 70/67/66
f 91/87/109 92/88/67 70/67/66
f 94/90/84 95/91/85 71/68/52
f 95/91/85 144/138/110 72/69/68
f 73/1439/86 96/1440/111 74/70/87
f 74/70/87 96/1440/111 121/115/112
f 74/70/87 121/115/112 75/71/88
f 75/71/88 121/115/112 97/92/113
f 97/92/113 98/93/114 75/71/88
f 75/71/88 98/93/114 76/72/89
f 76/72/89 98/93/114 77/73/90
f 77/73/90 98/93/114 78/74/91
f 78/74/91 98/93/114 99/94/92
f 99/94/92 100/95/115 79/75/93
f 79/75/93 100/95/115 101/96/116
f 79/75/93 101/96/116 80/76/94
f 80/76/94 101/96/116 102/97/117
f 80/76/94 102/97/117 81/77/95
f 81/77/95 102/97/117 103/98/118
f 81/77/95 103/98/118 82/78/96
f 82/78/96 103/98/118 104/99/97
f 83/79/77 104/99/97 105/100/119
f 83/79/77 105/100/119 84/80/98
f 84/80/98 105/100/119 106/101/120
f 84/80/98 106/101/120 107/102/121
f 84/80/98 107/102/121 85/81/99
f 85/81/99 107/102/121 108/103/122
f 85/81/99 108/103/122 109/104/100
f 111/106/102 134/128/123 86/82/103
f 86/82/103 134/128/123 135/129/124
f 86/82/103 135/129/124 160/153/125
f 86/82/103 160/153/125 87/83/80
f 87/83/80 160/153/125 161/154/126
f 87/83/80 161/154/126 112/107/62
f 88/84/104 112/107/62 113/108/127
f 113/108/127 114/109/105 88/84/104
f 88/84/104 114/109/105 89/85/64
f 90/86/81 114/109/105 115/110/106
f 117/112/108 118/113/128 91/87/109
f 118/113/128 143/137/129 91/87/109
f 91/87/109 143/137/129 92/88/67
f 143/137/129 167/160/130 92/88/67
f 92/88/67 167/160/130 93/89/83
f 167/160/130 168/161/131 93/89/83
f 93/89/83 168/161/131 94/90/84
f 168/161/131 119/114/132 94/90/84
f 94/90/84 119/114/132 95/91/85
f 119/114/132 171/164/133 95/91/85
f 95/91/85 171/164/133 144/138/110
f 144/138/110 262/253/134 72/69/68
f 72/69/68 262/253/134 145/139/53
f 96/1440/111 120/1441/135 121/115/112
f 97/92/113 121/115/112 147/140/136
f 97/92/113 147/140/136 98/93/114
f 98/93/114 147/140/136 122/116/137
f 98/93/114 122/116/137 123/117/138
f 98/93/114 123/117/138 99/94/92
f 99/94/92 123/117/138 124/118/139
f 99/94/92 124/118/139 100/95/115
f 100/95/115 124/118/139 101/96/116
f 101/96/116 124/118/139 125/119/140
f 101/96/116 125/119/140 102/97/117
f 102/97/117 125/119/140 126/120/141
f 102/97/117 126/120/141 103/98/118
f 103/98/118 126/120/141 127/121/142
f 103/98/118 127/121/142 128/122/143
f 103/98/118 128/122/143 104/99/97
f 104/99/97 128/122/143 105/100/119
f 105/100/119 128/122/143 129/123/144
f 105/100/119 129/123/144 106/101/120
f 106/101/120 129/123/144 130/124/145
f 106/101/120 130/124/145 131/125/146
f 106/101/120 131/125/146 107/102/121
f 107/102/121 131/125/146 157/150/147
f 107/102/121 157/150/147 108/103/122
f 108/103/122 157/150/147 158/151/148
f 158/151/148 132/126/149 108/103/122
f 108/103/122 132/126/149 109/104/100
f 132/126/149 133/127/150 109/104/100
f 109/104/100 133/127/150 110/105/101
f 133/127/150 159/152/151 110/105/101
f 110/105/101 159/152/151 111/106/102
f 111/106/102 159/152/151 134/128/123
f 112/107/62 161/154/126 136/130/152
f 112/107/62 136/130/152 113/108/127
f 113/108/127 136/130/152 192/184/153
f 113/108/127 192/184/153 137/131/154
f 113/108/127 137/131/154 138/132/155
f 113/108/127 138/132/155 114/109/105
f 114/109/105 138/132/155 139/133/156
f 114/109/105 139/133/156 115/110/106
f 115/110/106 139/133/156 140/134/157
f 115/110/106 140/134/157 116/111/107
f 116/111/107 140/134/157 141/135/158
f 141/135/158 164/157/159 116/111/107
f 116/111/107 164/157/159 117/112/108
f 164/157/159 142/136/160 117/112/108
f 117/112/108 142/136/160 118/113/128
f 142/136/160 143/137/129 118/113/128
f 168/161/131 169/162/161 119/114/132
f 169/162/161 171/164/133 119/114/132
f 120/1441/135 146/1442/162 121/115/112
f 121/115/112 146/1442/162 147/140/136
f 122/116/137 147/140/136 174/166/163
f 122/116/137 174/166/163 123/117/138
f 123/117/138 174/166/163 175/167/164
f 123/117/138 175/167/164 148/141/165
f 123/117/138 148/141/165 124/118/139
f 124/118/139 148/141/165 149/142/166
f 124/118/139 149/142/166 150/143/167
f 124/118/139 150/143/167 125/119/140
f 125/119/140 150/143/167 151/144/168
f 125/119/140 151/144/168 126/120/141
f 126/120/141 151/144/168 179/171/169
f 126/120/141 179/171/169 127/121/142
f 127/121/142 179/171/169 152/145/170
f 127/121/142 152/145/170 128/122/143
f 128/122/143 152/145/170 180/172/171
f 128/122/143 180/172/171 153/146/172
f 128/122/143 153/146/172 129/123/144
f 129/123/144 153/146/172 181/173/173
f 129/123/144 181/173/173 130/124/145
f 130/124/145 181/173/173 154/147/174
f 130/124/145 154/147/174 131/125/146
f 131/125/146 154/147/174 155/148/175
f 131/125/146 155/148/175 156/149/176
f 131/125/146 156/149/176 157/150/147
f 157/150/147 185/177/177 158/151/148
f 158/151/148 186/178/178 132/126/149
f 186/178/178 187/179/179 132/126/149
f 187/179/179 188/180/180 132/126/149
f 132/126/149 188/180/180 133/127/150
f 188/180/180 159/152/151 133/127/150
f 134/128/123 159/152/151 189/181/181
f 134/128/123 189/181/181 135/129/124
f 135/129/124 189/181/181 160/153/125
f 136/130/152 161/154/126 218/210/182
f 136/130/152 218/210/182 191/183/183
f 136/130/152 191/183/183 192/184/153
f 137/131/154 192/184/153 193/185/184
f 137/131/154 193/185/184 138/132/155
f 138/132/155 193/185/184 162/155/185
f 138/132/155 162/155/185 139/133/156
f 139/133/156 162/155/185 195/187/186
f 139/133/156 195/187/186 140/134/157
f 140/134/157 195/187/186 163/156/187
f 163/156/187 196/188/188 140/134/157
f 140/134/157 196/188/188 141/135/158
f 196/188/188 164/157/159 141/135/158
f 164/157/159 198/190/189 142/136/160
f 198/190/189 165/158/190 142/136/160
f 165/158/190 166/159/191 142/136/160
f 142/136/160 166/159/191 143/137/129
f 166/159/191 167/160/130 143/137/129
f 167/160/130 228/220/192 168/161/131
f 168/161/131 230/222/193 169/162/161
f 169/162/161 170/163/194 171/164/133
f 170/163/194 233/225/195 171/164/133
f 171/164/133 261/252/196 144/138/110
f 144/138/110 261/252/196 262/253/134
f 262/253/134 288/279/69 145/139/53
f 288/279/69 172/165/28 145/139/53
f 146/1442/162 173/1443/197 202/194/198
f 202/194/198 174/166/163 146/1442/162
f 146/1442/162 174/166/163 147/140/136
f 176/168/199 177/169/200 175/167/164
f 175/167/164 177/169/200 148/141/165
f 148/141/165 177/169/200 149/142/166
f 149/142/166 177/169/200 205/197/201
f 149/142/166 205/197/201 150/143/167
f 150/143/167 205/197/201 178/170/202
f 150/143/167 178/170/202 151/144/168
f 151/144/168 178/170/202 179/171/169
f 152/145/170 179/171/169 208/200/203
f 152/145/170 208/200/203 180/172/171
f 153/146/172 180/172/171 209/201/204
f 153/146/172 209/201/204 181/173/173
f 154/147/174 181/173/173 211/203/205
f 154/147/174 211/203/205 155/148/175
f 155/148/175 211/203/205 182/174/206
f 155/148/175 182/174/206 156/149/176
f 156/149/176 182/174/206 183/175/207
f 156/149/176 183/175/207 157/150/147
f 157/150/147 183/175/207 184/176/208
f 157/150/147 184/176/208 185/177/177
f 158/151/148 185/177/177 186/178/178
f 187/179/179 246/237/209 188/180/180
f 159/152/151 188/180/180 189/181/181
f 160/153/125 189/181/181 190/182/210
f 160/153/125 190/182/210 161/154/126
f 161/154/126 190/182/210 218/210/182
f 218/210/182 219/211/211 191/183/183
f 193/185/184 194/186/212 162/155/185
f 194/186/212 222/214/213 162/155/185
f 162/155/185 222/214/213 195/187/186
f 195/187/186 223/215/214 163/156/187
f 163/156/187 223/215/214 196/188/188
f 196/188/188 197/189/215 164/157/159
f 197/189/215 198/190/189 164/157/159
f 198/190/189 199/191/216 165/158/190
f 165/158/190 199/191/216 166/159/191
f 199/191/216 200/192/217 166/159/191
f 166/159/191 200/192/217 167/160/130
f 200/192/217 228/220/192 167/160/130
f 228/220/192 229/221/218 168/161/131
f 229/221/218 230/222/193 168/161/131
f 230/222/193 231/223/219 169/162/161
f 231/223/219 201/193/220 169/162/161
f 169/162/161 201/193/220 170/163/194
f 201/193/220 233/225/195 170/163/194
f 233/225/195 261/252/196 171/164/133
f 202/194/198 203/195/221 174/166/163
f 174/166/163 203/195/221 175/167/164
f 175/167/164 203/195/221 176/168/199
f 176/168/199 203/195/221 237/228/222
f 176/168/199 237/228/222 177/169/200
f 177/169/200 237/228/222 204/196/223
f 177/169/200 204/196/223 205/197/201
f 178/170/202 205/197/201 206/198/224
f 206/198/224 207/199/225 178/170/202
f 207/199/225 208/200/203 178/170/202
f 178/170/202 208/200/203 179/171/169
f 208/200/203 267/258/226 180/172/171
f 180/172/171 267/258/226 241/232/227
f 180/172/171 241/232/227 209/201/204
f 181/173/173 209/201/204 210/202/228
f 181/173/173 210/202/228 211/203/205
f 182/174/206 211/203/205 299/290/229
f 299/290/229 243/234/230 182/174/206
f 182/174/206 243/234/230 183/175/207
f 183/175/207 243/234/230 184/176/208
f 184/176/208 243/234/230 212/204/231
f 184/176/208 212/204/231 185/177/177
f 185/177/177 212/204/231 213/205/232
f 185/177/177 213/205/232 186/178/178
f 186/178/178 213/205/232 214/206/233
f 214/206/233 215/207/234 186/178/178
f 186/178/178 215/207/234 187/179/179
f 215/207/234 246/237/209 187/179/179
f 246/237/209 247/238/235 188/180/180
f 188/180/180 247/238/235 189/181/181
f 189/181/181 247/238/235 216/208/236
f 189/181/181 216/208/236 190/182/210
f 190/182/210 216/208/236 248/239/237
f 190/182/210 248/239/237 217/209/238
f 190/182/210 217/209/238 218/210/182
f 219/211/211 220/212/239 191/183/183
f 191/183/183 220/212/239 192/184/153
f 220/212/239 221/213/240 192/184/153
f 192/184/153 221/213/240 193/185/184
f 193/185/184 221/213/240 194/186/212
f 194/186/212 221/213/240 222/214/213
f 222/214/213 254/245/241 195/187/186
f 254/245/241 223/215/214 195/187/186
f 223/215/214 255/246/242 196/188/188
f 196/188/188 255/246/242 197/189/215
f 197/189/215 255/246/242 256/247/243
f 256/247/243 224/216/244 197/189/215
f 197/189/215 224/216/244 198/190/189
f 224/216/244 225/217/245 198/190/189
f 198/190/189 225/217/245 199/191/216
f 225/217/245 226/218/246 199/191/216
f 226/218/246 227/219/247 199/191/216
f 199/191/216 227/219/247 200/192/217
f 227/219/247 228/220/192 200/192/217
f 231/223/219 260/251/248 201/193/220
f 260/251/248 232/224/249 201/193/220
f 201/193/220 232/224/249 233/225/195
f 233/225/195 319/310/250 261/252/196
f 173/1443/197 234/1444/251 202/194/198
f 202/194/198 234/1444/251 235/226/252
f 202/194/198 235/226/252 203/195/221
f 235/226/252 236/227/253 203/195/221
f 236/227/253 237/228/222 203/195/221
f 237/228/222 238/229/254 204/196/223
f 204/196/223 238/229/254 205/197/201
f 205/197/201 238/229/254 239/230/255
f 205/197/201 239/230/255 206/198/224
f 206/198/224 239/230/255 240/231/256
f 240/231/256 265/256/257 206/198/224
f 206/198/224 265/256/257 207/199/225
f 265/256/257 266/257/258 207/199/225
f 207/199/225 266/257/258 208/200/203
f 266/257/258 267/258/226 208/200/203
f 241/232/227 268/259/259 209/201/204
f 209/201/204 268/259/259 210/202/228
f 210/202/228 268/259/259 242/233/260
f 210/202/228 242/233/260 211/203/205
f 242/233/260 299/290/229 211/203/205
f 243/234/230 244/235/261 212/204/231
f 212/204/231 244/235/261 213/205/232
f 213/205/232 244/235/261 245/236/262
f 245/236/262 271/262/263 213/205/232
f 213/205/232 271/262/263 214/206/233
f 271/262/263 272/263/264 214/206/233
f 214/206/233 272/263/264 215/207/234
f 272/263/264 246/237/209 215/207/234
f 247/238/235 248/239/237 216/208/236
f 217/209/238 248/239/237 249/240/265
f 217/209/238 249/240/265 218/210/182
f 249/240/265 250/241/266 218/210/182
f 218/210/182 250/241/266 219/211/211
f 219/211/211 250/241/266 220/212/239
f 250/241/266 251/242/267 220/212/239
f 220/212/239 251/242/267 221/213/240
f 251/242/267 252/243/268 221/213/240
f 221/213/240 252/243/268 222/214/213
f 222/214/213 252/243/268 253/244/269
f 222/214/213 253/244/269 254/245/241
f 254/245/241 255/246/242 223/215/214
f 224/216/244 256/247/243 283/274/270
f 224/216/244 283/274/270 225/217/245
f 225/217/245 283/274/270 257/248/271
f 225/217/245 257/248/271 226/218/246
f 257/248/271 258/249/272 226/218/246
f 226/218/246 258/249/272 227/219/247
f 258/249/272 314/305/273 227/219/247
f 227/219/247 314/305/273 228/220/192
f 228/220/192 314/305/273 315/306/274
f 228/220/192 315/306/274 229/221/218
f 315/306/274 259/250/275 229/221/218
f 229/221/218 259/250/275 230/222/193
f 259/250/275 286/277/276 230/222/193
f 230/222/193 286/277/276 231/223/219
f 286/277/276 260/251/248 231/223/219
f 260/251/248 318/309/277 232/224/249
f 318/309/277 287/278/278 232/224/249
f 232/224/249 287/278/278 233/225/195
f 287/278/278 319/310/250 233/225/195
f 234/1444/251 290/281/279 235/226/252
f 290/281/279 291/282/280 235/226/252
f 235/226/252 291/282/280 236/227/253
f 291/282/280 263/254/281 236/227/253
f 236/227/253 263/254/281 237/228/222
f 263/254/281 264/255/282 237/228/222
f 237/228/222 264/255/282 238/229/254
f 264/255/282 293/284/283 238/229/254
f 238/229/254 293/284/283 239/230/255
f 239/230/255 293/284/283 240/231/256
f 240/231/256 293/284/283 294/285/284
f 294/285/284 265/256/257 240/231/256
f 267/258/226 297/288/285 241/232/227
f 241/232/227 297/288/285 268/259/259
f 268/259/259 269/260/286 242/233/260
f 269/260/286 298/289/287 242/233/260
f 242/233/260 298/289/287 299/290/229
f 299/290/229 300/291/288 243/234/230
f 243/234/230 300/291/288 244/235/261
f 300/291/288 270/261/289 244/235/261
f 244/235/261 270/261/289 245/236/262
f 245/236/262 270/261/289 271/262/263
f 271/262/263 270/261/289 301/292/290
f 272/263/264 273/264/291 246/237/209
f 273/264/291 274/265/292 246/237/209
f 246/237/209 274/265/292 247/238/235
f 274/265/292 275/266/293 247/238/235
f 247/238/235 275/266/293 248/239/237
f 248/239/237 275/266/293 249/240/265
f 249/240/265 275/266/293 276/267/294
f 276/267/294 277/268/295 249/240/265
f 249/240/265 277/268/295 250/241/266
f 277/268/295 307/298/296 250/241/266
f 250/241/266 307/298/296 251/242/267
f 251/242/267 307/298/296 278/269/297
f 278/269/297 279/270/298 251/242/267
f 251/242/267 279/270/298 252/243/268
f 252/243/268 279/270/298 253/244/269
f 253/244/269 279/270/298 280/271/299
f 253/244/269 280/271/299 254/245/241
f 254/245/241 280/271/299 281/272/300
f 281/272/300 282/273/301 254/245/241
f 254/245/241 282/273/301 255/246/242
f 255/246/242 282/273/301 256/247/243
f 282/273/301 283/274/270 256/247/243
f 283/274/270 284/275/302 257/248/271
f 257/248/271 284/275/302 285/276/303
f 285/276/303 313/304/304 257/248/271
f 257/248/271 313/304/304 258/249/272
f 258/249/272 313/304/304 314/305/273
f 259/250/275 315/306/274 316/307/305
f 259/250/275 316/307/305 286/277/276
f 286/277/276 317/308/306 260/251/248
f 317/308/306 348/338/307 260/251/248
f 260/251/248 348/338/307 318/309/277
f 261/252/196 288/279/69 262/253/134
f 290/281/279 321/311/308 291/282/280
f 291/282/280 322/312/309 263/254/281
f 322/312/309 323/313/310 263/254/281
f 263/254/281 323/313/310 264/255/282
f 323/313/310 292/283/311 264/255/282
f 264/255/282 292/283/311 293/284/283
f 294/285/284 325/315/312 265/256/257
f 325/315/312 295/286/313 265/256/257
f 265/256/257 295/286/313 266/257/258
f 266/257/258 295/286/313 267/258/226
f 295/286/313 296/287/314 267/258/226
f 267/258/226 296/287/314 297/288/285
f 297/288/285 330/320/315 268/259/259
f 268/259/259 330/320/315 269/260/286
f 330/320/315 298/289/287 269/260/286
f 298/289/287 331/321/316 299/290/229
f 300/291/288 332/322/317 270/261/289
f 270/261/289 332/322/317 301/292/290
f 301/292/290 302/293/318 271/262/263
f 271/262/263 302/293/318 272/263/264
f 302/293/318 334/324/319 272/263/264
f 272/263/264 334/324/319 273/264/291
f 334/324/319 335/325/320 273/264/291
f 273/264/291 335/325/320 274/265/292
f 335/325/320 303/294/321 274/265/292
f 274/265/292 303/294/321 275/266/293
f 275/266/293 303/294/321 304/295/322
f 275/266/293 304/295/322 276/267/294
f 276/267/294 304/295/322 305/296/323
f 305/296/323 306/297/324 276/267/294
f 276/267/294 306/297/324 277/268/295
f 306/297/324 307/298/296 277/268/295
f 278/269/297 307/298/296 337/327/325
f 337/327/325 338/328/326 278/269/297
f 338/328/326 308/299/327 278/269/297
f 278/269/297 308/299/327 279/270/298
f 279/270/298 308/299/327 280/271/299
f 280/271/299 308/299/327 309/300/328
f 280/271/299 309/300/328 281/272/300
f 309/300/328 342/332/329 281/272/300
f 281/272/300 342/332/329 282/273/301
f 342/332/329 310/301/330 282/273/301
f 282/273/301 310/301/330 283/274/270
f 310/301/330 311/302/331 283/274/270
f 283/274/270 311/302/331 284/275/302
f 284/275/302 311/302/331 285/276/303
f 285/276/303 311/302/331 344/334/332
f 344/334/332 312/303/333 285/276/303
f 285/276/303 312/303/333 313/304/304
f 346/336/334 347/337/335 316/307/305
f 316/307/305 347/337/335 286/277/276
f 347/337/335 317/308/306 286/277/276
f 318/309/277 379/369/336 287/278/278
f 287/278/278 379/369/336 319/310/250
f 319/310/250 380/370/337 261/252/196
f 380/370/337 350/340/338 261/252/196
f 261/252/196 350/340/338 288/279/69
f 350/341/338 476/465/30 288/280/69
f 320/1446/339 321/311/308 289/1445/340
f 289/1445/340 321/311/308 290/281/279
f 321/311/308 352/342/341 291/282/280
f 291/282/280 352/342/341 322/312/309
f 323/313/310 324/314/342 292/283/311
f 292/283/311 324/314/342 293/284/283
f 293/284/283 324/314/342 294/285/284
f 324/314/342 325/315/312 294/285/284
f 325/315/312 326/316/343 295/286/313
f 326/316/343 327/317/344 295/286/313
f 295/286/313 327/317/344 296/287/314
f 327/317/344 328/318/345 296/287/314
f 296/287/314 328/318/345 297/288/285
f 328/318/345 329/319/346 297/288/285
f 297/288/285 329/319/346 330/320/315
f 330/320/315 331/321/316 298/289/287
f 331/321/316 391/381/347 299/290/229
f 299/290/229 391/381/347 300/291/288
f 391/381/347 332/322/317 300/291/288
f 332/322/317 333/323/348 301/292/290
f 333/323/348 362/352/349 301/292/290
f 301/292/290 362/352/349 302/293/318
f 362/352/349 334/324/319 302/293/318
f 303/294/321 335/325/320 363/353/350
f 363/353/350 364/354/351 303/294/321
f 303/294/321 364/354/351 304/295/322
f 364/354/351 365/355/352 304/295/322
f 304/295/322 365/355/352 305/296/323
f 305/296/323 365/355/352 306/297/324
f 306/297/324 365/355/352 366/356/353
f 366/356/353 336/326/354 306/297/324
f 336/326/354 337/327/325 306/297/324
f 306/297/324 337/327/325 307/298/296
f 338/328/326 339/329/355 308/299/327
f 339/329/355 340/330/356 308/299/327
f 340/330/356 341/331/357 308/299/327
f 308/299/327 341/331/357 309/300/328
f 341/331/357 370/360/358 309/300/328
f 370/360/358 342/332/329 309/300/328
f 310/301/330 342/332/329 343/333/359
f 310/301/330 343/333/359 311/302/331
f 311/302/331 343/333/359 344/334/332
f 344/334/332 345/335/360 312/303/333
f 345/335/360 373/363/361 312/303/333
f 312/303/333 373/363/361 313/304/304
f 313/304/304 373/363/361 314/305/273
f 314/305/273 373/363/361 315/306/274
f 315/306/274 373/363/361 407/397/362
f 315/306/274 407/397/362 316/307/305
f 316/307/305 407/397/362 374/364/363
f 316/307/305 374/364/363 346/336/334
f 346/336/334 375/365/364 347/337/335
f 347/337/335 348/338/307 317/308/306
f 348/338/307 349/339/365 318/309/277
f 318/309/277 349/339/365 379/369/336
f 379/369/336 380/370/337 319/310/250
f 351/1447/366 411/400/367 320/1446/339
f 320/1446/339 411/400/367 321/311/308
f 411/400/367 381/371/368 321/311/308
f 321/311/308 381/371/368 352/342/341
f 322/312/309 352/342/341 353/343/369
f 322/312/309 353/343/369 323/313/310
f 323/313/310 353/343/369 324/314/342
f 324/314/342 353/343/369 354/344/370
f 324/314/342 354/344/370 325/315/312
f 325/315/312 354/344/370 355/345/371
f 325/315/312 355/345/371 326/316/343
f 355/345/371 356/346/372 326/316/343
f 326/316/343 356/346/372 327/317/344
f 356/346/372 386/376/373 327/317/344
f 327/317/344 386/376/373 328/318/345
f 328/318/345 386/376/373 329/319/346
f 386/376/373 357/347/374 329/319/346
f 329/319/346 357/347/374 330/320/315
f 357/347/374 358/348/375 330/320/315
f 330/320/315 358/348/375 331/321/316
f 358/348/375 359/349/376 331/321/316
f 359/349/376 390/380/377 331/321/316
f 331/321/316 390/380/377 391/381/347
f 391/381/347 360/350/378 332/322/317
f 332/322/317 360/350/378 333/323/348
f 360/350/378 361/351/379 333/323/348
f 333/323/348 361/351/379 362/352/349
f 362/352/349 363/353/350 334/324/319
f 334/324/319 363/353/350 335/325/320
f 336/326/354 366/356/353 367/357/380
f 367/357/380 399/389/381 336/326/354
f 336/326/354 399/389/381 337/327/325
f 337/327/325 399/389/381 338/328/326
f 338/328/326 399/389/381 339/329/355
f 339/329/355 399/389/381 368/358/382
f 339/329/355 368/358/382 340/330/356
f 340/330/356 368/358/382 369/359/383
f 369/359/383 403/393/384 340/330/356
f 340/330/356 403/393/384 341/331/357
f 403/393/384 370/360/358 341/331/357
f 370/360/358 404/394/385 342/332/329
f 342/332/329 404/394/385 343/333/359
f 343/333/359 404/394/385 371/361/386
f 343/333/359 371/361/386 344/334/332
f 344/334/332 371/361/386 405/395/387
f 405/395/387 372/362/388 344/334/332
f 344/334/332 372/362/388 345/335/360
f 345/335/360 372/362/388 373/363/361
f 346/336/334 374/364/363 375/365/364
f 375/365/364 376/366/389 347/337/335
f 347/337/335 376/366/389 348/338/307
f 348/338/307 376/366/389 377/367/390
f 377/367/390 378/368/391 348/338/307
f 348/338/307 378/368/391 349/339/365
f 378/368/391 379/369/336 349/339/365
f 380/370/337 505/494/392 350/340/338
f 505/495/392 476/465/30 350/341/338
f 352/342/341 381/371/368 353/343/369
f 353/343/369 381/371/368 382/372/393
f 353/343/369 382/372/393 354/344/370
f 354/344/370 382/372/393 412/401/394
f 354/344/370 412/401/394 355/345/371
f 355/345/371 412/401/394 383/373/395
f 355/345/371 383/373/395 413/402/396
f 355/345/371 413/402/396 356/346/372
f 356/346/372 413/402/396 384/374/397
f 384/374/397 385/375/398 356/346/372
f 356/346/372 385/375/398 386/376/373
f 386/376/373 418/407/399 357/347/374
f 418/407/399 387/377/400 357/347/374
f 357/347/374 387/377/400 358/348/375
f 387/377/400 388/378/401 358/348/375
f 358/348/375 388/378/401 359/349/376
f 388/378/401 389/379/402 359/349/376
f 359/349/376 389/379/402 390/380/377
f 391/381/347 392/382/403 360/350/378
f 360/350/378 392/382/403 361/351/379
f 392/382/403 393/383/404 361/351/379
f 361/351/379 393/383/404 362/352/349
f 393/383/404 394/384/405 362/352/349
f 362/352/349 394/384/405 363/353/350
f 363/353/350 394/384/405 364/354/351
f 364/354/351 394/384/405 365/355/352
f 365/355/352 394/384/405 395/385/406
f 365/355/352 395/385/406 396/386/407
f 365/355/352 396/386/407 366/356/353
f 366/356/353 396/386/407 397/387/408
f 397/387/408 398/388/409 366/356/353
f 366/356/353 398/388/409 367/357/380
f 367/357/380 398/388/409 399/389/381
f 426/415/410 400/390/411 399/389/381
f 399/389/381 400/390/411 368/358/382
f 368/358/382 400/390/411 401/391/412
f 368/358/382 401/391/412 369/359/383
f 401/391/412 402/392/413 369/359/383
f 369/359/383 402/392/413 403/393/384
f 403/393/384 430/419/414 370/360/358
f 430/419/414 404/394/385 370/360/358
f 404/394/385 431/420/415 371/361/386
f 371/361/386 431/420/415 432/421/416
f 371/361/386 432/421/416 433/422/417
f 371/361/386 433/422/417 405/395/387
f 405/395/387 435/424/418 372/362/388
f 372/362/388 435/424/418 406/396/419
f 372/362/388 406/396/419 373/363/361
f 406/396/419 407/397/362 373/363/361
f 407/397/362 437/426/420 374/364/363
f 437/426/420 408/398/421 374/364/363
f 374/364/363 408/398/421 375/365/364
f 408/398/421 409/399/422 375/365/364
f 375/365/364 409/399/422 376/366/389
f 376/366/389 409/399/422 377/367/390
f 377/367/390 409/399/422 378/368/391
f 378/368/391 409/399/422 438/427/423
f 438/427/423 474/463/424 378/368/391
f 378/368/391 474/463/424 379/369/336
f 379/369/336 474/463/424 380/370/337
f 474/463/424 475/464/425 380/370/337
f 475/464/425 505/494/392 380/370/337
f 351/1447/366 410/1448/426 411/400/367
f 381/371/368 411/400/367 439/428/427
f 381/371/368 440/429/428 382/372/393
f 440/429/428 412/401/394 382/372/393
f 412/401/394 441/430/429 383/373/395
f 441/430/429 413/402/396 383/373/395
f 413/402/396 442/431/430 384/374/397
f 384/374/397 442/431/430 414/403/431
f 384/374/397 414/403/431 385/375/398
f 385/375/398 414/403/431 415/404/432
f 415/404/432 416/405/433 385/375/398
f 385/375/398 416/405/433 386/376/373
f 416/405/433 417/406/434 386/376/373
f 386/376/373 417/406/434 418/407/399
f 418/407/399 419/408/435 387/377/400
f 387/377/400 419/408/435 388/378/401
f 419/408/435 420/409/436 388/378/401
f 388/378/401 420/409/436 389/379/402
f 420/409/436 421/410/437 389/379/402
f 389/379/402 421/410/437 390/380/377
f 421/410/437 452/441/438 390/380/377
f 390/380/377 452/441/438 391/381/347
f 452/441/438 422/411/439 391/381/347
f 391/381/347 422/411/439 392/382/403
f 422/411/439 423/412/440 392/382/403
f 392/382/403 423/412/440 393/383/404
f 423/412/440 424/413/441 393/383/404
f 393/383/404 424/413/441 394/384/405
f 424/413/441 455/444/442 394/384/405
f 394/384/405 455/444/442 395/385/406
f 455/444/442 456/445/443 395/385/406
f 395/385/406 456/445/443 396/386/407
f 396/386/407 456/445/443 397/387/408
f 456/445/443 425/414/444 397/387/408
f 397/387/408 425/414/444 398/388/409
f 398/388/409 425/414/444 399/389/381
f 399/389/381 425/414/444 426/415/410
f 426/415/410 460/449/445 400/390/411
f 460/449/445 427/416/446 400/390/411
f 400/390/411 427/416/446 401/391/412
f 401/391/412 427/416/446 402/392/413
f 402/392/413 427/416/446 428/417/447
f 428/417/447 429/418/448 402/392/413
f 402/392/413 429/418/448 403/393/384
f 429/418/448 430/419/414 403/393/384
f 430/419/414 431/420/415 404/394/385
f 433/422/417 434/423/449 405/395/387
f 434/423/449 435/424/418 405/395/387
f 435/424/418 469/458/450 406/396/419
f 469/458/450 436/425/451 406/396/419
f 406/396/419 436/425/451 407/397/362
f 436/425/451 437/426/420 407/397/362
f 408/398/421 437/426/420 472/461/452
f 408/398/421 472/461/452 409/399/422
f 409/399/422 472/461/452 438/427/423
f 438/427/423 473/462/453 474/463/424
f 411/400/367 410/1448/426 646/637/454
f 411/400/367 646/637/454 439/428/427
f 381/371/368 439/428/427 440/429/428
f 440/429/428 508/498/455 412/401/394
f 508/498/455 509/499/456 412/401/394
f 412/401/394 509/499/456 441/430/429
f 441/430/429 442/431/430 413/402/396
f 414/403/431 442/431/430 443/432/457
f 414/403/431 443/432/457 415/404/432
f 415/404/432 443/432/457 444/433/458
f 415/404/432 444/433/458 416/405/433
f 416/405/433 444/433/458 445/434/459
f 445/434/459 446/435/460 416/405/433
f 416/405/433 446/435/460 417/406/434
f 446/435/460 447/436/461 417/406/434
f 417/406/434 447/436/461 418/407/399
f 447/436/461 448/437/462 418/407/399
f 418/407/399 448/437/462 419/408/435
f 448/437/462 449/438/463 419/408/435
f 419/408/435 449/438/463 420/409/436
f 449/438/463 450/439/464 420/409/436
f 420/409/436 450/439/464 421/410/437
f 450/439/464 451/440/465 421/410/437
f 421/410/437 451/440/465 452/441/438
f 452/441/438 453/442/466 422/411/439
f 422/411/439 453/442/466 423/412/440
f 453/442/466 454/443/467 423/412/440
f 423/412/440 454/443/467 424/413/441
f 424/413/441 454/443/467 455/444/442
f 489/478/468 457/446/469 456/445/443
f 456/445/443 457/446/469 425/414/444
f 457/446/469 458/447/470 425/414/444
f 458/447/470 459/448/471 425/414/444
f 425/414/444 459/448/471 426/415/410
f 426/415/410 459/448/471 460/449/445
f 427/416/446 460/449/445 461/450/472
f 427/416/446 461/450/472 462/451/473
f 427/416/446 462/451/473 428/417/447
f 428/417/447 462/451/473 463/452/474
f 463/452/474 464/453/475 428/417/447
f 428/417/447 464/453/475 429/418/448
f 429/418/448 464/453/475 430/419/414
f 464/453/475 465/454/476 430/419/414
f 430/419/414 465/454/476 431/420/415
f 431/420/415 465/454/476 432/421/416
f 432/421/416 465/454/476 466/455/477
f 432/421/416 466/455/477 433/422/417
f 433/422/417 466/455/477 467/456/478
f 433/422/417 467/456/478 434/423/449
f 467/456/478 468/457/479 434/423/449
f 434/423/449 468/457/479 435/424/418
f 468/457/479 469/458/450 435/424/418
f 469/458/450 470/459/480 436/425/451
f 470/459/480 501/490/481 436/425/451
f 436/425/451 501/490/481 437/426/420
f 501/490/481 471/460/482 437/426/420
f 437/426/420 471/460/482 472/461/452
f 438/427/423 472/461/452 503/492/483
f 438/427/423 503/492/483 473/462/453
f 439/428/427 646/637/454 506/496/484
f 439/428/427 506/496/484 440/429/428
f 440/429/428 506/496/484 532/522/485
f 509/499/456 477/466/486 441/430/429
f 441/430/429 477/466/486 442/431/430
f 442/431/430 477/466/486 443/432/457
f 443/432/457 477/466/486 478/467/487
f 443/432/457 478/467/487 444/433/458
f 478/467/487 511/501/488 444/433/458
f 444/433/458 511/501/488 445/434/459
f 445/434/459 511/501/488 446/435/460
f 446/435/460 511/501/488 479/468/489
f 479/468/489 480/469/490 446/435/460
f 446/435/460 480/469/490 447/436/461
f 480/469/490 481/470/491 447/436/461
f 447/436/461 481/470/491 448/437/462
f 481/470/491 514/504/492 448/437/462
f 448/437/462 514/504/492 449/438/463
f 514/504/492 482/471/493 449/438/463
f 449/438/463 482/471/493 450/439/464
f 482/471/493 483/472/494 450/439/464
f 450/439/464 483/472/494 451/440/465
f 483/472/494 484/473/495 451/440/465
f 451/440/465 484/473/495 452/441/438
f 484/473/495 485/474/496 452/441/438
f 452/441/438 485/474/496 453/442/466
f 485/474/496 486/475/497 453/442/466
f 453/442/466 486/475/497 454/443/467
f 486/475/497 487/476/498 454/443/467
f 487/476/498 488/477/499 454/443/467
f 454/443/467 488/477/499 455/444/442
f 455/444/442 488/477/499 456/445/443
f 488/477/499 489/478/468 456/445/443
f 489/478/468 490/479/500 457/446/469
f 457/446/469 490/479/500 458/447/470
f 490/479/500 519/509/501 458/447/470
f 458/447/470 519/509/501 459/448/471
f 459/448/471 519/509/501 460/449/445
f 460/449/445 519/509/501 491/480/502
f 460/449/445 491/480/502 461/450/472
f 461/450/472 491/480/502 492/481/503
f 461/450/472 492/481/503 462/451/473
f 462/451/473 492/481/503 522/512/504
f 462/451/473 522/512/504 493/482/505
f 462/451/473 493/482/505 463/452/474
f 463/452/474 493/482/505 494/483/506
f 463/452/474 494/483/506 464/453/475
f 464/453/475 494/483/506 495/484/507
f 495/484/507 496/485/508 464/453/475
f 464/453/475 496/485/508 465/454/476
f 496/485/508 497/486/509 465/454/476
f 465/454/476 497/486/509 466/455/477
f 497/486/509 526/516/510 466/455/477
f 466/455/477 526/516/510 467/456/478
f 467/456/478 526/516/510 498/487/511
f 498/487/511 499/488/512 467/456/478
f 467/456/478 499/488/512 468/457/479
f 499/488/512 500/489/513 468/457/479
f 468/457/479 500/489/513 469/458/450
f 500/489/513 528/518/514 469/458/450
f 469/458/450 528/518/514 470/459/480
f 528/518/514 555/545/515 470/459/480
f 470/459/480 555/545/515 501/490/481
f 501/490/481 502/491/516 471/460/482
f 471/460/482 502/491/516 472/461/452
f 472/461/452 502/491/516 503/492/483
f 503/492/483 504/493/517 473/462/453
f 473/462/453 504/493/517 474/463/424
f 474/463/424 504/493/517 558/548/518
f 474/463/424 558/548/518 475/464/425
f 476/465/30 505/495/392 1022/1014/519
f 440/429/428 532/522/485 507/497/520
f 507/497/520 508/498/455 440/429/428
f 509/499/456 510/500/521 477/466/486
f 510/500/521 533/523/522 477/466/486
f 477/466/486 533/523/522 478/467/487
f 533/523/522 534/524/523 478/467/487
f 534/524/523 511/501/488 478/467/487
f 479/468/489 511/501/488 512/502/524
f 479/468/489 512/502/524 480/469/490
f 480/469/490 512/502/524 481/470/491
f 481/470/491 512/502/524 513/503/525
f 513/503/525 514/504/492 481/470/491
f 514/504/492 515/505/526 482/471/493
f 482/471/493 515/505/526 483/472/494
f 515/505/526 516/506/527 483/472/494
f 483/472/494 516/506/527 484/473/495
f 516/506/527 540/530/528 484/473/495
f 484/473/495 540/530/528 485/474/496
f 540/530/528 541/531/529 485/474/496
f 485/474/496 541/531/529 486/475/497
f 541/531/529 542/532/530 486/475/497
f 486/475/497 542/532/530 487/476/498
f 487/476/498 542/532/530 488/477/499
f 542/532/530 517/507/531 488/477/499
f 488/477/499 517/507/531 489/478/468
f 517/507/531 518/508/532 489/478/468
f 489/478/468 518/508/532 490/479/500
f 518/508/532 519/509/501 490/479/500
f 519/509/501 520/510/533 491/480/502
f 491/480/502 520/510/533 492/481/503
f 492/481/503 520/510/533 521/511/534
f 521/511/534 522/512/504 492/481/503
f 522/512/504 523/513/535 493/482/505
f 493/482/505 523/513/535 494/483/506
f 523/513/535 524/514/536 494/483/506
f 494/483/506 524/514/536 495/484/507
f 495/484/507 524/514/536 525/515/537
f 495/484/507 525/515/537 496/485/508
f 496/485/508 525/515/537 497/486/509
f 497/486/509 525/515/537 550/540/538
f 550/540/538 526/516/510 497/486/509
f 498/487/511 526/516/510 552/542/539
f 498/487/511 552/542/539 499/488/512
f 499/488/512 552/542/539 553/543/540
f 499/488/512 553/543/540 500/489/513
f 500/489/513 553/543/540 527/517/541
f 500/489/513 527/517/541 528/518/514
f 555/545/515 529/519/542 501/490/481
f 501/490/481 529/519/542 502/491/516
f 529/519/542 530/520/543 502/491/516
f 502/491/516 530/520/543 503/492/483
f 503/492/483 530/520/543 531/521/544
f 503/492/483 531/521/544 504/493/517
f 504/493/517 531/521/544 558/548/518
f 475/464/425 586/576/545 505/494/392
f 505/494/392 586/576/545 645/635/546
f 505/495/392 645/636/546 1022/1014/519
f 506/496/484 646/637/454 647/638/547
f 506/496/484 647/638/547 532/522/485
f 532/522/485 587/577/548 507/497/520
f 507/497/520 587/577/548 588/578/549
f 507/497/520 588/578/549 508/498/455
f 508/498/455 588/578/549 589/579/550
f 508/498/455 589/579/550 509/499/456
f 509/499/456 589/579/550 559/549/551
f 509/499/456 559/549/551 510/500/521
f 510/500/521 559/549/551 560/550/552
f 560/550/552 533/523/522 510/500/521
f 534/524/523 535/525/553 511/501/488
f 511/501/488 535/525/553 512/502/524
f 512/502/524 535/525/553 536/526/554
f 512/502/524 536/526/554 513/503/525
f 513/503/525 536/526/554 537/527/555
f 537/527/555 538/528/556 513/503/525
f 513/503/525 538/528/556 514/504/492
f 538/528/556 566/556/557 514/504/492
f 514/504/492 566/556/557 515/505/526
f 566/556/557 539/529/558 515/505/526
f 515/505/526 539/529/558 516/506/527
f 539/529/558 540/530/528 516/506/527
f 540/530/528 568/558/559 541/531/529
f 569/559/560 570/560/561 542/532/530
f 542/532/530 570/560/561 517/507/531
f 570/560/561 543/533/562 517/507/531
f 517/507/531 543/533/562 518/508/532
f 543/533/562 544/534/563 518/508/532
f 518/508/532 544/534/563 519/509/501
f 544/534/563 545/535/564 519/509/501
f 519/509/501 545/535/564 520/510/533
f 520/510/533 545/535/564 521/511/534
f 545/535/564 546/536/565 521/511/534
f 521/511/534 546/536/565 522/512/504
f 522/512/504 546/536/565 547/537/566
f 522/512/504 547/537/566 523/513/535
f 523/513/535 547/537/566 548/538/567
f 523/513/535 548/538/567 524/514/536
f 524/514/536 548/538/567 549/539/568
f 524/514/536 549/539/568 525/515/537
f 525/515/537 549/539/568 577/567/569
f 525/515/537 577/567/569 550/540/538
f 550/540/538 551/541/570 526/516/510
f 526/516/510 551/541/570 552/542/539
f 527/517/541 553/543/540 554/544/571
f 527/517/541 554/544/571 528/518/514
f 554/544/571 555/545/515 528/518/514
f 555/545/515 583/573/572 529/519/542
f 583/573/572 556/546/573 529/519/542
f 529/519/542 556/546/573 530/520/543
f 556/546/573 585/575/574 530/520/543
f 585/575/574 557/547/575 530/520/543
f 530/520/543 557/547/575 531/521/544
f 558/548/518 586/576/545 475/464/425
f 532/522/485 647/638/547 587/577/548
f 560/550/552 590/580/576 533/523/522
f 533/523/522 590/580/576 561/551/577
f 561/551/577 591/581/578 533/523/522
f 533/523/522 591/581/578 534/524/523
f 591/581/578 562/552/579 534/524/523
f 534/524/523 562/552/579 535/525/553
f 535/525/553 562/552/579 536/526/554
f 562/552/579 563/553/580 536/526/554
f 536/526/554 563/553/580 537/527/555
f 563/553/580 564/554/581 537/527/555
f 537/527/555 564/554/581 538/528/556
f 564/554/581 565/555/582 538/528/556
f 538/528/556 565/555/582 566/556/557
f 566/556/557 567/557/583 539/529/558
f 539/529/558 567/557/583 540/530/528
f 567/557/583 568/558/559 540/530/528
f 568/558/559 598/588/584 541/531/529
f 541/531/529 598/588/584 542/532/530
f 598/588/584 569/559/560 542/532/530
f 543/533/562 570/560/561 571/561/585
f 543/533/562 571/561/585 544/534/563
f 544/534/563 571/561/585 572/562/586
f 544/534/563 572/562/586 545/535/564
f 572/562/586 573/563/587 545/535/564
f 545/535/564 573/563/587 546/536/565
f 546/536/565 573/563/587 601/591/588
f 546/536/565 601/591/588 547/537/566
f 547/537/566 601/591/588 602/592/589
f 602/592/589 574/564/590 547/537/566
f 547/537/566 574/564/590 548/538/567
f 574/564/590 575/565/591 548/538/567
f 548/538/567 575/565/591 549/539/568
f 549/539/568 575/565/591 576/566/592
f 549/539/568 576/566/592 577/567/569
f 550/540/538 577/567/569 578/568/593
f 578/568/593 607/597/594 550/540/538
f 550/540/538 607/597/594 551/541/570
f 607/597/594 608/598/595 551/541/570
f 551/541/570 608/598/595 552/542/539
f 552/542/539 608/598/595 553/543/540
f 553/543/540 608/598/595 579/569/596
f 579/569/596 580/570/597 553/543/540
f 553/543/540 580/570/597 554/544/571
f 580/570/597 581/571/598 554/544/571
f 581/571/598 582/572/599 554/544/571
f 554/544/571 582/572/599 555/545/515
f 582/572/599 583/573/572 555/545/515
f 583/573/572 584/574/600 556/546/573
f 584/574/600 585/575/574 556/546/573
f 585/575/574 643/633/601 557/547/575
f 557/547/575 615/605/602 531/521/544
f 531/521/544 615/605/602 558/548/518
f 558/548/518 615/605/602 586/576/545
f 644/634/603 645/635/546 586/576/545
f 588/578/549 617/607/604 589/579/550
f 559/549/551 589/579/550 618/608/605
f 559/549/551 618/608/605 560/550/552
f 560/550/552 618/608/605 590/580/576
f 561/551/577 590/580/576 620/610/606
f 561/551/577 620/610/606 591/581/578
f 562/552/579 591/581/578 592/582/607
f 592/582/607 623/613/608 562/552/579
f 562/552/579 623/613/608 563/553/580
f 623/613/608 593/583/609 563/553/580
f 563/553/580 593/583/609 564/554/581
f 593/583/609 594/584/610 564/554/581
f 594/584/610 625/615/611 564/554/581
f 564/554/581 625/615/611 565/555/582
f 625/615/611 595/585/612 565/555/582
f 565/555/582 595/585/612 566/556/557
f 595/585/612 596/586/613 566/556/557
f 566/556/557 596/586/613 567/557/583
f 596/586/613 597/587/614 567/557/583
f 567/557/583 597/587/614 568/558/559
f 597/587/614 598/588/584 568/558/559
f 628/618/615 629/619/616 598/588/584
f 598/588/584 629/619/616 569/559/560
f 569/559/560 629/619/616 570/560/561
f 570/560/561 629/619/616 571/561/585
f 571/561/585 629/619/616 599/589/617
f 571/561/585 599/589/617 572/562/586
f 572/562/586 599/589/617 662/653/618
f 572/562/586 662/653/618 600/590/619
f 572/562/586 600/590/619 573/563/587
f 573/563/587 600/590/619 631/621/620
f 573/563/587 631/621/620 601/591/588
f 602/592/589 603/593/621 574/564/590
f 603/593/621 604/594/622 574/564/590
f 574/564/590 604/594/622 575/565/591
f 604/594/622 635/625/623 575/565/591
f 575/565/591 635/625/623 576/566/592
f 576/566/592 635/625/623 577/567/569
f 577/567/569 635/625/623 605/595/624
f 577/567/569 605/595/624 578/568/593
f 578/568/593 605/595/624 606/596/625
f 578/568/593 606/596/625 607/597/594
f 608/598/595 609/599/626 579/569/596
f 579/569/596 609/599/626 580/570/597
f 580/570/597 609/599/626 610/600/627
f 580/570/597 610/600/627 581/571/598
f 581/571/598 610/600/627 611/601/628
f 581/571/598 611/601/628 582/572/599
f 611/601/628 612/602/629 582/572/599
f 582/572/599 612/602/629 583/573/572
f 612/602/629 613/603/630 583/573/572
f 583/573/572 613/603/630 584/574/600
f 584/574/600 613/603/630 585/575/574
f 613/603/630 614/604/631 585/575/574
f 614/604/631 643/633/601 585/575/574
f 643/633/601 615/605/602 557/547/575
f 615/605/602 644/634/603 586/576/545
f 647/638/547 704/695/632 587/577/548
f 704/695/632 616/606/633 587/577/548
f 587/577/548 616/606/633 588/578/549
f 588/578/549 616/606/633 617/607/604
f 589/579/550 617/607/604 618/608/605
f 590/580/576 618/608/605 619/609/634
f 590/580/576 619/609/634 620/610/606
f 591/581/578 620/610/606 621/611/635
f 591/581/578 621/611/635 592/582/607
f 621/611/635 622/612/636 592/582/607
f 592/582/607 622/612/636 623/613/608
f 623/613/608 624/614/637 593/583/609
f 593/583/609 624/614/637 594/584/610
f 624/614/637 625/615/611 594/584/610
f 625/615/611 654/645/638 595/585/612
f 654/645/638 655/646/639 595/585/612
f 595/585/612 655/646/639 596/586/613
f 655/646/639 626/616/640 596/586/613
f 596/586/613 626/616/640 597/587/614
f 626/616/640 627/617/641 597/587/614
f 597/587/614 627/617/641 598/588/584
f 627/617/641 628/618/615 598/588/584
f 629/619/616 630/620/642 599/589/617
f 599/589/617 630/620/642 660/651/643
f 599/589/617 660/651/643 661/652/644
f 599/589/617 661/652/644 662/653/618
f 600/590/619 662/653/618 631/621/620
f 631/621/620 664/655/645 601/591/588
f 601/591/588 664/655/645 632/622/646
f 601/591/588 632/622/646 602/592/589
f 602/592/589 632/622/646 633/623/647
f 633/623/647 666/657/648 602/592/589
f 602/592/589 666/657/648 603/593/621
f 666/657/648 634/624/649 603/593/621
f 603/593/621 634/624/649 604/594/622
f 634/624/649 635/625/623 604/594/622
f 605/595/624 635/625/623 636/626/650
f 605/595/624 636/626/650 606/596/625
f 606/596/625 636/626/650 668/659/651
f 606/596/625 668/659/651 669/660/652
f 606/596/625 669/660/652 607/597/594
f 669/660/652 637/627/653 607/597/594
f 607/597/594 637/627/653 608/598/595
f 608/598/595 637/627/653 609/599/626
f 609/599/626 637/627/653 610/600/627
f 610/600/627 637/627/653 638/628/654
f 638/628/654 639/629/655 610/600/627
f 610/600/627 639/629/655 611/601/628
f 639/629/655 640/630/656 611/601/628
f 611/601/628 640/630/656 612/602/629
f 612/602/629 640/630/656 674/665/657
f 612/602/629 674/665/657 613/603/630
f 613/603/630 674/665/657 641/631/658
f 613/603/630 641/631/658 642/632/659
f 613/603/630 642/632/659 614/604/631
f 614/604/631 642/632/659 675/666/660
f 614/604/631 675/666/660 643/633/601
f 643/633/601 676/667/661 615/605/602
f 615/605/602 676/667/661 644/634/603
f 704/695/632 677/668/662 616/606/633
f 616/606/633 677/668/662 617/607/604
f 617/607/604 677/668/662 648/639/663
f 617/607/604 648/639/663 618/608/605
f 648/639/663 649/640/664 618/608/605
f 618/608/605 649/640/664 619/609/634
f 619/609/634 649/640/664 650/641/665
f 619/609/634 650/641/665 620/610/606
f 620/610/606 650/641/665 651/642/666
f 651/642/666 683/674/667 620/610/606
f 620/610/606 683/674/667 621/611/635
f 621/611/635 683/674/667 622/612/636
f 622/612/636 683/674/667 684/675/668
f 684/675/668 686/677/669 622/612/636
f 686/677/669 652/643/670 622/612/636
f 622/612/636 652/643/670 623/613/608
f 623/613/608 652/643/670 624/614/637
f 652/643/670 653/644/671 624/614/637
f 624/614/637 653/644/671 625/615/611
f 653/644/671 654/645/638 625/615/611
f 655/646/639 656/647/672 626/616/640
f 656/647/672 657/648/673 626/616/640
f 626/616/640 657/648/673 627/617/641
f 657/648/673 658/649/674 627/617/641
f 627/617/641 658/649/674 628/618/615
f 658/649/674 659/650/675 628/618/615
f 628/618/615 659/650/675 629/619/616
f 629/619/616 659/650/675 630/620/642
f 630/620/642 659/650/675 690/681/676
f 630/620/642 690/681/676 660/651/643
f 631/621/620 662/653/618 663/654/677
f 631/621/620 663/654/677 664/655/645
f 632/622/646 664/655/645 665/656/678
f 632/622/646 665/656/678 633/623/647
f 633/623/647 665/656/678 666/657/648
f 666/657/648 667/658/679 634/624/649
f 634/624/649 667/658/679 635/625/623
f 635/625/623 667/658/679 696/687/680
f 635/625/623 696/687/680 636/626/650
f 636/626/650 696/687/680 697/688/681
f 636/626/650 697/688/681 668/659/651
f 669/660/652 670/661/682 637/627/653
f 637/627/653 670/661/682 671/662/683
f 637/627/653 671/662/683 638/628/654
f 671/662/683 672/663/684 638/628/654
f 638/628/654 672/663/684 639/629/655
f 672/663/684 673/664/685 639/629/655
f 639/629/655 673/664/685 640/630/656
f 640/630/656 673/664/685 674/665/657
f 674/665/657 702/693/686 641/631/658
f 641/631/658 702/693/686 642/632/659
f 642/632/659 702/693/686 726/717/687
f 726/717/687 727/718/688 642/632/659
f 642/632/659 727/718/688 675/666/660
f 643/633/601 675/666/660 703/694/689
f 643/633/601 703/694/689 676/667/661
f 676/667/661 728/719/690 644/634/603
f 644/634/603 728/719/690 729/720/691
f 644/634/603 729/720/691 645/635/546
f 645/636/546 729/721/691 1022/1014/519
f 646/637/454 410/1448/426 996/988/692
f 646/637/454 996/988/692 647/638/547
f 647/638/547 996/988/692 815/807/693
f 647/638/547 815/807/693 704/695/632
f 704/695/632 731/723/694 677/668/662
f 677/668/662 705/696/695 648/639/663
f 648/639/663 705/696/695 678/669/696
f 648/639/663 678/669/696 649/640/664
f 649/640/664 678/669/696 679/670/697
f 679/670/697 680/671/698 649/640/664
f 649/640/664 680/671/698 650/641/665
f 650/641/665 680/671/698 651/642/666
f 651/642/666 680/671/698 681/672/699
f 651/642/666 681/672/699 707/698/700
f 707/698/700 682/673/701 651/642/666
f 651/642/666 682/673/701 683/674/667
f 684/675/668 685/676/702 686/677/669
f 686/677/669 687/678/703 652/643/670
f 652/643/670 687/678/703 653/644/671
f 687/678/703 710/701/704 653/644/671
f 653/644/671 710/701/704 654/645/638
f 710/701/704 711/702/705 654/645/638
f 654/645/638 711/702/705 655/646/639
f 711/702/705 712/703/706 655/646/639
f 655/646/639 712/703/706 656/647/672
f 712/703/706 688/679/707 656/647/672
f 656/647/672 688/679/707 657/648/673
f 657/648/673 688/679/707 658/649/674
f 658/649/674 688/679/707 689/680/708
f 658/649/674 689/680/708 659/650/675
f 659/650/675 689/680/708 690/681/676
f 660/651/643 690/681/676 714/705/709
f 660/651/643 714/705/709 661/652/644
f 661/652/644 714/705/709 691/682/710
f 661/652/644 691/682/710 662/653/618
f 662/653/618 691/682/710 692/683/711
f 662/653/618 692/683/711 663/654/677
f 663/654/677 692/683/711 693/684/712
f 693/684/712 694/685/713 663/654/677
f 663/654/677 694/685/713 664/655/645
f 694/685/713 695/686/714 664/655/645
f 664/655/645 695/686/714 665/656/678
f 665/656/678 695/686/714 666/657/648
f 666/657/648 695/686/714 667/658/679
f 667/658/679 695/686/714 719/710/715
f 667/658/679 719/710/715 696/687/680
f 696/687/680 720/711/716 697/688/681
f 668/659/651 697/688/681 698/689/717
f 668/659/651 698/689/717 669/660/652
f 669/660/652 698/689/717 670/661/682
f 670/661/682 698/689/717 754/746/718
f 670/661/682 754/746/718 671/662/683
f 671/662/683 754/746/718 699/690/719
f 671/662/683 699/690/719 672/663/684
f 672/663/684 699/690/719 700/691/720
f 672/663/684 700/691/720 673/664/685
f 673/664/685 700/691/720 701/692/721
f 673/664/685 701/692/721 674/665/657
f 674/665/657 701/692/721 702/693/686
f 727/718/688 703/694/689 675/666/660
f 676/667/661 703/694/689 728/719/690
f 704/695/632 730/722/722 731/723/694
f 731/723/694 705/696/695 677/668/662
f 705/696/695 732/724/723 678/669/696
f 732/724/723 733/725/724 678/669/696
f 733/725/724 734/726/725 678/669/696
f 678/669/696 734/726/725 679/670/697
f 734/726/725 706/697/726 679/670/697
f 679/670/697 706/697/726 680/671/698
f 680/671/698 706/697/726 681/672/699
f 681/672/699 706/697/726 735/727/727
f 735/727/727 707/698/700 681/672/699
f 682/673/701 707/698/700 737/729/728
f 682/673/701 737/729/728 683/674/667
f 683/674/667 737/729/728 738/730/729
f 683/674/667 738/730/729 684/675/668
f 684/675/668 738/730/729 708/699/730
f 708/699/730 709/700/731 684/675/668
f 684/675/668 709/700/731 685/676/702
f 685/676/702 709/700/731 686/677/669
f 709/700/731 740/732/732 686/677/669
f 686/677/669 740/732/732 687/678/703
f 740/732/732 768/760/733 687/678/703
f 768/760/733 710/701/704 687/678/703
f 712/703/706 743/735/734 688/679/707
f 688/679/707 743/735/734 689/680/708
f 689/680/708 743/735/734 744/736/735
f 689/680/708 744/736/735 690/681/676
f 690/681/676 744/736/735 713/704/736
f 690/681/676 713/704/736 714/705/709
f 691/682/710 714/705/709 715/706/737
f 691/682/710 715/706/737 692/683/711
f 692/683/711 715/706/737 716/707/738
f 692/683/711 716/707/738 693/684/712
f 716/707/738 717/708/739 693/684/712
f 693/684/712 717/708/739 694/685/713
f 694/685/713 717/708/739 695/686/714
f 695/686/714 717/708/739 718/709/740
f 695/686/714 718/709/740 719/710/715
f 696/687/680 719/710/715 720/711/716
f 697/688/681 720/711/716 721/712/741
f 697/688/681 721/712/741 698/689/717
f 698/689/717 721/712/741 754/746/718
f 754/746/718 755/747/742 699/690/719
f 699/690/719 755/747/742 722/713/743
f 699/690/719 722/713/743 723/714/744
f 699/690/719 723/714/744 700/691/720
f 723/714/744 724/715/745 700/691/720
f 700/691/720 724/715/745 701/692/721
f 724/715/745 725/716/746 701/692/721
f 701/692/721 725/716/746 702/693/686
f 702/693/686 725/716/746 726/717/687
f 703/694/689 727/718/688 759/751/747
f 703/694/689 759/751/747 789/781/748
f 703/694/689 789/781/748 728/719/690
f 853/845/749 730/722/722 815/807/693
f 815/807/693 730/722/722 704/695/632
f 731/723/694 732/724/723 705/696/695
f 734/726/725 735/727/727 706/697/726
f 735/727/727 736/728/750 707/698/700
f 707/698/700 736/728/750 737/729/728
f 708/699/730 738/730/729 764/756/751
f 708/699/730 764/756/751 709/700/731
f 709/700/731 764/756/751 739/731/752
f 739/731/752 765/757/753 709/700/731
f 765/757/753 740/732/732 709/700/731
f 768/760/733 741/733/754 710/701/704
f 710/701/704 741/733/754 711/702/705
f 741/733/754 742/734/755 711/702/705
f 711/702/705 742/734/755 712/703/706
f 742/734/755 743/735/734 712/703/706
f 713/704/736 744/736/735 745/737/756
f 713/704/736 745/737/756 773/765/757
f 713/704/736 773/765/757 714/705/709
f 714/705/709 773/765/757 746/738/758
f 714/705/709 746/738/758 715/706/737
f 715/706/737 746/738/758 747/739/759
f 715/706/737 747/739/759 716/707/738
f 716/707/738 747/739/759 748/740/760
f 748/740/760 749/741/761 716/707/738
f 716/707/738 749/741/761 717/708/739
f 717/708/739 749/741/761 718/709/740
f 718/709/740 749/741/761 750/742/762
f 718/709/740 750/742/762 719/710/715
f 719/710/715 750/742/762 751/743/763
f 719/710/715 751/743/763 720/711/716
f 720/711/716 751/743/763 752/744/764
f 752/744/764 781/773/765 720/711/716
f 720/711/716 781/773/765 721/712/741
f 781/773/765 753/745/766 721/712/741
f 753/745/766 784/776/767 721/712/741
f 721/712/741 784/776/767 754/746/718
f 722/713/743 755/747/742 756/748/768
f 722/713/743 756/748/768 723/714/744
f 723/714/744 756/748/768 757/749/769
f 723/714/744 757/749/769 724/715/745
f 724/715/745 757/749/769 725/716/746
f 725/716/746 757/749/769 788/780/770
f 725/716/746 788/780/770 726/717/687
f 726/717/687 788/780/770 758/750/771
f 726/717/687 758/750/771 727/718/688
f 727/718/688 758/750/771 759/751/747
f 728/719/690 789/781/748 790/782/772
f 728/719/690 790/782/772 729/720/691
f 729/720/691 790/782/772 852/844/773
f 729/720/691 852/844/773 906/898/774
f 729/721/691 906/899/774 1022/1014/519
f 853/845/749 791/783/775 730/722/722
f 730/722/722 791/783/775 731/723/694
f 731/723/694 791/783/775 732/724/723
f 732/724/723 791/783/775 760/752/776
f 732/724/723 760/752/776 733/725/724
f 733/725/724 760/752/776 761/753/777
f 733/725/724 761/753/777 734/726/725
f 734/726/725 761/753/777 762/754/778
f 734/726/725 762/754/778 735/727/727
f 735/727/727 762/754/778 792/784/779
f 735/727/727 792/784/779 736/728/750
f 736/728/750 792/784/779 763/755/780
f 736/728/750 763/755/780 737/729/728
f 737/729/728 763/755/780 738/730/729
f 738/730/729 763/755/780 764/756/751
f 739/731/752 764/756/751 794/786/781
f 794/786/781 765/757/753 739/731/752
f 765/757/753 766/758/782 740/732/732
f 766/758/782 767/759/783 740/732/732
f 740/732/732 767/759/783 768/760/733
f 768/760/733 797/789/784 741/733/754
f 797/789/784 769/761/785 741/733/754
f 741/733/754 769/761/785 742/734/755
f 769/761/785 770/762/786 742/734/755
f 742/734/755 770/762/786 743/735/734
f 770/762/786 771/763/787 743/735/734
f 743/735/734 771/763/787 744/736/735
f 771/763/787 772/764/788 744/736/735
f 744/736/735 772/764/788 745/737/756
f 772/764/788 773/765/757 745/737/756
f 773/765/757 774/766/789 746/738/758
f 746/738/758 774/766/789 747/739/759
f 774/766/789 775/767/790 747/739/759
f 747/739/759 775/767/790 748/740/760
f 748/740/760 775/767/790 749/741/761
f 749/741/761 775/767/790 776/768/791
f 749/741/761 776/768/791 805/797/792
f 749/741/761 805/797/792 750/742/762
f 750/742/762 805/797/792 777/769/793
f 777/769/793 778/770/794 750/742/762
f 750/742/762 778/770/794 751/743/763
f 751/743/763 778/770/794 752/744/764
f 752/744/764 778/770/794 779/771/795
f 752/744/764 779/771/795 780/772/796
f 752/744/764 780/772/796 781/773/765
f 781/773/765 782/774/797 753/745/766
f 782/774/797 783/775/798 753/745/766
f 753/745/766 783/775/798 784/776/767
f 784/776/767 785/777/799 754/746/718
f 754/746/718 785/777/799 755/747/742
f 785/777/799 786/778/800 755/747/742
f 755/747/742 786/778/800 756/748/768
f 786/778/800 787/779/801 756/748/768
f 756/748/768 787/779/801 757/749/769
f 757/749/769 787/779/801 813/805/802
f 757/749/769 813/805/802 814/806/803
f 757/749/769 814/806/803 788/780/770
f 758/750/771 788/780/770 847/839/804
f 759/751/747 758/750/771 849/841/805
f 759/751/747 849/841/805 789/781/748
f 791/783/775 816/808/806 817/809/807
f 791/783/775 817/809/807 760/752/776
f 760/752/776 817/809/807 818/810/808
f 760/752/776 818/810/808 761/753/777
f 761/753/777 818/810/808 819/811/809
f 761/753/777 819/811/809 762/754/778
f 762/754/778 819/811/809 820/812/810
f 820/812/810 821/813/811 762/754/778
f 762/754/778 821/813/811 792/784/779
f 763/755/780 792/784/779 793/785/812
f 763/755/780 793/785/812 764/756/751
f 764/756/751 793/785/812 794/786/781
f 794/786/781 825/817/813 765/757/753
f 825/817/813 795/787/814 765/757/753
f 765/757/753 795/787/814 766/758/782
f 766/758/782 795/787/814 767/759/783
f 795/787/814 796/788/815 767/759/783
f 767/759/783 796/788/815 768/760/733
f 796/788/815 797/789/784 768/760/733
f 797/789/784 798/790/816 769/761/785
f 798/790/816 799/791/817 769/761/785
f 769/761/785 799/791/817 770/762/786
f 799/791/817 800/792/818 770/762/786
f 770/762/786 800/792/818 771/763/787
f 800/792/818 801/793/819 771/763/787
f 771/763/787 801/793/819 772/764/788
f 801/793/819 802/794/820 772/764/788
f 772/764/788 802/794/820 773/765/757
f 802/794/820 833/825/821 773/765/757
f 773/765/757 833/825/821 774/766/789
f 833/825/821 803/795/822 774/766/789
f 774/766/789 803/795/822 775/767/790
f 803/795/822 834/826/823 775/767/790
f 834/826/823 804/796/824 775/767/790
f 775/767/790 804/796/824 776/768/791
f 804/796/824 805/797/792 776/768/791
f 805/797/792 837/829/825 777/769/793
f 837/829/825 806/798/826 777/769/793
f 777/769/793 806/798/826 778/770/794
f 778/770/794 806/798/826 779/771/795
f 779/771/795 806/798/826 807/799/827
f 779/771/795 807/799/827 780/772/796
f 780/772/796 807/799/827 808/800/828
f 780/772/796 808/800/828 781/773/765
f 781/773/765 808/800/828 809/801/829
f 809/801/829 810/802/830 781/773/765
f 781/773/765 810/802/830 782/774/797
f 810/802/830 811/803/831 782/774/797
f 782/774/797 811/803/831 783/775/798
f 811/803/831 812/804/832 783/775/798
f 783/775/798 812/804/832 784/776/767
f 784/776/767 812/804/832 785/777/799
f 785/777/799 812/804/832 843/835/833
f 843/835/833 844/836/834 785/777/799
f 785/777/799 844/836/834 786/778/800
f 844/836/834 845/837/835 786/778/800
f 786/778/800 845/837/835 787/779/801
f 845/837/835 813/805/802 787/779/801
f 788/780/770 814/806/803 847/839/804
f 847/839/804 848/840/836 758/750/771
f 758/750/771 848/840/836 849/841/805
f 789/781/748 849/841/805 850/842/837
f 789/781/748 850/842/837 851/843/838
f 789/781/748 851/843/838 790/782/772
f 790/782/772 851/843/838 852/844/773
f 852/844/773 936/929/839 906/898/774
f 853/845/749 879/871/840 791/783/775
f 791/783/775 879/871/840 816/808/806
f 792/784/779 821/813/811 822/814/841
f 792/784/779 822/814/841 793/785/812
f 793/785/812 822/814/841 823/815/842
f 793/785/812 823/815/842 794/786/781
f 794/786/781 823/815/842 824/816/843
f 824/816/843 825/817/813 794/786/781
f 825/817/813 826/818/844 795/787/814
f 826/818/844 860/852/845 795/787/814
f 795/787/814 860/852/845 796/788/815
f 860/852/845 827/819/846 796/788/815
f 796/788/815 827/819/846 797/789/784
f 827/819/846 828/820/847 797/789/784
f 797/789/784 828/820/847 798/790/816
f 828/820/847 829/821/848 798/790/816
f 798/790/816 829/821/848 799/791/817
f 829/821/848 830/822/849 799/791/817
f 799/791/817 830/822/849 800/792/818
f 830/822/849 831/823/850 800/792/818
f 800/792/818 831/823/850 801/793/819
f 831/823/850 832/824/851 801/793/819
f 801/793/819 832/824/851 802/794/820
f 832/824/851 833/825/821 802/794/820
f 833/825/821 866/858/852 803/795/822
f 866/858/852 834/826/823 803/795/822
f 804/796/824 834/826/823 835/827/853
f 804/796/824 835/827/853 805/797/792
f 805/797/792 835/827/853 836/828/854
f 836/828/854 837/829/825 805/797/792
f 806/798/826 837/829/825 838/830/855
f 806/798/826 838/830/855 807/799/827
f 807/799/827 838/830/855 839/831/856
f 807/799/827 839/831/856 808/800/828
f 808/800/828 839/831/856 809/801/829
f 809/801/829 839/831/856 840/832/857
f 840/832/857 841/833/858 809/801/829
f 809/801/829 841/833/858 810/802/830
f 841/833/858 872/864/859 810/802/830
f 810/802/830 872/864/859 811/803/831
f 872/864/859 842/834/860 811/803/831
f 811/803/831 842/834/860 812/804/832
f 812/804/832 842/834/860 843/835/833
f 845/837/835 846/838/861 813/805/802
f 813/805/802 846/838/861 814/806/803
f 814/806/803 846/838/861 877/869/862
f 814/806/803 877/869/862 847/839/804
f 815/807/693 996/988/692 938/930/863
f 815/807/693 938/930/863 853/845/749
f 879/871/840 939/931/864 816/808/806
f 816/808/806 939/931/864 940/932/865
f 816/808/806 940/932/865 817/809/807
f 817/809/807 940/932/865 880/872/866
f 817/809/807 880/872/866 818/810/808
f 818/810/808 880/872/866 854/846/867
f 818/810/808 854/846/867 819/811/809
f 819/811/809 854/846/867 855/847/868
f 819/811/809 855/847/868 820/812/810
f 855/847/868 881/873/869 820/812/810
f 820/812/810 881/873/869 821/813/811
f 821/813/811 881/873/869 822/814/841
f 822/814/841 881/873/869 856/848/870
f 822/814/841 856/848/870 823/815/842
f 823/815/842 856/848/870 857/849/871
f 823/815/842 857/849/871 824/816/843
f 824/816/843 857/849/871 858/850/872
f 858/850/872 884/876/873 824/816/843
f 824/816/843 884/876/873 825/817/813
f 884/876/873 859/851/874 825/817/813
f 825/817/813 859/851/874 826/818/844
f 859/851/874 860/852/845 826/818/844
f 860/852/845 887/879/875 827/819/846
f 887/879/875 861/853/876 827/819/846
f 827/819/846 861/853/876 828/820/847
f 861/853/876 862/854/877 828/820/847
f 828/820/847 862/854/877 829/821/848
f 862/854/877 863/855/878 829/821/848
f 829/821/848 863/855/878 830/822/849
f 863/855/878 864/856/879 830/822/849
f 830/822/849 864/856/879 831/823/850
f 864/856/879 865/857/880 831/823/850
f 831/823/850 865/857/880 832/824/851
f 865/857/880 892/884/881 832/824/851
f 832/824/851 892/884/881 833/825/821
f 892/884/881 866/858/852 833/825/821
f 834/826/823 866/858/852 867/859/882
f 834/826/823 867/859/882 835/827/853
f 835/827/853 867/859/882 868/860/883
f 868/860/883 869/861/884 835/827/853
f 835/827/853 869/861/884 836/828/854
f 869/861/884 895/887/885 836/828/854
f 836/828/854 895/887/885 837/829/825
f 837/829/825 895/887/885 838/830/855
f 838/830/855 895/887/885 870/862/886
f 838/830/855 870/862/886 839/831/856
f 839/831/856 870/862/886 896/888/887
f 839/831/856 896/888/887 840/832/857
f 840/832/857 896/888/887 898/890/888
f 898/890/888 871/863/889 840/832/857
f 840/832/857 871/863/889 841/833/858
f 871/863/889 872/864/859 841/833/858
f 872/864/859 873/865/890 842/834/860
f 873/865/890 874/866/891 842/834/860
f 842/834/860 874/866/891 843/835/833
f 874/866/891 875/867/892 843/835/833
f 843/835/833 875/867/892 844/836/834
f 875/867/892 876/868/893 844/836/834
f 844/836/834 876/868/893 845/837/835
f 845/837/835 876/868/893 846/838/861
f 846/838/861 876/868/893 877/869/862
f 877/869/862 878/870/894 847/839/804
f 847/839/804 878/870/894 848/840/836
f 848/840/836 878/870/894 903/895/895
f 848/840/836 903/895/895 849/841/805
f 849/841/805 903/895/895 904/896/896
f 849/841/805 904/896/896 850/842/837
f 850/842/837 904/896/896 851/843/838
f 851/843/838 904/896/896 905/897/897
f 851/843/838 905/897/897 852/844/773
f 852/844/773 905/897/897 936/929/839
f 853/845/749 938/930/863 879/871/840
f 854/846/867 880/872/866 907/900/898
f 907/900/898 908/901/899 854/846/867
f 854/846/867 908/901/899 855/847/868
f 908/901/899 881/873/869 855/847/868
f 881/873/869 909/902/900 856/848/870
f 909/902/900 910/903/901 856/848/870
f 910/903/901 882/874/902 856/848/870
f 856/848/870 882/874/902 857/849/871
f 857/849/871 882/874/902 858/850/872
f 858/850/872 882/874/902 883/875/903
f 883/875/903 884/876/873 858/850/872
f 884/876/873 885/877/904 859/851/874
f 885/877/904 886/878/905 859/851/874
f 859/851/874 886/878/905 860/852/845
f 860/852/845 886/878/905 887/879/875
f 887/879/875 888/880/906 861/853/876
f 888/880/906 889/881/907 861/853/876
f 861/853/876 889/881/907 862/854/877
f 889/881/907 890/882/908 862/854/877
f 862/854/877 890/882/908 863/855/878
f 890/882/908 891/883/909 863/855/878
f 863/855/878 891/883/909 864/856/879
f 891/883/909 921/914/910 864/856/879
f 864/856/879 921/914/910 865/857/880
f 921/914/910 892/884/881 865/857/880
f 892/884/881 893/885/911 866/858/852
f 866/858/852 893/885/911 867/859/882
f 867/859/882 893/885/911 894/886/912
f 867/859/882 894/886/912 868/860/883
f 868/860/883 894/886/912 922/915/913
f 922/915/913 924/917/914 868/860/883
f 868/860/883 924/917/914 869/861/884
f 924/917/914 895/887/885 869/861/884
f 870/862/886 895/887/885 925/918/915
f 870/862/886 925/918/915 896/888/887
f 897/889/916 898/890/888 896/888/887
f 898/890/888 899/891/917 871/863/889
f 899/891/917 900/892/918 871/863/889
f 871/863/889 900/892/918 872/864/859
f 900/892/918 901/893/919 872/864/859
f 872/864/859 901/893/919 873/865/890
f 873/865/890 901/893/919 874/866/891
f 901/893/919 931/924/920 874/866/891
f 874/866/891 931/924/920 875/867/892
f 931/924/920 933/926/921 875/867/892
f 875/867/892 933/926/921 876/868/893
f 933/926/921 934/927/922 876/868/893
f 876/868/893 934/927/922 877/869/862
f 934/927/922 902/894/923 877/869/862
f 877/869/862 902/894/923 878/870/894
f 878/870/894 902/894/923 935/928/924
f 878/870/894 935/928/924 903/895/895
f 936/929/839 1137/1129/925 906/898/774
f 879/871/840 938/930/863 939/931/864
f 940/932/865 941/933/926 880/872/866
f 941/933/926 907/900/898 880/872/866
f 907/900/898 942/934/927 908/901/899
f 908/901/899 943/935/928 881/873/869
f 881/873/869 943/935/928 909/902/900
f 910/903/901 945/937/929 882/874/902
f 945/937/929 911/904/930 882/874/902
f 911/904/930 912/905/931 882/874/902
f 882/874/902 912/905/931 883/875/903
f 912/905/931 913/906/932 883/875/903
f 883/875/903 913/906/932 884/876/873
f 884/876/873 913/906/932 885/877/904
f 885/877/904 913/906/932 914/907/933
f 885/877/904 914/907/933 915/908/934
f 885/877/904 915/908/934 886/878/905
f 886/878/905 915/908/934 916/909/935
f 886/878/905 916/909/935 887/879/875
f 916/909/935 917/910/936 887/879/875
f 887/879/875 917/910/936 888/880/906
f 917/910/936 918/911/937 888/880/906
f 888/880/906 918/911/937 889/881/907
f 918/911/937 919/912/938 889/881/907
f 889/881/907 919/912/938 890/882/908
f 919/912/938 920/913/939 890/882/908
f 890/882/908 920/913/939 891/883/909
f 920/913/939 921/914/910 891/883/909
f 921/914/910 953/945/940 892/884/881
f 892/884/881 953/945/940 893/885/911
f 893/885/911 953/945/940 982/974/941
f 893/885/911 982/974/941 894/886/912
f 894/886/912 982/974/941 922/915/913
f 955/947/942 923/916/943 922/915/913
f 922/915/913 923/916/943 924/917/914
f 895/887/885 924/917/914 925/918/915
f 896/888/887 925/918/915 926/919/944
f 896/888/887 926/919/944 897/889/916
f 897/889/916 926/919/944 927/920/945
f 927/920/945 928/921/946 897/889/916
f 897/889/916 928/921/946 898/890/888
f 898/890/888 928/921/946 899/891/917
f 928/921/946 929/922/947 899/891/917
f 899/891/917 929/922/947 900/892/918
f 929/922/947 930/923/948 900/892/918
f 900/892/918 930/923/948 901/893/919
f 930/923/948 963/955/949 901/893/919
f 963/955/949 931/924/920 901/893/919
f 931/924/920 932/925/950 933/926/921
f 934/927/922 965/957/951 902/894/923
f 965/957/951 935/928/924 902/894/923
f 935/928/924 1020/1012/952 903/895/895
f 1020/1012/952 966/958/953 903/895/895
f 903/895/895 966/958/953 904/896/896
f 904/896/896 966/958/953 905/897/897
f 966/958/953 1079/1071/954 905/897/897
f 1079/1071/954 1137/1129/925 905/897/897
f 905/897/897 1137/1129/925 936/929/839
f 906/899/774 1137/1130/925 1022/1014/519
f 410/1448/426 937/1449/955 996/988/692
f 938/930/863 1023/1015/956 939/931/864
f 997/989/957 941/933/926 940/932/865
f 941/933/926 967/959/958 907/900/898
f 967/959/958 968/960/959 907/900/898
f 907/900/898 968/960/959 942/934/927
f 942/934/927 943/935/928 908/901/899
f 943/935/928 970/962/960 909/902/900
f 970/962/960 944/936/961 909/902/900
f 909/902/900 944/936/961 910/903/901
f 910/903/901 944/936/961 945/937/929
f 945/937/929 946/938/962 911/904/930
f 911/904/930 946/938/962 912/905/931
f 946/938/962 947/939/963 912/905/931
f 912/905/931 947/939/963 913/906/932
f 913/906/932 947/939/963 914/907/933
f 914/907/933 947/939/963 948/940/964
f 914/907/933 948/940/964 915/908/934
f 915/908/934 948/940/964 974/966/965
f 974/966/965 975/967/966 915/908/934
f 915/908/934 975/967/966 916/909/935
f 975/967/966 976/968/967 916/909/935
f 916/909/935 976/968/967 917/910/936
f 917/910/936 976/968/967 949/941/968
f 917/910/936 949/941/968 918/911/937
f 918/911/937 949/941/968 950/942/969
f 918/911/937 950/942/969 919/912/938
f 919/912/938 950/942/969 951/943/970
f 919/912/938 951/943/970 920/913/939
f 920/913/939 951/943/970 980/972/971
f 920/913/939 980/972/971 921/914/910
f 921/914/910 980/972/971 952/944/972
f 921/914/910 952/944/972 953/945/940
f 982/974/941 954/946/973 922/915/913
f 922/915/913 954/946/973 955/947/942
f 923/916/943 955/947/942 956/948/974
f 956/948/974 957/949/975 923/916/943
f 923/916/943 957/949/975 924/917/914
f 924/917/914 957/949/975 925/918/915
f 925/918/915 957/949/975 958/950/976
f 925/918/915 958/950/976 926/919/944
f 926/919/944 958/950/976 927/920/945
f 927/920/945 958/950/976 959/951/977
f 927/920/945 959/951/977 928/921/946
f 928/921/946 959/951/977 987/979/978
f 928/921/946 987/979/978 929/922/947
f 929/922/947 987/979/978 960/952/979
f 960/952/979 961/953/980 929/922/947
f 929/922/947 961/953/980 930/923/948
f 961/953/980 962/954/981 930/923/948
f 930/923/948 962/954/981 963/955/949
f 931/924/920 963/955/949 932/925/950
f 963/955/949 964/956/982 932/925/950
f 932/925/950 964/956/982 933/926/921
f 933/926/921 964/956/982 934/927/922
f 964/956/982 965/957/951 934/927/922
f 965/957/951 1019/1011/983 935/928/924
f 1019/1011/983 995/987/984 935/928/924
f 935/928/924 995/987/984 1020/1012/952
f 996/988/692 1167/1160/985 938/930/863
f 1167/1160/985 1023/1015/956 938/930/863
f 939/931/864 1023/1015/956 940/932/865
f 940/932/865 1023/1015/956 997/989/957
f 997/989/957 967/959/958 941/933/926
f 968/960/959 998/990/986 942/934/927
f 998/990/986 999/991/987 942/934/927
f 942/934/927 999/991/987 943/935/928
f 999/991/987 969/961/988 943/935/928
f 943/935/928 969/961/988 970/962/960
f 970/962/960 971/963/989 944/936/961
f 944/936/961 971/963/989 945/937/929
f 945/937/929 971/963/989 972/964/990
f 945/937/929 972/964/990 946/938/962
f 972/964/990 973/965/991 946/938/962
f 946/938/962 973/965/991 947/939/963
f 947/939/963 973/965/991 948/940/964
f 973/965/991 974/966/965 948/940/964
f 949/941/968 976/968/967 977/969/992
f 949/941/968 977/969/992 950/942/969
f 950/942/969 977/969/992 978/970/993
f 950/942/969 978/970/993 951/943/970
f 951/943/970 978/970/993 979/971/994
f 951/943/970 979/971/994 980/972/971
f 952/944/972 980/972/971 981/973/995
f 952/944/972 981/973/995 953/945/940
f 953/945/940 981/973/995 1010/1002/996
f 953/945/940 1010/1002/996 982/974/941
f 954/946/973 982/974/941 983/975/997
f 954/946/973 983/975/997 955/947/942
f 955/947/942 983/975/997 984/976/998
f 955/947/942 984/976/998 956/948/974
f 956/948/974 984/976/998 985/977/999
f 956/948/974 985/977/999 957/949/975
f 957/949/975 985/977/999 1013/1005/1000
f 957/949/975 1013/1005/1000 958/950/976
f 958/950/976 1013/1005/1000 986/978/1001
f 958/950/976 986/978/1001 959/951/977
f 959/951/977 986/978/1001 987/979/978
f 987/979/978 988/980/1002 960/952/979
f 960/952/979 988/980/1002 989/981/1003
f 960/952/979 989/981/1003 961/953/980
f 961/953/980 989/981/1003 962/954/981
f 962/954/981 989/981/1003 990/982/1004
f 990/982/1004 991/983/1005 962/954/981
f 962/954/981 991/983/1005 963/955/949
f 991/983/1005 992/984/1006 963/955/949
f 992/984/1006 993/985/1007 963/955/949
f 963/955/949 993/985/1007 964/956/982
f 993/985/1007 994/986/1008 964/956/982
f 964/956/982 994/986/1008 965/957/951
f 994/986/1008 1019/1011/983 965/957/951
f 1020/1012/952 1021/1013/1009 966/958/953
f 1021/1013/1009 1047/1039/1010 966/958/953
f 966/958/953 1047/1039/1010 1079/1071/954
f 1079/1071/954 1200/1193/1011 1137/1129/925
f 1023/1015/956 1048/1040/1012 997/989/957
f 997/989/957 998/990/986 967/959/958
f 967/959/958 998/990/986 968/960/959
f 999/991/987 1000/992/1013 969/961/988
f 1000/992/1013 1001/993/1014 969/961/988
f 969/961/988 1001/993/1014 970/962/960
f 1001/993/1014 1002/994/1015 970/962/960
f 970/962/960 1002/994/1015 971/963/989
f 971/963/989 1002/994/1015 972/964/990
f 972/964/990 1002/994/1015 1003/995/1016
f 972/964/990 1003/995/1016 1004/996/1017
f 972/964/990 1004/996/1017 973/965/991
f 1004/996/1017 1005/997/1018 973/965/991
f 973/965/991 1005/997/1018 974/966/965
f 1005/997/1018 1006/998/1019 974/966/965
f 974/966/965 1006/998/1019 975/967/966
f 975/967/966 1006/998/1019 976/968/967
f 976/968/967 1006/998/1019 1031/1023/1020
f 976/968/967 1031/1023/1020 977/969/992
f 977/969/992 1031/1023/1020 1032/1024/1021
f 977/969/992 1032/1024/1021 978/970/993
f 978/970/993 1032/1024/1021 1007/999/1022
f 978/970/993 1007/999/1022 979/971/994
f 979/971/994 1007/999/1022 1008/1000/1023
f 979/971/994 1008/1000/1023 980/972/971
f 980/972/971 1008/1000/1023 1009/1001/1024
f 980/972/971 1009/1001/1024 981/973/995
f 981/973/995 1009/1001/1024 1010/1002/996
f 1010/1002/996 1037/1029/1025 982/974/941
f 982/974/941 1037/1029/1025 983/975/997
f 983/975/997 1037/1029/1025 1011/1003/1026
f 983/975/997 1011/1003/1026 1038/1030/1027
f 983/975/997 1038/1030/1027 984/976/998
f 984/976/998 1038/1030/1027 1012/1004/1028
f 984/976/998 1012/1004/1028 985/977/999
f 1012/1004/1028 1013/1005/1000 985/977/999
f 986/978/1001 1013/1005/1000 1014/1006/1029
f 986/978/1001 1014/1006/1029 1041/1033/1030
f 986/978/1001 1041/1033/1030 1042/1034/1031
f 986/978/1001 1042/1034/1031 987/979/978
f 987/979/978 1042/1034/1031 988/980/1002
f 988/980/1002 1042/1034/1031 1015/1007/1032
f 988/980/1002 1015/1007/1032 989/981/1003
f 1015/1007/1032 1016/1008/1033 989/981/1003
f 989/981/1003 1016/1008/1033 990/982/1004
f 990/982/1004 1016/1008/1033 991/983/1005
f 991/983/1005 1016/1008/1033 1017/1009/1034
f 991/983/1005 1017/1009/1034 992/984/1006
f 992/984/1006 1017/1009/1034 993/985/1007
f 1017/1009/1034 1044/1036/1035 993/985/1007
f 993/985/1007 1044/1036/1035 994/986/1008
f 1044/1036/1035 1018/1010/1036 994/986/1008
f 1018/1010/1036 1019/1011/983 994/986/1008
f 1019/1011/983 1078/1070/1037 995/987/984
f 995/987/984 1078/1070/1037 1020/1012/952
f 996/988/692 937/1449/955 1166/1159/1038
f 1166/1159/1038 1167/1160/985 996/988/692
f 1048/1040/1012 1049/1041/1039 997/989/957
f 1049/1041/1039 1024/1016/1040 997/989/957
f 997/989/957 1024/1016/1040 998/990/986
f 1024/1016/1040 1050/1042/1041 998/990/986
f 998/990/986 1050/1042/1041 999/991/987
f 1050/1042/1041 1025/1017/1042 999/991/987
f 999/991/987 1025/1017/1042 1000/992/1013
f 1025/1017/1042 1026/1018/1043 1000/992/1013
f 1000/992/1013 1026/1018/1043 1001/993/1014
f 1026/1018/1043 1054/1046/1044 1001/993/1014
f 1001/993/1014 1054/1046/1044 1002/994/1015
f 1002/994/1015 1054/1046/1044 1003/995/1016
f 1003/995/1016 1054/1046/1044 1027/1019/1045
f 1003/995/1016 1027/1019/1045 1004/996/1017
f 1027/1019/1045 1028/1020/1046 1004/996/1017
f 1028/1020/1046 1029/1021/1047 1004/996/1017
f 1004/996/1017 1029/1021/1047 1005/997/1018
f 1005/997/1018 1029/1021/1047 1030/1022/1048
f 1030/1022/1048 1057/1049/1049 1005/997/1018
f 1005/997/1018 1057/1049/1049 1006/998/1019
f 1006/998/1019 1057/1049/1049 1031/1023/1020
f 1007/999/1022 1032/1024/1021 1033/1025/1050
f 1007/999/1022 1033/1025/1050 1008/1000/1023
f 1008/1000/1023 1033/1025/1050 1034/1026/1051
f 1008/1000/1023 1034/1026/1051 1009/1001/1024
f 1009/1001/1024 1034/1026/1051 1035/1027/1052
f 1009/1001/1024 1035/1027/1052 1010/1002/996
f 1010/1002/996 1035/1027/1052 1036/1028/1053
f 1010/1002/996 1036/1028/1053 1037/1029/1025
f 1037/1029/1025 1064/1056/1054 1011/1003/1026
f 1011/1003/1026 1064/1056/1054 1038/1030/1027
f 1012/1004/1028 1038/1030/1027 1039/1031/1055
f 1039/1031/1055 1040/1032/1056 1012/1004/1028
f 1012/1004/1028 1040/1032/1056 1013/1005/1000
f 1013/1005/1000 1040/1032/1056 1014/1006/1029
f 1014/1006/1029 1040/1032/1056 1067/1059/1057
f 1014/1006/1029 1067/1059/1057 1041/1033/1030
f 1042/1034/1031 1041/1033/1030 1068/1060/1058
f 1015/1007/1032 1042/1034/1031 1069/1061/1059
f 1069/1061/1059 1070/1062/1060 1015/1007/1032
f 1015/1007/1032 1070/1062/1060 1016/1008/1033
f 1017/1009/1034 1016/1008/1033 1072/1064/1061
f 1017/1009/1034 1072/1064/1061 1073/1065/1062
f 1017/1009/1034 1073/1065/1062 1043/1035/1063
f 1017/1009/1034 1043/1035/1063 1044/1036/1035
f 1018/1010/1036 1044/1036/1035 1045/1037/1064
f 1018/1010/1036 1045/1037/1064 1019/1011/983
f 1019/1011/983 1045/1037/1064 1046/1038/1065
f 1019/1011/983 1046/1038/1065 1078/1070/1037
f 1078/1070/1037 1109/1101/1066 1020/1012/952
f 1020/1012/952 1109/1101/1066 1021/1013/1009
f 1109/1101/1066 1110/1102/1067 1021/1013/1009
f 1021/1013/1009 1110/1102/1067 1047/1039/1010
f 1022/1014/519 1137/1130/925 1369/1363/1068
f 1167/1160/985 1111/1103/1069 1023/1015/956
f 1111/1103/1069 1048/1040/1012 1023/1015/956
f 1024/1016/1040 1049/1041/1039 1081/1073/1070
f 1024/1016/1040 1081/1073/1070 1050/1042/1041
f 1050/1042/1041 1051/1043/1071 1025/1017/1042
f 1025/1017/1042 1051/1043/1071 1052/1044/1072
f 1025/1017/1042 1052/1044/1072 1026/1018/1043
f 1026/1018/1043 1052/1044/1072 1053/1045/1073
f 1026/1018/1043 1053/1045/1073 1054/1046/1044
f 1054/1046/1044 1055/1047/1074 1027/1019/1045
f 1027/1019/1045 1055/1047/1074 1028/1020/1046
f 1028/1020/1046 1055/1047/1074 1056/1048/1075
f 1028/1020/1046 1056/1048/1075 1029/1021/1047
f 1029/1021/1047 1056/1048/1075 1030/1022/1048
f 1030/1022/1048 1056/1048/1075 1087/1079/1076
f 1030/1022/1048 1087/1079/1076 1057/1049/1049
f 1031/1023/1020 1057/1049/1049 1058/1050/1077
f 1031/1023/1020 1058/1050/1077 1032/1024/1021
f 1032/1024/1021 1058/1050/1077 1059/1051/1078
f 1032/1024/1021 1059/1051/1078 1033/1025/1050
f 1033/1025/1050 1059/1051/1078 1060/1052/1079
f 1033/1025/1050 1060/1052/1079 1034/1026/1051
f 1034/1026/1051 1060/1052/1079 1061/1053/1080
f 1034/1026/1051 1061/1053/1080 1035/1027/1052
f 1035/1027/1052 1061/1053/1080 1062/1054/1081
f 1035/1027/1052 1062/1054/1081 1036/1028/1053
f 1036/1028/1053 1062/1054/1081 1095/1087/1082
f 1036/1028/1053 1095/1087/1082 1037/1029/1025
f 1037/1029/1025 1095/1087/1082 1063/1055/1083
f 1063/1055/1083 1064/1056/1054 1037/1029/1025
f 1064/1056/1054 1098/1090/1084 1038/1030/1027
f 1038/1030/1027 1098/1090/1084 1039/1031/1055
f 1039/1031/1055 1098/1090/1084 1065/1057/1085
f 1065/1057/1085 1066/1058/1086 1039/1031/1055
f 1039/1031/1055 1066/1058/1086 1040/1032/1056
f 1040/1032/1056 1066/1058/1086 1067/1059/1057
f 1041/1033/1030 1067/1059/1057 1068/1060/1058
f 1042/1034/1031 1068/1060/1058 1069/1061/1059
f 1016/1008/1033 1070/1062/1060 1071/1063/1087
f 1016/1008/1033 1071/1063/1087 1072/1064/1061
f 1073/1065/1062 1074/1066/1088 1043/1035/1063
f 1074/1066/1088 1075/1067/1089 1043/1035/1063
f 1043/1035/1063 1075/1067/1089 1044/1036/1035
f 1044/1036/1035 1075/1067/1089 1045/1037/1064
f 1045/1037/1064 1075/1067/1089 1076/1068/1090
f 1045/1037/1064 1076/1068/1090 1046/1038/1065
f 1076/1068/1090 1077/1069/1091 1046/1038/1065
f 1046/1038/1065 1077/1069/1091 1078/1070/1037
f 1110/1102/1067 1199/1192/1092 1047/1039/1010
f 1047/1039/1010 1199/1192/1092 1079/1071/954
f 1048/1040/1012 1111/1103/1069 1080/1072/1093
f 1048/1040/1012 1080/1072/1093 1049/1041/1039
f 1049/1041/1039 1080/1072/1093 1081/1073/1070
f 1050/1042/1041 1081/1073/1070 1082/1074/1094
f 1050/1042/1041 1082/1074/1094 1051/1043/1071
f 1082/1074/1094 1114/1106/1095 1051/1043/1071
f 1051/1043/1071 1114/1106/1095 1052/1044/1072
f 1114/1106/1095 1115/1107/1096 1052/1044/1072
f 1115/1107/1096 1083/1075/1097 1052/1044/1072
f 1052/1044/1072 1083/1075/1097 1053/1045/1073
f 1053/1045/1073 1083/1075/1097 1054/1046/1044
f 1054/1046/1044 1083/1075/1097 1055/1047/1074
f 1055/1047/1074 1083/1075/1097 1084/1076/1098
f 1084/1076/1098 1085/1077/1099 1055/1047/1074
f 1055/1047/1074 1085/1077/1099 1056/1048/1075
f 1056/1048/1075 1085/1077/1099 1086/1078/1100
f 1056/1048/1075 1086/1078/1100 1087/1079/1076
f 1087/1079/1076 1088/1080/1101 1057/1049/1049
f 1057/1049/1049 1088/1080/1101 1089/1081/1102
f 1057/1049/1049 1089/1081/1102 1058/1050/1077
f 1058/1050/1077 1089/1081/1102 1090/1082/1103
f 1058/1050/1077 1090/1082/1103 1059/1051/1078
f 1059/1051/1078 1090/1082/1103 1091/1083/1104
f 1059/1051/1078 1091/1083/1104 1060/1052/1079
f 1060/1052/1079 1091/1083/1104 1092/1084/1105
f 1060/1052/1079 1092/1084/1105 1061/1053/1080
f 1061/1053/1080 1092/1084/1105 1093/1085/1106
f 1061/1053/1080 1093/1085/1106 1062/1054/1081
f 1062/1054/1081 1093/1085/1106 1094/1086/1107
f 1062/1054/1081 1094/1086/1107 1095/1087/1082
f 1063/1055/1083 1095/1087/1082 1123/1115/1108
f 1063/1055/1083 1123/1115/1108 1096/1088/1109
f 1096/1088/1109 1097/1089/1110 1063/1055/1083
f 1063/1055/1083 1097/1089/1110 1064/1056/1054
f 1097/1089/1110 1098/1090/1084 1064/1056/1054
f 1098/1090/1084 1099/1091/1111 1065/1057/1085
f 1065/1057/1085 1099/1091/1111 1066/1058/1086
f 1066/1058/1086 1099/1091/1111 1127/1119/1112
f 1066/1058/1086 1127/1119/1112 1100/1092/1113
f 1066/1058/1086 1100/1092/1113 1067/1059/1057
f 1067/1059/1057 1100/1092/1113 1101/1093/1114
f 1067/1059/1057 1101/1093/1114 1068/1060/1058
f 1068/1060/1058 1101/1093/1114 1102/1094/1115
f 1068/1060/1058 1102/1094/1115 1069/1061/1059
f 1069/1061/1059 1102/1094/1115 1103/1095/1116
f 1069/1061/1059 1103/1095/1116 1070/1062/1060
f 1070/1062/1060 1103/1095/1116 1104/1096/1117
f 1070/1062/1060 1104/1096/1117 1071/1063/1087
f 1071/1063/1087 1104/1096/1117 1072/1064/1061
f 1072/1064/1061 1104/1096/1117 1132/1124/1118
f 1072/1064/1061 1132/1124/1118 1073/1065/1062
f 1073/1065/1062 1132/1124/1118 1133/1125/1119
f 1133/1125/1119 1105/1097/1120 1073/1065/1062
f 1073/1065/1062 1105/1097/1120 1074/1066/1088
f 1105/1097/1120 1106/1098/1121 1074/1066/1088
f 1074/1066/1088 1106/1098/1121 1075/1067/1089
f 1075/1067/1089 1106/1098/1121 1076/1068/1090
f 1106/1098/1121 1107/1099/1122 1076/1068/1090
f 1107/1099/1122 1108/1100/1123 1076/1068/1090
f 1076/1068/1090 1108/1100/1123 1077/1069/1091
f 1077/1069/1091 1108/1100/1123 1078/1070/1037
f 1108/1100/1123 1109/1101/1066 1078/1070/1037
f 1199/1192/1092 1200/1193/1011 1079/1071/954
f 1111/1103/1069 1139/1132/1124 1080/1072/1093
f 1139/1132/1124 1112/1104/1125 1080/1072/1093
f 1080/1072/1093 1112/1104/1125 1081/1073/1070
f 1081/1073/1070 1112/1104/1125 1082/1074/1094
f 1082/1074/1094 1112/1104/1125 1113/1105/1126
f 1082/1074/1094 1113/1105/1126 1114/1106/1095
f 1140/1133/1127 1171/1164/1128 1114/1106/1095
f 1114/1106/1095 1171/1164/1128 1115/1107/1096
f 1115/1107/1096 1116/1108/1129 1083/1075/1097
f 1116/1108/1129 1141/1134/1130 1083/1075/1097
f 1083/1075/1097 1141/1134/1130 1084/1076/1098
f 1084/1076/1098 1141/1134/1130 1085/1077/1099
f 1085/1077/1099 1141/1134/1130 1142/1135/1131
f 1085/1077/1099 1142/1135/1131 1086/1078/1100
f 1086/1078/1100 1142/1135/1131 1117/1109/1132
f 1086/1078/1100 1117/1109/1132 1087/1079/1076
f 1087/1079/1076 1117/1109/1132 1088/1080/1101
f 1088/1080/1101 1117/1109/1132 1089/1081/1102
f 1089/1081/1102 1117/1109/1132 1118/1110/1133
f 1089/1081/1102 1118/1110/1133 1090/1082/1103
f 1090/1082/1103 1118/1110/1133 1119/1111/1134
f 1090/1082/1103 1119/1111/1134 1091/1083/1104
f 1091/1083/1104 1119/1111/1134 1120/1112/1135
f 1091/1083/1104 1120/1112/1135 1092/1084/1105
f 1092/1084/1105 1120/1112/1135 1121/1113/1136
f 1092/1084/1105 1121/1113/1136 1093/1085/1106
f 1093/1085/1106 1121/1113/1136 1122/1114/1137
f 1093/1085/1106 1122/1114/1137 1094/1086/1107
f 1094/1086/1107 1122/1114/1137 1148/1141/1138
f 1094/1086/1107 1148/1141/1138 1095/1087/1082
f 1095/1087/1082 1148/1141/1138 1149/1142/1139
f 1095/1087/1082 1149/1142/1139 1123/1115/1108
f 1096/1088/1109 1123/1115/1108 1124/1116/1140
f 1096/1088/1109 1124/1116/1140 1097/1089/1110
f 1124/1116/1140 1125/1117/1141 1097/1089/1110
f 1097/1089/1110 1125/1117/1141 1098/1090/1084
f 1125/1117/1141 1126/1118/1142 1098/1090/1084
f 1098/1090/1084 1126/1118/1142 1099/1091/1111
f 1099/1091/1111 1126/1118/1142 1127/1119/1112
f 1100/1092/1113 1127/1119/1112 1128/1120/1143
f 1128/1120/1143 1129/1121/1144 1100/1092/1113
f 1100/1092/1113 1129/1121/1144 1101/1093/1114
f 1129/1121/1144 1130/1122/1145 1101/1093/1114
f 1101/1093/1114 1130/1122/1145 1102/1094/1115
f 1130/1122/1145 1157/1150/1146 1102/1094/1115
f 1157/1150/1146 1131/1123/1147 1102/1094/1115
f 1102/1094/1115 1131/1123/1147 1103/1095/1116
f 1131/1123/1147 1193/1186/1148 1103/1095/1116
f 1103/1095/1116 1193/1186/1148 1104/1096/1117
f 1193/1186/1148 1132/1124/1118 1104/1096/1117
f 1133/1125/1119 1161/1154/1149 1105/1097/1120
f 1161/1154/1149 1134/1126/1150 1105/1097/1120
f 1105/1097/1120 1134/1126/1150 1106/1098/1121
f 1134/1126/1150 1162/1155/1151 1106/1098/1121
f 1106/1098/1121 1162/1155/1151 1107/1099/1122
f 1107/1099/1122 1162/1155/1151 1135/1127/1152
f 1107/1099/1122 1135/1127/1152 1108/1100/1123
f 1135/1127/1152 1136/1128/1153 1108/1100/1123
f 1136/1128/1153 1164/1157/1154 1108/1100/1123
f 1108/1100/1123 1164/1157/1154 1109/1101/1066
f 1164/1157/1154 1165/1158/1155 1109/1101/1066
f 1109/1101/1066 1165/1158/1155 1110/1102/1067
f 1110/1102/1067 1165/1158/1155 1199/1192/1092
f 1167/1160/985 1138/1131/1156 1111/1103/1069
f 1111/1103/1069 1138/1131/1156 1139/1132/1124
f 1138/1131/1156 1168/1161/1157 1139/1132/1124
f 1139/1132/1124 1169/1162/1158 1112/1104/1125
f 1112/1104/1125 1169/1162/1158 1113/1105/1126
f 1169/1162/1158 1170/1163/1159 1113/1105/1126
f 1113/1105/1126 1170/1163/1159 1114/1106/1095
f 1114/1106/1095 1170/1163/1159 1140/1133/1127
f 1171/1164/1128 1172/1165/1160 1115/1107/1096
f 1172/1165/1160 1173/1166/1161 1115/1107/1096
f 1115/1107/1096 1173/1166/1161 1116/1108/1129
f 1173/1166/1161 1141/1134/1130 1116/1108/1129
f 1117/1109/1132 1142/1135/1131 1175/1168/1162
f 1117/1109/1132 1175/1168/1162 1143/1136/1163
f 1117/1109/1132 1143/1136/1163 1118/1110/1133
f 1118/1110/1133 1143/1136/1163 1144/1137/1164
f 1118/1110/1133 1144/1137/1164 1119/1111/1134
f 1119/1111/1134 1144/1137/1164 1145/1138/1165
f 1119/1111/1134 1145/1138/1165 1120/1112/1135
f 1120/1112/1135 1145/1138/1165 1177/1170/1166
f 1120/1112/1135 1177/1170/1166 1121/1113/1136
f 1121/1113/1136 1177/1170/1166 1146/1139/1167
f 1121/1113/1136 1146/1139/1167 1122/1114/1137
f 1122/1114/1137 1146/1139/1167 1147/1140/1168
f 1122/1114/1137 1147/1140/1168 1148/1141/1138
f 1123/1115/1108 1149/1142/1139 1150/1143/1169
f 1123/1115/1108 1150/1143/1169 1124/1116/1140
f 1124/1116/1140 1150/1143/1169 1151/1144/1170
f 1124/1116/1140 1151/1144/1170 1125/1117/1141
f 1125/1117/1141 1151/1144/1170 1183/1176/1171
f 1183/1176/1171 1184/1177/1172 1125/1117/1141
f 1125/1117/1141 1184/1177/1172 1126/1118/1142
f 1126/1118/1142 1184/1177/1172 1127/1119/1112
f 1127/1119/1112 1184/1177/1172 1152/1145/1173
f 1127/1119/1112 1152/1145/1173 1128/1120/1143
f 1152/1145/1173 1153/1146/1174 1128/1120/1143
f 1128/1120/1143 1153/1146/1174 1129/1121/1144
f 1153/1146/1174 1154/1147/1175 1129/1121/1144
f 1129/1121/1144 1154/1147/1175 1130/1122/1145
f 1154/1147/1175 1155/1148/1176 1130/1122/1145
f 1155/1148/1176 1156/1149/1177 1130/1122/1145
f 1130/1122/1145 1156/1149/1177 1157/1150/1146
f 1157/1150/1146 1158/1151/1178 1131/1123/1147
f 1131/1123/1147 1158/1151/1178 1193/1186/1148
f 1193/1186/1148 1159/1152/1179 1132/1124/1118
f 1159/1152/1179 1160/1153/1180 1132/1124/1118
f 1132/1124/1118 1160/1153/1180 1133/1125/1119
f 1160/1153/1180 1161/1154/1149 1133/1125/1119
f 1134/1126/1150 1161/1154/1149 1194/1187/1181
f 1194/1187/1181 1162/1155/1151 1134/1126/1150
f 1135/1127/1152 1162/1155/1151 1163/1156/1182
f 1135/1127/1152 1163/1156/1182 1136/1128/1153
f 1163/1156/1182 1197/1190/1183 1136/1128/1153
f 1197/1190/1183 1164/1157/1154 1136/1128/1153
f 1137/1129/925 1200/1193/1011 1308/1301/1184
f 1137/1130/925 1308/1302/1184 1369/1363/1068
f 1167/1160/985 1201/1194/1185 1138/1131/1156
f 1201/1194/1185 1202/1195/1186 1138/1131/1156
f 1202/1195/1186 1168/1161/1157 1138/1131/1156
f 1168/1161/1157 1223/1216/1187 1139/1132/1124
f 1223/1216/1187 1169/1162/1158 1139/1132/1124
f 1140/1133/1127 1170/1163/1159 1226/1219/1188
f 1140/1133/1127 1226/1219/1188 1203/1196/1189
f 1203/1196/1189 1171/1164/1128 1140/1133/1127
f 1173/1166/1161 1206/1199/1190 1141/1134/1130
f 1141/1134/1130 1206/1199/1190 1142/1135/1131
f 1142/1135/1131 1206/1199/1190 1174/1167/1191
f 1142/1135/1131 1174/1167/1191 1175/1168/1162
f 1143/1136/1163 1175/1168/1162 1208/1201/1192
f 1208/1201/1192 1209/1202/1193 1143/1136/1163
f 1143/1136/1163 1209/1202/1193 1144/1137/1164
f 1209/1202/1193 1176/1169/1194 1144/1137/1164
f 1144/1137/1164 1176/1169/1194 1145/1138/1165
f 1176/1169/1194 1177/1170/1166 1145/1138/1165
f 1177/1170/1166 1212/1205/1195 1146/1139/1167
f 1212/1205/1195 1178/1171/1196 1146/1139/1167
f 1146/1139/1167 1178/1171/1196 1147/1140/1168
f 1147/1140/1168 1178/1171/1196 1148/1141/1138
f 1148/1141/1138 1178/1171/1196 1179/1172/1197
f 1179/1172/1197 1180/1173/1198 1148/1141/1138
f 1148/1141/1138 1180/1173/1198 1149/1142/1139
f 1180/1173/1198 1181/1174/1199 1149/1142/1139
f 1149/1142/1139 1181/1174/1199 1150/1143/1169
f 1181/1174/1199 1236/1229/1200 1150/1143/1169
f 1150/1143/1169 1236/1229/1200 1151/1144/1170
f 1236/1229/1200 1182/1175/1201 1151/1144/1170
f 1182/1175/1201 1183/1176/1171 1151/1144/1170
f 1152/1145/1173 1184/1177/1172 1185/1178/1202
f 1152/1145/1173 1185/1178/1202 1217/1210/1203
f 1217/1210/1203 1186/1179/1204 1152/1145/1173
f 1152/1145/1173 1186/1179/1204 1153/1146/1174
f 1186/1179/1204 1187/1180/1205 1153/1146/1174
f 1153/1146/1174 1187/1180/1205 1154/1147/1175
f 1154/1147/1175 1187/1180/1205 1155/1148/1176
f 1155/1148/1176 1187/1180/1205 1188/1181/1206
f 1188/1181/1206 1189/1182/1207 1155/1148/1176
f 1155/1148/1176 1189/1182/1207 1156/1149/1177
f 1189/1182/1207 1190/1183/1208 1156/1149/1177
f 1156/1149/1177 1190/1183/1208 1157/1150/1146
f 1190/1183/1208 1191/1184/1209 1157/1150/1146
f 1157/1150/1146 1191/1184/1209 1158/1151/1178
f 1191/1184/1209 1192/1185/1210 1158/1151/1178
f 1158/1151/1178 1192/1185/1210 1193/1186/1148
f 1193/1186/1148 1220/1213/1211 1159/1152/1179
f 1159/1152/1179 1220/1213/1211 1160/1153/1180
f 1220/1213/1211 1194/1187/1181 1160/1153/1180
f 1160/1153/1180 1194/1187/1181 1161/1154/1149
f 1162/1155/1151 1194/1187/1181 1195/1188/1212
f 1162/1155/1151 1195/1188/1212 1163/1156/1182
f 1163/1156/1182 1195/1188/1212 1196/1189/1213
f 1163/1156/1182 1196/1189/1213 1197/1190/1183
f 1164/1157/1154 1197/1190/1183 1198/1191/1214
f 1198/1191/1214 1248/1241/1215 1164/1157/1154
f 1164/1157/1154 1248/1241/1215 1165/1158/1155
f 1248/1241/1215 1222/1215/1216 1165/1158/1155
f 1222/1215/1216 1199/1192/1092 1165/1158/1155
f 937/1449/955 1309/1303/1217 1166/1159/1038
f 1166/1159/1038 1309/1303/1217 1167/1160/985
f 1167/1160/985 1309/1303/1217 1201/1194/1185
f 1168/1161/1157 1202/1195/1186 1223/1216/1187
f 1223/1216/1187 1224/1217/1218 1169/1162/1158
f 1224/1217/1218 1225/1218/1219 1169/1162/1158
f 1169/1162/1158 1225/1218/1219 1170/1163/1159
f 1170/1163/1159 1225/1218/1219 1226/1219/1188
f 1171/1164/1128 1203/1196/1189 1204/1197/1220
f 1171/1164/1128 1204/1197/1220 1172/1165/1160
f 1204/1197/1220 1205/1198/1221 1172/1165/1160
f 1172/1165/1160 1205/1198/1221 1173/1166/1161
f 1205/1198/1221 1206/1199/1190 1173/1166/1161
f 1174/1167/1191 1206/1199/1190 1207/1200/1222
f 1174/1167/1191 1207/1200/1222 1175/1168/1162
f 1175/1168/1162 1207/1200/1222 1208/1201/1192
f 1231/1224/1223 1209/1202/1193 1208/1201/1192
f 1209/1202/1193 1210/1203/1224 1176/1169/1194
f 1210/1203/1224 1211/1204/1225 1176/1169/1194
f 1176/1169/1194 1211/1204/1225 1177/1170/1166
f 1211/1204/1225 1212/1205/1195 1177/1170/1166
f 1212/1205/1195 1213/1206/1226 1178/1171/1196
f 1213/1206/1226 1214/1207/1227 1178/1171/1196
f 1178/1171/1196 1214/1207/1227 1179/1172/1197
f 1179/1172/1197 1214/1207/1227 1180/1173/1198
f 1214/1207/1227 1235/1228/1228 1180/1173/1198
f 1180/1173/1198 1235/1228/1228 1181/1174/1199
f 1235/1228/1228 1236/1229/1200 1181/1174/1199
f 1236/1229/1200 1260/1253/1229 1182/1175/1201
f 1260/1253/1229 1215/1208/1230 1182/1175/1201
f 1182/1175/1201 1215/1208/1230 1183/1176/1171
f 1215/1208/1230 1216/1209/1231 1183/1176/1171
f 1183/1176/1171 1216/1209/1231 1184/1177/1172
f 1184/1177/1172 1216/1209/1231 1185/1178/1202
f 1185/1178/1202 1216/1209/1231 1217/1210/1203
f 1217/1210/1203 1238/1231/1232 1186/1179/1204
f 1238/1231/1232 1239/1232/1233 1186/1179/1204
f 1186/1179/1204 1239/1232/1233 1187/1180/1205
f 1187/1180/1205 1239/1232/1233 1188/1181/1206
f 1188/1181/1206 1239/1232/1233 1240/1233/1234
f 1188/1181/1206 1240/1233/1234 1189/1182/1207
f 1189/1182/1207 1240/1233/1234 1218/1211/1235
f 1189/1182/1207 1218/1211/1235 1190/1183/1208
f 1190/1183/1208 1218/1211/1235 1191/1184/1209
f 1191/1184/1209 1218/1211/1235 1241/1234/1236
f 1191/1184/1209 1241/1234/1236 1242/1235/1237
f 1191/1184/1209 1242/1235/1237 1192/1185/1210
f 1192/1185/1210 1242/1235/1237 1219/1212/1238
f 1192/1185/1210 1219/1212/1238 1193/1186/1148
f 1219/1212/1238 1243/1236/1239 1193/1186/1148
f 1193/1186/1148 1243/1236/1239 1220/1213/1211
f 1220/1213/1211 1221/1214/1240 1194/1187/1181
f 1194/1187/1181 1221/1214/1240 1195/1188/1212
f 1195/1188/1212 1221/1214/1240 1245/1238/1241
f 1195/1188/1212 1245/1238/1241 1196/1189/1213
f 1196/1189/1213 1245/1238/1241 1246/1239/1242
f 1196/1189/1213 1246/1239/1242 1197/1190/1183
f 1197/1190/1183 1246/1239/1242 1198/1191/1214
f 1198/1191/1214 1246/1239/1242 1247/1240/1243
f 1199/1192/1092 1222/1215/1216 1200/1193/1011
f 1200/1193/1011 1222/1215/1216 1288/1281/1244
f 1200/1193/1011 1288/1281/1244 1308/1301/1184
f 1309/1303/1217 1268/1261/1245 1201/1194/1185
f 1268/1261/1245 1249/1242/1246 1201/1194/1185
f 1201/1194/1185 1249/1242/1246 1202/1195/1186
f 1249/1242/1246 1223/1216/1187 1202/1195/1186
f 1226/1219/1188 1250/1243/1247 1203/1196/1189
f 1203/1196/1189 1250/1243/1247 1204/1197/1220
f 1250/1243/1247 1227/1220/1248 1204/1197/1220
f 1204/1197/1220 1227/1220/1248 1205/1198/1221
f 1227/1220/1248 1228/1221/1249 1205/1198/1221
f 1205/1198/1221 1228/1221/1249 1206/1199/1190
f 1206/1199/1190 1228/1221/1249 1207/1200/1222
f 1207/1200/1222 1228/1221/1249 1229/1222/1250
f 1229/1222/1250 1230/1223/1251 1207/1200/1222
f 1230/1223/1251 1231/1224/1223 1207/1200/1222
f 1207/1200/1222 1231/1224/1223 1208/1201/1192
f 1231/1224/1223 1254/1247/1252 1209/1202/1193
f 1209/1202/1193 1254/1247/1252 1232/1225/1253
f 1209/1202/1193 1232/1225/1253 1210/1203/1224
f 1210/1203/1224 1232/1225/1253 1211/1204/1225
f 1211/1204/1225 1232/1225/1253 1233/1226/1254
f 1211/1204/1225 1233/1226/1254 1212/1205/1195
f 1212/1205/1195 1233/1226/1254 1257/1250/1255
f 1257/1250/1255 1258/1251/1256 1212/1205/1195
f 1212/1205/1195 1258/1251/1256 1213/1206/1226
f 1258/1251/1256 1276/1269/1257 1213/1206/1226
f 1213/1206/1226 1276/1269/1257 1214/1207/1227
f 1276/1269/1257 1234/1227/1258 1214/1207/1227
f 1234/1227/1258 1235/1228/1228 1214/1207/1227
f 1260/1253/1229 1261/1254/1259 1215/1208/1230
f 1261/1254/1259 1262/1255/1260 1215/1208/1230
f 1215/1208/1230 1262/1255/1260 1216/1209/1231
f 1216/1209/1231 1262/1255/1260 1237/1230/1261
f 1216/1209/1231 1237/1230/1261 1217/1210/1203
f 1237/1230/1261 1238/1231/1232 1217/1210/1203
f 1239/1232/1233 1264/1257/1262 1240/1233/1234
f 1218/1211/1235 1240/1233/1234 1282/1275/1263
f 1218/1211/1235 1282/1275/1263 1241/1234/1236
f 1219/1212/1238 1242/1235/1237 1284/1277/1264
f 1219/1212/1238 1284/1277/1264 1243/1236/1239
f 1243/1236/1239 1265/1258/1265 1220/1213/1211
f 1220/1213/1211 1265/1258/1265 1244/1237/1266
f 1220/1213/1211 1244/1237/1266 1221/1214/1240
f 1221/1214/1240 1244/1237/1266 1245/1238/1241
f 1245/1238/1241 1286/1279/1267 1246/1239/1242
f 1198/1191/1214 1247/1240/1243 1248/1241/1215
f 1248/1241/1215 1267/1260/1268 1222/1215/1216
f 937/1449/955 1339/1333/1269 1309/1303/1217
f 1321/1315/1270 1268/1261/1245 1309/1303/1217
f 1249/1242/1246 1269/1262/1271 1223/1216/1187
f 1223/1216/1187 1269/1262/1271 1224/1217/1218
f 1269/1262/1271 1270/1263/1272 1224/1217/1218
f 1224/1217/1218 1270/1263/1272 1225/1218/1219
f 1270/1263/1272 1271/1264/1273 1225/1218/1219
f 1225/1218/1219 1271/1264/1273 1226/1219/1188
f 1271/1264/1273 1250/1243/1247 1226/1219/1188
f 1250/1243/1247 1251/1244/1274 1227/1220/1248
f 1227/1220/1248 1252/1245/1275 1228/1221/1249
f 1228/1221/1249 1252/1245/1275 1229/1222/1250
f 1229/1222/1250 1252/1245/1275 1230/1223/1251
f 1230/1223/1251 1252/1245/1275 1253/1246/1276
f 1230/1223/1251 1253/1246/1276 1231/1224/1223
f 1231/1224/1223 1253/1246/1276 1254/1247/1252
f 1232/1225/1253 1254/1247/1252 1255/1248/1277
f 1232/1225/1253 1255/1248/1277 1233/1226/1254
f 1233/1226/1254 1255/1248/1277 1256/1249/1278
f 1256/1249/1278 1257/1250/1255 1233/1226/1254
f 1276/1269/1257 1259/1252/1279 1234/1227/1258
f 1234/1227/1258 1259/1252/1279 1235/1228/1228
f 1259/1252/1279 1277/1270/1280 1235/1228/1228
f 1235/1228/1228 1277/1270/1280 1236/1229/1200
f 1277/1270/1280 1260/1253/1229 1236/1229/1200
f 1237/1230/1261 1262/1255/1260 1263/1256/1281
f 1237/1230/1261 1263/1256/1281 1238/1231/1232
f 1263/1256/1281 1281/1274/1282 1238/1231/1232
f 1238/1231/1232 1281/1274/1282 1239/1232/1233
f 1239/1232/1233 1281/1274/1282 1264/1257/1262
f 1240/1233/1234 1264/1257/1262 1282/1275/1263
f 1241/1234/1236 1282/1275/1263 1283/1276/1283
f 1241/1234/1236 1283/1276/1283 1242/1235/1237
f 1242/1235/1237 1283/1276/1283 1304/1297/1284
f 1242/1235/1237 1304/1297/1284 1284/1277/1264
f 1243/1236/1239 1284/1277/1264 1265/1258/1265
f 1244/1237/1266 1265/1258/1265 1285/1278/1285
f 1244/1237/1266 1285/1278/1285 1305/1298/1286
f 1244/1237/1266 1305/1298/1286 1245/1238/1241
f 1245/1238/1241 1305/1298/1286 1286/1279/1267
f 1246/1239/1242 1286/1279/1267 1266/1259/1287
f 1246/1239/1242 1266/1259/1287 1247/1240/1243
f 1247/1240/1243 1266/1259/1287 1267/1260/1268
f 1247/1240/1243 1267/1260/1268 1248/1241/1215
f 1267/1260/1268 1319/1313/1288 1222/1215/1216
f 1222/1215/1216 1319/1313/1288 1287/1280/1289
f 1222/1215/1216 1287/1280/1289 1288/1281/1244
f 1268/1261/1245 1289/1282/1290 1249/1242/1246
f 1289/1282/1290 1269/1262/1271 1249/1242/1246
f 1270/1263/1272 1310/1304/1291 1271/1264/1273
f 1271/1264/1273 1291/1284/1292 1250/1243/1247
f 1250/1243/1247 1291/1284/1292 1251/1244/1274
f 1291/1284/1292 1272/1265/1293 1251/1244/1274
f 1251/1244/1274 1272/1265/1293 1227/1220/1248
f 1227/1220/1248 1272/1265/1293 1252/1245/1275
f 1252/1245/1275 1272/1265/1293 1253/1246/1276
f 1253/1246/1276 1272/1265/1293 1273/1266/1294
f 1253/1246/1276 1273/1266/1294 1274/1267/1295
f 1253/1246/1276 1274/1267/1295 1254/1247/1252
f 1254/1247/1252 1274/1267/1295 1255/1248/1277
f 1255/1248/1277 1274/1267/1295 1293/1286/1296
f 1293/1286/1296 1294/1287/1297 1255/1248/1277
f 1255/1248/1277 1294/1287/1297 1256/1249/1278
f 1256/1249/1278 1294/1287/1297 1257/1250/1255
f 1257/1250/1255 1294/1287/1297 1295/1288/1298
f 1295/1288/1298 1296/1289/1299 1257/1250/1255
f 1257/1250/1255 1296/1289/1299 1258/1251/1256
f 1296/1289/1299 1275/1268/1300 1258/1251/1256
f 1258/1251/1256 1275/1268/1300 1276/1269/1257
f 1276/1269/1257 1298/1291/1301 1259/1252/1279
f 1298/1291/1301 1277/1270/1280 1259/1252/1279
f 1277/1270/1280 1278/1271/1302 1260/1253/1229
f 1260/1253/1229 1278/1271/1302 1261/1254/1259
f 1261/1254/1259 1278/1271/1302 1262/1255/1260
f 1262/1255/1260 1278/1271/1302 1279/1272/1303
f 1262/1255/1260 1279/1272/1303 1263/1256/1281
f 1279/1272/1303 1280/1273/1304 1263/1256/1281
f 1280/1273/1304 1281/1274/1282 1263/1256/1281
f 1281/1274/1282 1303/1296/1305 1264/1257/1262
f 1303/1296/1305 1282/1275/1263 1264/1257/1262
f 1265/1258/1265 1284/1277/1264 1318/1312/1306
f 1265/1258/1265 1318/1312/1306 1285/1278/1285
f 1286/1279/1267 1306/1299/1307 1266/1259/1287
f 1266/1259/1287 1306/1299/1307 1307/1300/1308
f 1266/1259/1287 1307/1300/1308 1267/1260/1268
f 1267/1260/1268 1307/1300/1308 1319/1313/1288
f 1287/1280/1289 1338/1332/1309 1288/1281/1244
f 1321/1315/1270 1322/1316/1310 1268/1261/1245
f 1268/1261/1245 1322/1316/1310 1289/1282/1290
f 1269/1262/1271 1289/1282/1290 1270/1263/1272
f 1289/1282/1290 1310/1304/1291 1270/1263/1272
f 1310/1304/1291 1290/1283/1311 1271/1264/1273
f 1271/1264/1273 1290/1283/1311 1291/1284/1292
f 1291/1284/1292 1292/1285/1312 1272/1265/1293
f 1272/1265/1293 1292/1285/1312 1273/1266/1294
f 1273/1266/1294 1292/1285/1312 1312/1306/1313
f 1273/1266/1294 1312/1306/1313 1274/1267/1295
f 1274/1267/1295 1312/1306/1313 1325/1319/1314
f 1274/1267/1295 1325/1319/1314 1313/1307/1315
f 1274/1267/1295 1313/1307/1315 1293/1286/1296
f 1275/1268/1300 1296/1289/1299 1297/1290/1316
f 1297/1290/1316 1315/1309/1317 1275/1268/1300
f 1275/1268/1300 1315/1309/1317 1276/1269/1257
f 1315/1309/1317 1298/1291/1301 1276/1269/1257
f 1298/1291/1301 1299/1292/1318 1277/1270/1280
f 1277/1270/1280 1299/1292/1318 1278/1271/1302
f 1299/1292/1318 1300/1293/1319 1278/1271/1302
f 1278/1271/1302 1300/1293/1319 1279/1272/1303
f 1300/1293/1319 1301/1294/1320 1279/1272/1303
f 1279/1272/1303 1301/1294/1320 1280/1273/1304
f 1301/1294/1320 1302/1295/1321 1280/1273/1304
f 1280/1273/1304 1302/1295/1321 1281/1274/1282
f 1281/1274/1282 1302/1295/1321 1303/1296/1305
f 1282/1275/1263 1303/1296/1305 1283/1276/1283
f 1283/1276/1283 1303/1296/1305 1304/1297/1284
f 1284/1277/1264 1304/1297/1284 1318/1312/1306
f 1285/1278/1285 1318/1312/1306 1305/1298/1286
f 1305/1298/1286 1336/1330/1322 1286/1279/1267
f 1286/1279/1267 1336/1330/1322 1353/1347/1323
f 1286/1279/1267 1353/1347/1323 1306/1299/1307
f 1319/1313/1288 1320/1314/1324 1287/1280/1289
f 1287/1280/1289 1320/1314/1324 1338/1332/1309
f 1288/1281/1244 1338/1332/1309 1355/1349/1325
f 1288/1281/1244 1355/1349/1325 1308/1301/1184
f 1339/1333/1269 1356/1350/1326 1309/1303/1217
f 1322/1316/1310 1310/1304/1291 1289/1282/1290
f 1310/1304/1291 1340/1334/1327 1290/1283/1311
f 1340/1334/1327 1323/1317/1328 1290/1283/1311
f 1323/1317/1328 1311/1305/1329 1290/1283/1311
f 1290/1283/1311 1311/1305/1329 1291/1284/1292
f 1311/1305/1329 1312/1306/1313 1291/1284/1292
f 1291/1284/1292 1312/1306/1313 1292/1285/1312
f 1313/1307/1315 1344/1338/1330 1293/1286/1296
f 1293/1286/1296 1344/1338/1330 1314/1308/1331
f 1293/1286/1296 1314/1308/1331 1294/1287/1297
f 1294/1287/1297 1314/1308/1331 1326/1320/1332
f 1294/1287/1297 1326/1320/1332 1295/1288/1298
f 1295/1288/1298 1326/1320/1332 1328/1322/1333
f 1295/1288/1298 1328/1322/1333 1296/1289/1299
f 1296/1289/1299 1328/1322/1333 1330/1324/1334
f 1296/1289/1299 1330/1324/1334 1297/1290/1316
f 1330/1324/1334 1315/1309/1317 1297/1290/1316
f 1315/1309/1317 1331/1325/1335 1298/1291/1301
f 1298/1291/1301 1331/1325/1335 1299/1292/1318
f 1331/1325/1335 1332/1326/1336 1299/1292/1318
f 1299/1292/1318 1332/1326/1336 1300/1293/1319
f 1332/1326/1336 1316/1310/1337 1300/1293/1319
f 1300/1293/1319 1316/1310/1337 1301/1294/1320
f 1316/1310/1337 1349/1343/1338 1301/1294/1320
f 1349/1343/1338 1333/1327/1339 1301/1294/1320
f 1301/1294/1320 1333/1327/1339 1302/1295/1321
f 1333/1327/1339 1334/1328/1340 1302/1295/1321
f 1302/1295/1321 1334/1328/1340 1303/1296/1305
f 1303/1296/1305 1334/1328/1340 1304/1297/1284
f 1304/1297/1284 1334/1328/1340 1317/1311/1341
f 1304/1297/1284 1317/1311/1341 1318/1312/1306
f 1318/1312/1306 1351/1345/1342 1352/1346/1343
f 1318/1312/1306 1352/1346/1343 1305/1298/1286
f 1305/1298/1286 1352/1346/1343 1336/1330/1322
f 1306/1299/1307 1353/1347/1323 1307/1300/1308
f 1307/1300/1308 1353/1347/1323 1354/1348/1344
f 1307/1300/1308 1354/1348/1344 1319/1313/1288
f 1308/1301/1184 1355/1349/1325 1403/1396/1345
f 1308/1302/1184 1403/1418/1345 1369/1363/1068
f 1309/1303/1217 1356/1350/1326 1321/1315/1270
f 1321/1315/1270 1373/1366/1346 1322/1316/1310
f 1322/1316/1310 1357/1351/1347 1310/1304/1291
f 1357/1351/1347 1340/1334/1327 1310/1304/1291
f 1340/1334/1327 1358/1352/1348 1323/1317/1328
f 1323/1317/1328 1341/1335/1349 1311/1305/1329
f 1341/1335/1349 1324/1318/1350 1311/1305/1329
f 1311/1305/1329 1324/1318/1350 1312/1306/1313
f 1312/1306/1313 1324/1318/1350 1342/1336/1351
f 1312/1306/1313 1342/1336/1351 1325/1319/1314
f 1313/1307/1315 1325/1319/1314 1343/1337/1352
f 1313/1307/1315 1343/1337/1352 1344/1338/1330
f 1314/1308/1331 1344/1338/1330 1326/1320/1332
f 1326/1320/1332 1327/1321/1353 1328/1322/1333
f 1330/1324/1334 1328/1322/1333 1329/1323/1354
f 1315/1309/1317 1330/1324/1334 1346/1340/1355
f 1346/1340/1355 1331/1325/1335 1315/1309/1317
f 1332/1326/1336 1347/1341/1356 1316/1310/1337
f 1347/1341/1356 1348/1342/1357 1316/1310/1337
f 1348/1342/1357 1349/1343/1338 1316/1310/1337
f 1349/1343/1338 1350/1344/1358 1333/1327/1339
f 1317/1311/1341 1334/1328/1340 1335/1329/1359
f 1317/1311/1341 1335/1329/1359 1318/1312/1306
f 1318/1312/1306 1335/1329/1359 1351/1345/1342
f 1354/1348/1344 1337/1331/1360 1319/1313/1288
f 1319/1313/1288 1337/1331/1360 1320/1314/1324
f 1320/1314/1324 1337/1331/1360 1338/1332/1309
f 937/1449/955 1371/1364/1361 1339/1333/1269
f 1339/1333/1269 1372/1365/1362 1356/1350/1326
f 1321/1315/1270 1356/1350/1326 1373/1366/1346
f 1373/1366/1346 1357/1351/1347 1322/1316/1310
f 1358/1352/1348 1341/1335/1349 1323/1317/1328
f 1324/1318/1350 1341/1335/1349 1342/1336/1351
f 1325/1319/1314 1342/1336/1351 1343/1337/1352
f 1344/1338/1330 1359/1353/1363 1326/1320/1332
f 1326/1320/1332 1359/1353/1363 1360/1354/1364
f 1326/1320/1332 1360/1354/1364 1327/1321/1353
f 1327/1321/1353 1360/1354/1364 1345/1339/1365
f 1327/1321/1353 1345/1339/1365 1328/1322/1333
f 1328/1322/1333 1345/1339/1365 1329/1323/1354
f 1329/1323/1354 1345/1339/1365 1362/1356/1366
f 1362/1356/1366 1363/1357/1367 1329/1323/1354
f 1329/1323/1354 1363/1357/1367 1330/1324/1334
f 1330/1324/1334 1363/1357/1367 1346/1340/1355
f 1346/1340/1355 1364/1358/1368 1331/1325/1335
f 1364/1358/1368 1365/1359/1369 1331/1325/1335
f 1331/1325/1335 1365/1359/1369 1332/1326/1336
f 1365/1359/1369 1347/1341/1356 1332/1326/1336
f 1333/1327/1339 1350/1344/1358 1334/1328/1340
f 1334/1328/1340 1350/1344/1358 1383/1376/1370
f 1334/1328/1340 1383/1376/1370 1335/1329/1359
f 1335/1329/1359 1383/1376/1370 1367/1361/1371
f 1336/1330/1322 1352/1346/1343 1368/1362/1372
f 1336/1330/1322 1368/1362/1372 1353/1347/1323
f 1354/1348/1344 1353/1347/1323 1385/1378/1373
f 1337/1331/1360 1354/1348/1344 1386/1379/1374
f 1337/1331/1360 1386/1379/1374 1413/1406/1375
f 1337/1331/1360 1413/1406/1375 1338/1332/1309
f 1338/1332/1309 1413/1406/1375 1355/1349/1325
f 1339/1333/1269 1371/1364/1361 1372/1365/1362
f 1357/1351/1347 1358/1352/1348 1340/1334/1327
f 1341/1335/1349 1358/1352/1348 1342/1336/1351
f 1342/1336/1351 1358/1352/1348 1374/1367/1376
f 1342/1336/1351 1374/1367/1376 1343/1337/1352
f 1343/1337/1352 1374/1367/1376 1375/1368/1377
f 1343/1337/1352 1375/1368/1377 1344/1338/1330
f 1344/1338/1330 1375/1368/1377 1359/1353/1363
f 1360/1354/1364 1361/1355/1378 1345/1339/1365
f 1345/1339/1365 1361/1355/1378 1377/1370/1379
f 1345/1339/1365 1377/1370/1379 1378/1371/1380
f 1345/1339/1365 1378/1371/1380 1362/1356/1366
f 1346/1340/1355 1363/1357/1367 1379/1372/1381
f 1379/1372/1381 1364/1358/1368 1346/1340/1355
f 1365/1359/1369 1380/1373/1382 1347/1341/1356
f 1347/1341/1356 1380/1373/1382 1348/1342/1357
f 1380/1373/1382 1366/1360/1383 1348/1342/1357
f 1348/1342/1357 1366/1360/1383 1349/1343/1338
f 1349/1343/1338 1366/1360/1383 1350/1344/1358
f 1366/1360/1383 1382/1375/1384 1350/1344/1358
f 1350/1344/1358 1382/1375/1384 1383/1376/1370
f 1335/1329/1359 1367/1361/1371 1399/1392/1385
f 1335/1329/1359 1399/1392/1385 1351/1345/1342
f 1351/1345/1342 1399/1392/1385 1400/1393/1386
f 1351/1345/1342 1400/1393/1386 1352/1346/1343
f 1352/1346/1343 1400/1393/1386 1384/1377/1387
f 1352/1346/1343 1384/1377/1387 1368/1362/1372
f 1353/1347/1323 1368/1362/1372 1385/1378/1373
f 1354/1348/1344 1385/1378/1373 1386/1379/1374
f 1355/1349/1325 1413/1406/1375 1403/1396/1345
f 1372/1365/1362 1404/1397/1388 1356/1350/1326
f 1373/1366/1346 1388/1381/1389 1357/1351/1347
f 1388/1381/1389 1389/1382/1390 1357/1351/1347
f 1357/1351/1347 1389/1382/1390 1358/1352/1348
f 1358/1352/1348 1389/1382/1390 1390/1383/1391
f 1358/1352/1348 1390/1383/1391 1374/1367/1376
f 1359/1353/1363 1375/1368/1377 1376/1369/1392
f 1359/1353/1363 1376/1369/1392 1360/1354/1364
f 1360/1354/1364 1376/1369/1392 1361/1355/1378
f 1361/1355/1378 1376/1369/1392 1377/1370/1379
f 1362/1356/1366 1378/1371/1380 1394/1387/1393
f 1362/1356/1366 1394/1387/1393 1363/1357/1367
f 1394/1387/1393 1379/1372/1381 1363/1357/1367
f 1379/1372/1381 1395/1388/1394 1364/1358/1368
f 1395/1388/1394 1396/1389/1395 1364/1358/1368
f 1364/1358/1368 1396/1389/1395 1365/1359/1369
f 1396/1389/1395 1380/1373/1382 1365/1359/1369
f 1380/1373/1382 1381/1374/1396 1366/1360/1383
f 1381/1374/1396 1397/1390/1397 1366/1360/1383
f 1397/1390/1397 1398/1391/1398 1366/1360/1383
f 1398/1391/1398 1382/1375/1384 1366/1360/1383
f 1367/1361/1371 1383/1376/1370 1399/1392/1385
f 1384/1377/1387 1400/1393/1386 1401/1394/1399
f 1368/1362/1372 1384/1377/1387 1401/1394/1399
f 1368/1362/1372 1401/1394/1399 1402/1395/1400
f 1368/1362/1372 1402/1395/1400 1385/1378/1373
f 1369/1363/1068 1403/1418/1345 1426/1419/1401
f 1371/1364/1361 1370/1450/1402 1372/1365/1362
f 1372/1365/1362 1370/1450/1402 1387/1380/1403
f 1387/1380/1403 1404/1397/1388 1372/1365/1362
f 1404/1397/1388 1388/1381/1389 1356/1350/1326
f 1356/1350/1326 1388/1381/1389 1373/1366/1346
f 1374/1367/1376 1390/1383/1391 1391/1384/1404
f 1374/1367/1376 1391/1384/1404 1375/1368/1377
f 1375/1368/1377 1391/1384/1404 1376/1369/1392
f 1376/1369/1392 1391/1384/1404 1392/1385/1405
f 1376/1369/1392 1392/1385/1405 1377/1370/1379
f 1377/1370/1379 1392/1385/1405 1393/1386/1406
f 1377/1370/1379 1393/1386/1406 1378/1371/1380
f 1378/1371/1380 1393/1386/1406 1394/1387/1393
f 1394/1387/1393 1407/1400/1407 1379/1372/1381
f 1407/1400/1407 1395/1388/1394 1379/1372/1381
f 1395/1388/1394 1408/1401/1408 1396/1389/1395
f 1396/1389/1395 1408/1401/1408 1380/1373/1382
f 1380/1373/1382 1408/1401/1408 1381/1374/1396
f 1408/1401/1408 1397/1390/1397 1381/1374/1396
f 1382/1375/1384 1398/1391/1398 1383/1376/1370
f 1383/1376/1370 1398/1391/1398 1399/1392/1385
f 1385/1378/1373 1402/1395/1400 1411/1404/1409
f 1385/1378/1373 1411/1404/1409 1412/1405/1410
f 1385/1378/1373 1412/1405/1410 1386/1379/1374
f 1386/1379/1374 1412/1405/1410 1413/1406/1375
f 1370/1450/1402 1415/1407/1411 1387/1380/1403
f 1415/1407/1411 1416/1408/1412 1387/1380/1403
f 1387/1380/1403 1416/1408/1412 1404/1397/1388
f 1404/1397/1388 1405/1398/1413 1388/1381/1389
f 1388/1381/1389 1405/1398/1413 1389/1382/1390
f 1389/1382/1390 1405/1398/1413 1390/1383/1391
f 1390/1383/1391 1405/1398/1413 1391/1384/1404
f 1391/1384/1404 1405/1398/1413 1406/1399/1414
f 1391/1384/1404 1406/1399/1414 1392/1385/1405
f 1392/1385/1405 1406/1399/1414 1419/1411/1415
f 1392/1385/1405 1419/1411/1415 1393/1386/1406
f 1393/1386/1406 1419/1411/1415 1420/1412/1416
f 1393/1386/1406 1420/1412/1416 1421/1413/1417
f 1421/1413/1417 1422/1414/1418 1393/1386/1406
f 1393/1386/1406 1422/1414/1418 1394/1387/1393
f 1394/1387/1393 1422/1414/1418 1407/1400/1407
f 1407/1400/1407 1423/1415/1419 1395/1388/1394
f 1423/1415/1419 1408/1401/1408 1395/1388/1394
f 1408/1401/1408 1409/1402/1420 1397/1390/1397
f 1397/1390/1397 1409/1402/1420 1398/1391/1398
f 1398/1391/1398 1409/1402/1420 1399/1392/1385
f 1399/1392/1385 1409/1402/1420 1410/1403/1421
f 1399/1392/1385 1410/1403/1421 1400/1393/1386
f 1400/1393/1386 1410/1403/1421 1401/1394/1399
f 1401/1394/1399 1410/1403/1421 1411/1404/1409
f 1401/1394/1399 1411/1404/1409 1402/1395/1400
f 1413/1406/1375 1441/1434/1422 1403/1396/1345
f 1370/1450/1402 1414/1451/1423 1415/1407/1411
f 1416/1408/1412 1417/1409/1424 1404/1397/1388
f 1404/1397/1388 1417/1409/1424 1405/1398/1413
f 1405/1398/1413 1417/1409/1424 1418/1410/1425
f 1405/1398/1413 1418/1410/1425 1406/1399/1414
f 1418/1410/1425 1419/1411/1415 1406/1399/1414
f 1422/1414/1418 1423/1415/1419 1407/1400/1407
f 1423/1415/1419 1424/1416/1426 1408/1401/1408
f 1408/1401/1408 1424/1416/1426 1409/1402/1420
f 1409/1402/1420 1424/1416/1426 1410/1403/1421
f 1410/1403/1421 1424/1416/1426 1425/1417/1427
f 1410/1403/1421 1425/1417/1427 1411/1404/1409
f 1411/1404/1409 1425/1417/1427 1440/1433/1428
f 1411/1404/1409 1440/1433/1428 1412/1405/1410
f 1412/1405/1410 1441/1434/1422 1413/1406/1375
f 1414/1451/1423 1427/1420/1429 1415/1407/1411
f 1415/1407/1411 1427/1420/1429 1428/1421/1430
f 1415/1407/1411 1428/1421/1430 1416/1408/1412
f 1428/1421/1430 1429/1422/1431 1416/1408/1412
f 1429/1422/1431 1430/1423/1432 1416/1408/1412
f 1416/1408/1412 1430/1423/1432 1417/1409/1424
f 1417/1409/1424 1430/1423/1432 1431/1424/1433
f 1417/1409/1424 1431/1424/1433 1418/1410/1425
f 1418/1410/1425 1431/1424/1433 1432/1425/1434
f 1418/1410/1425 1432/1425/1434 1433/1426/1435
f 1433/1426/1435 1434/1427/1436 1418/1410/1425
f 1418/1410/1425 1434/1427/1436 1419/1411/1415
f 1419/1411/1415 1434/1427/1436 1420/1412/1416
f 1434/1427/1436 1435/1428/1437 1420/1412/1416
f 1420/1412/1416 1435/1428/1437 1421/1413/1417
f 1435/1428/1437 1436/1429/1438 1421/1413/1417
f 1421/1413/1417 1436/1429/1438 1422/1414/1418
f 1422/1414/1418 1436/1429/1438 1423/1415/1419
f 1436/1429/1438 1437/1430/1439 1423/1415/1419
f 1437/1430/1439 1438/1431/1440 1423/1415/1419
f 1438/1431/1440 1439/1432/1441 1423/1415/1419
f 1423/1415/1419 1439/1432/1441 1424/1416/1426
f 1424/1416/1426 1439/1432/1441 1440/1433/1428
f 1424/1416/1426 1440/1433/1428 1425/1417/1427
f 1440/1433/1428 1441/1434/1422 1412/1405/1410
f 1403//1345 1441//1422 1426//1401
f 1426//1401 1441//1422 1442//1442
