# This file uses centimeters as units for non-parametric coordinates.

mtllib patineta.mtl
g default
v -67.834673 21.428726 53.384757
v -67.437675 21.643416 53.144719
v -67.005489 21.704289 52.878586
v -66.580420 21.605381 52.612408
v -66.204073 21.356379 52.372236
v -65.913301 20.981657 52.181591
v -65.736547 20.517893 52.059121
v -65.691128 20.010481 52.016824
v -65.781483 19.509096 52.058836
v -65.998764 19.062815 52.181042
v -66.321712 18.715321 52.371486
v -66.718710 18.500630 52.611524
v -67.150896 18.439760 52.877657
v -67.575964 18.538666 53.143836
v -67.952312 18.787667 53.384008
v -68.243083 19.162390 53.574652
v -68.419838 19.626156 53.697123
v -68.465257 20.133564 53.739420
v -68.374902 20.634951 53.697408
v -68.157621 21.081234 53.575201
v -68.245126 21.692890 53.043269
v -67.774388 21.947460 52.758646
v -67.261919 22.019638 52.443075
v -66.757897 21.902359 52.127455
v -66.311646 21.607104 51.842675
v -65.966854 21.162771 51.616611
v -65.757271 20.612860 51.471394
v -65.703417 20.011196 51.421241
v -65.810550 19.416678 51.471054
v -66.068204 18.887493 51.615968
v -66.451141 18.475453 51.841788
v -66.921878 18.220883 52.126411
v -67.434348 18.148705 52.441982
v -67.938371 18.265984 52.757601
v -68.384620 18.561238 53.042383
v -68.729413 19.005568 53.268445
v -68.938996 19.555479 53.413663
v -68.992850 20.157145 53.463816
v -68.885717 20.751665 53.414003
v -68.628063 21.280846 53.269089
v -68.595509 22.018248 52.882191
v -68.031835 22.323069 52.541376
v -67.418215 22.409493 52.163518
v -66.814689 22.269064 51.785589
v -66.280360 21.915526 51.444599
v -65.867506 21.383486 51.173910
v -65.616552 20.725022 51.000029
v -65.552067 20.004593 50.939975
v -65.680353 19.292713 50.999624
v -65.988857 18.659073 51.173136
v -66.447387 18.165694 51.443534
v -67.011060 17.860874 51.784350
v -67.624680 17.774449 52.162208
v -68.228206 17.914875 52.540136
v -68.762536 18.268414 52.881127
v -69.175390 18.800453 53.151815
v -69.426343 19.458918 53.325696
v -69.490828 20.179348 53.385750
v -69.362542 20.891224 53.326102
v -69.054039 21.524868 53.152589
v -68.851497 22.372948 52.917274
v -68.184833 22.733475 52.514187
v -67.459070 22.835696 52.067274
v -66.745255 22.669602 51.620282
v -66.113276 22.251457 51.216975
v -65.624968 21.622189 50.896816
v -65.328163 20.843395 50.691163
v -65.251883 19.991310 50.620129
v -65.403621 19.149342 50.690683
v -65.768511 18.399908 50.895910
v -66.310825 17.816366 51.215715
v -66.977502 17.455841 51.618810
v -67.703265 17.353623 52.065724
v -68.417067 17.519713 52.512708
v -69.049060 17.937857 52.916023
v -69.537354 18.567126 53.236174
v -69.834172 19.345917 53.441835
v -69.910440 20.198006 53.512861
v -69.758714 21.039973 53.442314
v -69.393824 21.789408 53.237087
v -68.988059 22.722275 53.145092
v -68.218378 23.138508 52.679719
v -67.380486 23.256520 52.163757
v -66.556381 23.064766 51.647702
v -65.826751 22.582014 51.182078
v -65.263003 21.855520 50.812457
v -64.920333 20.956396 50.575025
v -64.832272 19.972656 50.493018
v -65.007449 19.000595 50.574470
v -65.428713 18.135367 50.811404
v -66.054837 17.461663 51.180633
v -66.824505 17.045435 51.645999
v -67.662410 16.927420 52.161967
v -68.486514 17.119175 52.678023
v -69.216144 17.601927 53.143647
v -69.779892 18.328421 53.513269
v -70.122563 19.227545 53.750700
v -70.210611 20.211285 53.832699
v -70.035446 21.183344 53.751255
v -69.614182 22.048575 53.514322
v -68.991812 23.032036 53.543346
v -68.129209 23.498516 53.021788
v -67.190153 23.630780 52.443532
v -66.266559 23.415873 51.865175
v -65.448836 22.874838 51.343334
v -64.817026 22.060633 50.929087
v -64.432986 21.052958 50.662991
v -64.334293 19.950451 50.571084
v -64.530624 18.861033 50.662372
v -65.002750 17.891346 50.927913
v -65.704454 17.136307 51.341711
v -66.567058 16.669825 51.863269
v -67.506113 16.537565 52.441525
v -68.429708 16.752468 53.019882
v -69.247430 17.293505 53.541723
v -69.879241 18.107708 53.955970
v -70.263281 19.115383 54.222066
v -70.361974 20.217890 54.313973
v -70.165643 21.307307 54.222685
v -69.693517 22.276995 53.957145
v -68.862384 23.271902 54.073044
v -67.926040 23.778265 53.506902
v -66.906701 23.921833 52.879207
v -65.904153 23.688555 52.251410
v -65.016515 23.101267 51.684951
v -64.330709 22.217457 51.235302
v -63.913828 21.123633 50.946451
v -63.806699 19.926872 50.846688
v -64.019809 18.744318 50.945776
v -64.532295 17.691733 51.234017
v -65.293988 16.872143 51.683191
v -66.230344 16.365782 52.249342
v -67.249683 16.222214 52.877036
v -68.252232 16.455494 53.504833
v -69.139857 17.042780 54.071284
v -69.825675 17.926592 54.520942
v -70.242557 19.020413 54.809793
v -70.349685 20.217177 54.909555
v -70.136575 21.399727 54.810467
v -69.624089 22.452313 54.522227
v -68.612468 23.418400 54.682352
v -67.628775 23.950367 54.087580
v -66.557893 24.101195 53.428146
v -65.504636 23.856121 52.768595
v -64.572129 23.239136 52.173502
v -63.851628 22.310633 51.701105
v -63.413673 21.161501 51.397652
v -63.301126 19.904225 51.292844
v -63.525020 18.661875 51.396948
v -64.063411 17.556065 51.699757
v -64.863622 16.695032 52.171647
v -65.847315 16.163067 52.766419
v -66.918198 16.012238 53.425852
v -67.971455 16.257311 54.085403
v -68.903962 16.874298 54.680497
v -69.624463 17.802799 55.152894
v -70.062419 18.951931 55.456346
v -70.174952 20.209208 55.561147
v -69.951071 21.451555 55.457050
v -69.412668 22.557368 55.154233
v -68.266498 23.457186 55.311606
v -67.266482 23.997975 54.706964
v -66.177838 24.151306 54.036593
v -65.107122 23.902167 53.366109
v -64.159152 23.274948 52.761149
v -63.426704 22.331047 52.280918
v -62.981477 21.162855 51.972427
v -62.867076 19.884730 51.865888
v -63.094678 18.621777 51.971715
v -63.642000 17.497624 52.279548
v -64.455490 16.622315 52.759268
v -65.455493 16.081524 53.363902
v -66.544136 15.928192 54.034273
v -67.614853 16.177332 54.704756
v -68.562835 16.804550 55.309725
v -69.295271 17.748451 55.789948
v -69.740498 18.916641 56.098439
v -69.854899 20.194765 56.204977
v -69.627310 21.457722 56.099159
v -69.079975 22.581875 55.791317
v -67.858353 23.384465 55.899217
v -66.874660 23.916432 55.304445
v -65.803778 24.067259 54.645011
v -64.750534 23.822188 53.985468
v -63.818014 23.205200 53.390367
v -63.097513 22.276697 52.917971
v -62.659558 21.127566 52.614517
v -62.547024 19.870289 52.509717
v -62.770905 18.627941 52.613813
v -63.309308 17.522129 52.916630
v -64.109521 16.661099 53.388520
v -65.093213 16.129133 53.983293
v -66.164096 15.978302 54.642725
v -67.217340 16.223376 55.302269
v -68.149860 16.840363 55.897370
v -68.870348 17.768864 56.369759
v -69.308303 18.917996 56.673212
v -69.420850 20.175272 56.778021
v -69.196969 21.417620 56.673924
v -68.658565 22.523432 56.371106
v -67.427988 23.207354 56.387673
v -66.491645 23.713717 55.821530
v -65.472305 23.857285 55.193836
v -64.469744 23.624007 54.566030
v -63.582119 23.036719 53.999579
v -62.896300 22.152909 53.549923
v -62.479419 21.059084 53.261071
v -62.372304 19.862324 53.161316
v -62.585413 18.679770 53.260405
v -63.097899 17.627184 53.548645
v -63.859592 16.807595 53.997820
v -64.795936 16.301234 54.563963
v -65.815275 16.157664 55.191656
v -66.817823 16.390946 55.819454
v -67.705461 16.978232 56.385913
v -68.391280 17.862044 56.835570
v -68.808149 18.955864 57.124413
v -68.915276 20.152628 57.224176
v -68.702167 21.335179 57.125087
v -68.189681 22.387764 56.836847
v -67.017521 22.943192 56.729153
v -66.154918 23.409672 56.207595
v -65.215862 23.541937 55.629339
v -64.292268 23.327029 55.050982
v -63.474545 22.785996 54.529141
v -62.842748 21.971791 54.114902
v -62.458695 20.964113 53.848798
v -62.360015 19.861607 53.756899
v -62.556333 18.772188 53.848179
v -63.028459 17.802502 54.113719
v -63.730163 17.047463 54.527518
v -64.592767 16.580981 55.049076
v -65.531822 16.448719 55.627332
v -66.455417 16.663626 56.205688
v -67.273139 17.204661 56.727530
v -67.904950 18.018864 57.141777
v -68.288989 19.026539 57.407873
v -68.387683 20.129046 57.499780
v -68.191352 21.218464 57.408492
v -67.719226 22.188151 57.142952
v -66.667151 22.617834 56.890241
v -65.897470 23.034065 56.424867
v -65.059565 23.152079 55.908898
v -64.235474 22.960324 55.392851
v -63.505831 22.477572 54.927219
v -62.942096 21.751078 54.557605
v -62.599425 20.851954 54.320173
v -62.511364 19.868214 54.238167
v -62.686542 18.896153 54.319619
v -63.107805 18.030924 54.556552
v -63.733916 17.357220 54.925773
v -64.503597 16.940993 55.391147
v -65.341489 16.822977 55.907108
v -66.165593 17.014733 56.423164
v -66.895223 17.497484 56.888788
v -67.458971 18.223980 57.258409
v -67.801642 19.123102 57.495840
v -67.889703 20.106842 57.577848
v -67.714525 21.078903 57.496396
v -67.293262 21.944132 57.259462
v -66.411150 22.263132 56.855150
v -65.744485 22.623657 56.452064
v -65.018723 22.725880 56.005150
v -64.304908 22.559786 55.558158
v -63.672915 22.141640 55.154843
v -63.184620 21.512371 54.834692
v -62.887815 20.733578 54.629039
v -62.811535 19.881493 54.558005
v -62.963274 19.039524 54.628560
v -63.328151 18.290091 54.833778
v -63.870478 17.706551 55.153592
v -64.537155 17.346024 55.556686
v -65.262917 17.243805 56.003600
v -65.976719 17.409895 56.450584
v -66.608712 17.828041 56.853899
v -67.097007 18.457308 57.174050
v -67.393812 19.236101 57.379703
v -67.470092 20.088188 57.450737
v -67.318353 20.930155 57.380183
v -66.953476 21.679590 57.174964
v -66.274588 21.913805 56.627331
v -65.710927 22.218624 56.286524
v -65.097294 22.305050 55.908658
v -64.493782 22.164622 55.530737
v -63.959439 21.811083 55.189739
v -63.546585 21.279043 54.919051
v -63.295632 20.620579 54.745169
v -63.231146 19.900151 54.685116
v -63.359433 19.188271 54.744764
v -63.667949 18.554631 54.918285
v -64.126479 18.061253 55.188683
v -64.690140 17.756432 55.529490
v -65.303760 17.670006 55.907348
v -65.907286 17.810435 56.285276
v -66.441628 18.163971 56.626275
v -66.854482 18.696013 56.896963
v -67.105422 19.354475 57.070837
v -67.169921 20.074906 57.130899
v -67.041621 20.786782 57.071242
v -66.733118 21.420426 56.897729
v -66.270835 21.604046 56.229076
v -65.800097 21.858616 55.944454
v -65.287628 21.930794 55.628882
v -64.783605 21.813513 55.313263
v -64.337355 21.518259 55.028482
v -63.992563 21.073929 54.802418
v -63.782979 20.524018 54.657202
v -63.729126 19.922352 54.607048
v -63.836272 19.327833 54.656869
v -64.093913 18.798653 54.801775
v -64.476850 18.386608 55.027594
v -64.947600 18.132040 55.312226
v -65.460057 18.059862 55.627789
v -65.964092 18.177140 55.943416
v -66.410343 18.472395 56.228197
v -66.755122 18.916723 56.454252
v -66.964705 19.466637 56.599470
v -67.018572 20.068300 56.649630
v -66.911425 20.662821 56.599810
v -66.653772 21.192002 56.454896
v -66.400264 21.364176 55.699378
v -66.003266 21.578867 55.459340
v -65.571081 21.639738 55.193206
v -65.146012 21.540831 54.927027
v -64.769677 21.291828 54.686865
v -64.478893 20.917107 54.496212
v -64.302151 20.453343 54.373749
v -64.256719 19.945933 54.331444
v -64.347087 19.444548 54.373464
v -64.564368 18.998266 54.495670
v -64.887316 18.650772 54.686115
v -65.284314 18.436081 54.926152
v -65.716500 18.375212 55.192285
v -66.141569 18.474118 55.458465
v -66.517904 18.723118 55.698628
v -66.808688 19.097843 55.889280
v -66.985429 19.561608 56.011743
v -67.030848 20.069016 56.054040
v -66.940493 20.570402 56.012028
v -66.723212 21.016684 55.889822
v -66.769586 20.772557 54.309082
v -66.555156 20.888520 54.179431
v -67.032153 20.819340 53.931078
v -66.807225 20.940977 53.795079
v -66.321723 20.921398 54.035687
v -66.562359 20.975464 53.644295
v -66.092118 20.867975 53.891908
v -66.321515 20.919426 53.493478
v -65.888842 20.733481 53.762185
v -66.108295 20.778349 53.357408
v -65.731783 20.531077 53.659208
v -65.943552 20.566040 53.249394
v -65.636310 20.280581 53.593056
v -65.843407 20.303282 53.180005
v -65.611780 20.006508 53.570211
v -65.817668 20.015797 53.156038
v -65.660593 19.735691 53.592910
v -65.868866 19.731724 53.179843
v -65.777946 19.494637 53.658912
v -65.991969 19.478871 53.249080
v -65.952390 19.306940 53.761783
v -66.174945 19.281990 53.356982
v -66.166820 19.190979 53.891434
v -66.399873 19.160353 53.492981
v -66.400265 19.158100 54.035186
v -66.644739 19.125864 53.643766
v -66.629857 19.211521 54.178957
v -66.885570 19.181902 53.794575
v -66.833133 19.346018 54.308681
v -67.098803 19.322979 53.930652
v -66.990192 19.548420 54.411657
v -67.263546 19.535288 54.038667
v -67.085666 19.798920 54.477808
v -67.363692 19.798046 54.108055
v -67.110196 20.072991 54.500653
v -67.389430 20.085533 54.132022
v -67.061395 20.343807 54.477963
v -67.338233 20.369606 54.108217
v -66.944029 20.584862 54.411952
v -67.215129 20.622458 54.038980
v -67.309001 20.933274 53.616852
v -67.053620 21.071383 53.462441
v -66.775596 21.110543 53.291238
v -66.502149 21.046915 53.120005
v -66.260049 20.886734 52.965506
v -66.072993 20.645676 52.842862
v -65.959284 20.347338 52.764075
v -65.930076 20.020920 52.736872
v -65.988200 19.698382 52.763896
v -66.127969 19.411289 52.842507
v -66.335726 19.187750 52.965023
v -66.591119 19.049639 53.119442
v -66.869143 19.010483 53.290645
v -67.142577 19.074108 53.461871
v -67.384677 19.234289 53.616369
v -67.571733 19.475348 53.739014
v -67.685442 19.773686 53.817800
v -67.714663 20.100102 53.845012
v -67.656527 20.422640 53.817979
v -67.516757 20.709732 53.739368
v -66.386250 20.891749 55.105841
v -66.130870 21.029860 54.951429
v -66.547030 20.797508 54.713883
v -66.322102 20.919146 54.577884
v -65.852846 21.069018 54.780226
v -66.077236 20.953635 54.427099
v -65.579399 21.005390 54.608994
v -65.836405 20.897597 54.276291
v -65.337299 20.845207 54.454494
v -65.623172 20.756518 54.140213
v -65.150243 20.604151 54.331851
v -65.458429 20.544209 54.032199
v -65.036547 20.305813 54.253072
v -65.358284 20.281452 53.962810
v -65.007325 19.979397 54.225861
v -65.332559 19.993965 53.938850
v -65.065449 19.656859 54.252885
v -65.383743 19.709893 53.962648
v -65.205231 19.369766 54.331504
v -65.506859 19.457041 54.031893
v -65.412975 19.146225 54.454012
v -65.689835 19.260159 54.139795
v -65.668369 19.008116 54.608431
v -65.914763 19.138521 54.275794
v -65.946393 18.968958 54.779634
v -66.159629 19.104035 54.426579
v -66.219840 19.032585 54.950866
v -66.400460 19.160073 54.577387
v -66.461940 19.192765 55.105366
v -66.613680 19.301150 54.713457
v -66.648996 19.433825 55.228009
v -66.778436 19.513458 54.821480
v -66.762692 19.732163 55.306788
v -66.878568 19.776217 54.890860
v -66.791913 20.058577 55.334000
v -66.904307 20.063702 54.914827
v -66.733789 20.381115 55.306975
v -66.853110 20.347775 54.891022
v -66.594007 20.668209 55.228356
v -66.730006 20.600626 54.821785
vt 6.081501 0.747469
vt 6.084221 0.747357
vt 6.084758 0.751785
vt 6.081901 0.752182
vt 6.081449 0.742749
vt 6.084333 0.742918
vt 6.086919 0.747233
vt 6.087533 0.751197
vt 6.085865 0.755878
vt 6.082585 0.756589
vt 6.078760 0.747576
vt 6.078990 0.752386
vt 6.081732 0.738328
vt 6.085072 0.738796
vt 6.087162 0.743259
vt 6.078529 0.742765
vt 6.088919 0.754723
vt 6.088759 0.762855
vt 6.084110 0.764126
vt 6.079195 0.756899
vt 6.076018 0.747682
vt 6.076070 0.752402
vt 6.082892 0.730833
vt 6.087564 0.731896
vt 6.088219 0.739705
vt 6.078323 0.738252
vt 6.075618 0.742969
vt 6.090899 0.768259
vt 6.085286 0.769917
vt 6.079370 0.764605
vt 6.075788 0.756823
vt 6.073298 0.747794
vt 6.073186 0.752233
vt 6.083865 0.725023
vt 6.089499 0.726467
vt 6.078149 0.730547
vt 6.074934 0.738562
vt 6.072761 0.743366
vt 6.093237 0.760745
vt 6.096190 0.765792
vt 6.092937 0.772765
vt 6.086267 0.774792
vt 6.079473 0.770531
vt 6.074627 0.764318
vt 6.072447 0.756356
vt 6.070601 0.747918
vt 6.070357 0.751893
vt 6.084796 0.720177
vt 6.091442 0.722007
vt 6.094860 0.728680
vt 6.092075 0.733748
vt 6.078046 0.724621
vt 6.073410 0.731026
vt 6.071653 0.739274
vt 6.069985 0.743955
vt 6.079487 0.775488
vt 6.073653 0.770129
vt 6.069955 0.763256
vt 6.069300 0.755446
vt 6.078032 0.719663
vt 6.072233 0.725234
vt 6.068760 0.732296
vt 6.068600 0.740428
vt 6.072722 0.774974
vt 6.068021 0.768684
vt 6.071253 0.720359
vt 6.066621 0.726892
vt 6.066077 0.773144
vt 6.065444 0.761403
vt 6.062659 0.766472
vt 6.064582 0.722386
vt 6.061328 0.729360
vt 6.064282 0.734406
vt 6.157619 0.747499
vt 6.154898 0.747427
vt 6.154661 0.742973
vt 6.157538 0.742769
vt 6.157353 0.752211
vt 6.154487 0.751848
vt 6.152199 0.747369
vt 6.151853 0.743373
vt 6.153833 0.738815
vt 6.157154 0.738327
vt 6.160362 0.747578
vt 6.160457 0.742762
vt 6.156772 0.756603
vt 6.153471 0.755911
vt 6.151688 0.751318
vt 6.160267 0.752393
vt 6.150709 0.739761
vt 6.151417 0.731658
vt 6.156141 0.730705
vt 6.160556 0.738247
vt 6.163104 0.747656
vt 6.163371 0.742944
vt 6.155109 0.764002
vt 6.150519 0.762627
vt 6.150393 0.754791
vt 6.160168 0.756909
vt 6.163185 0.752386
vt 6.149647 0.726122
vt 6.155358 0.724847
vt 6.160903 0.730547
vt 6.163952 0.738552
vt 6.165826 0.747728
vt 6.166237 0.743307
vt 6.153745 0.769734
vt 6.148222 0.767912
vt 6.159822 0.764609
vt 6.163570 0.756828
vt 6.166063 0.752183
vt 6.146807 0.733461
vt 6.144200 0.728227
vt 6.147916 0.721489
vt 6.154710 0.719917
vt 6.161201 0.724627
vt 6.165615 0.731153
vt 6.167252 0.739244
vt 6.168525 0.747787
vt 6.169035 0.743838
vt 6.152489 0.774506
vt 6.145983 0.772231
vt 6.143023 0.765343
vt 6.146143 0.760474
vt 6.159524 0.770528
vt 6.164583 0.764451
vt 6.166891 0.756340
vt 6.168871 0.751783
vt 6.161520 0.719680
vt 6.166979 0.725422
vt 6.170205 0.732528
vt 6.170331 0.740364
vt 6.159203 0.775475
vt 6.165365 0.770308
vt 6.169307 0.763497
vt 6.170015 0.755395
vt 6.168235 0.720650
vt 6.172501 0.727243
vt 6.166014 0.775238
vt 6.171077 0.769033
vt 6.174741 0.722924
vt 6.174581 0.734681
vt 6.177701 0.729812
vt 6.172807 0.773666
vt 6.176523 0.766928
vt 6.173917 0.761694
vt 6.716054 0.736022
vt 6.716468 0.747446
vt 6.710526 0.747988
vt 6.710366 0.736260
vt 6.720940 0.735695
vt 6.721510 0.746176
vt 6.716904 0.758865
vt 6.710904 0.759910
vt 6.703846 0.748336
vt 6.703935 0.736340
vt 6.716125 0.724715
vt 6.710462 0.724595
vt 6.720977 0.724796
vt 6.703831 0.760625
vt 6.696753 0.748306
vt 6.697103 0.736230
vt 6.704096 0.724432
vt 6.716479 0.713489
vt 6.710804 0.712990
vt 6.721298 0.713990
vt 6.696177 0.760670
vt 6.689684 0.747853
vt 6.690280 0.735931
vt 6.697338 0.724242
vt 6.704396 0.712553
vt 6.717448 0.702346
vt 6.711606 0.701413
vt 6.722319 0.703780
vt 6.688588 0.759953
vt 6.683070 0.747071
vt 6.683871 0.735493
vt 6.690579 0.724052
vt 6.697572 0.712254
vt 6.704992 0.700631
vt 6.718784 0.691312
vt 6.712993 0.689828
vt 6.681683 0.758655
vt 6.677227 0.746137
vt 6.678196 0.734994
vt 6.684213 0.723889
vt 6.690741 0.712144
vt 6.697923 0.700177
vt 6.706088 0.688530
vt 6.675890 0.757171
vt 6.672356 0.744704
vt 6.673377 0.734493
vt 6.678550 0.723768
vt 6.684310 0.712223
vt 6.690829 0.700148
vt 6.698498 0.687813
vt 6.673697 0.723688
vt 6.678621 0.712462
vt 6.684149 0.700495
vt 6.690845 0.687859
vt 6.673735 0.712789
vt 6.678207 0.701038
vt 6.683771 0.688573
vt 6.673165 0.702308
vt 6.677771 0.689618
vt 6.577323 0.763793
vt 6.577763 0.752614
vt 6.583457 0.752844
vt 6.583206 0.764449
vt 6.572389 0.762591
vt 6.572926 0.752342
vt 6.577585 0.741382
vt 6.583250 0.741235
vt 6.589881 0.752978
vt 6.589849 0.764917
vt 6.576511 0.774880
vt 6.582368 0.776088
vt 6.572734 0.741531
vt 6.577121 0.730083
vt 6.582794 0.729576
vt 6.589617 0.741096
vt 6.596711 0.752953
vt 6.596933 0.765035
vt 6.589328 0.777058
vt 6.572256 0.730641
vt 6.576167 0.718689
vt 6.582078 0.717866
vt 6.589214 0.729191
vt 6.596378 0.740966
vt 6.603542 0.752740
vt 6.604022 0.764729
vt 6.596944 0.777415
vt 6.571191 0.720197
vt 6.575191 0.707301
vt 6.581136 0.705973
vt 6.588735 0.717203
vt 6.596045 0.728978
vt 6.603139 0.740835
vt 6.609963 0.752356
vt 6.610680 0.764065
vt 6.604589 0.777007
vt 6.588169 0.704925
vt 6.595823 0.716896
vt 6.602876 0.728953
vt 6.609507 0.740697
vt 6.615635 0.751848
vt 6.616590 0.763242
vt 6.611621 0.775958
vt 6.595813 0.704517
vt 6.602907 0.717014
vt 6.609300 0.729087
vt 6.615171 0.740549
vt 6.620501 0.751290
vt 6.621565 0.761734
vt 6.617566 0.774630
vt 6.603428 0.704874
vt 6.609551 0.717483
vt 6.614994 0.729317
vt 6.620022 0.740400
vt 6.610389 0.705843
vt 6.615433 0.718138
vt 6.619831 0.729589
vt 6.616245 0.707051
vt 6.620368 0.719340
vt 6.235788 0.748453
vt 6.238479 0.748463
vt 6.238742 0.752729
vt 6.235931 0.753019
vt 6.235950 0.743888
vt 6.238769 0.744199
vt 6.239569 0.756610
vt 6.236392 0.757299
vt 6.233099 0.748442
vt 6.233091 0.753112
vt 6.236425 0.739610
vt 6.239605 0.740330
vt 6.233109 0.743773
vt 6.242587 0.763374
vt 6.237818 0.764691
vt 6.233086 0.757513
vt 6.230412 0.748432
vt 6.230249 0.752998
vt 6.238030 0.732360
vt 6.242720 0.733811
vt 6.233113 0.739373
vt 6.230268 0.743866
vt 6.244561 0.768810
vt 6.238844 0.770430
vt 6.232979 0.765059
vt 6.229775 0.757275
vt 6.227721 0.748422
vt 6.227431 0.752686
vt 6.239235 0.726649
vt 6.244894 0.728461
vt 6.233221 0.731827
vt 6.229808 0.739587
vt 6.227458 0.744156
vt 6.246508 0.773336
vt 6.239732 0.775302
vt 6.232893 0.770908
vt 6.228169 0.764525
vt 6.226595 0.756555
vt 6.240338 0.721848
vt 6.246995 0.724053
vt 6.233306 0.725977
vt 6.228382 0.732194
vt 6.226632 0.740275
vt 6.232776 0.775846
vt 6.226965 0.770236
vt 6.223480 0.763074
vt 6.233423 0.721039
vt 6.227356 0.726456
vt 6.223613 0.733511
vt 6.225861 0.775037
vt 6.221305 0.768424
vt 6.226468 0.721583
vt 6.221639 0.728075
vt 6.219205 0.772832
vt 6.219691 0.723549
vt 6.296214 0.746210
vt 6.293524 0.746219
vt 6.293231 0.741954
vt 6.296040 0.741644
vt 6.296084 0.750778
vt 6.293262 0.750485
vt 6.292377 0.738078
vt 6.295549 0.737367
vt 6.298903 0.746202
vt 6.298880 0.741531
vt 6.295638 0.755060
vt 6.292453 0.754361
vt 6.298927 0.750873
vt 6.289312 0.731333
vt 6.294072 0.729983
vt 6.298855 0.737130
vt 6.301593 0.746194
vt 6.301723 0.741627
vt 6.294083 0.762322
vt 6.289382 0.760903
vt 6.298952 0.755274
vt 6.301767 0.750760
vt 6.287300 0.725910
vt 6.293007 0.724250
vt 6.298909 0.729582
vt 6.302168 0.737345
vt 6.304283 0.746186
vt 6.304545 0.741919
vt 6.292918 0.768043
vt 6.287244 0.766269
vt 6.298897 0.762823
vt 6.302258 0.755037
vt 6.304576 0.750450
vt 6.285321 0.721396
vt 6.292086 0.719384
vt 6.298955 0.723731
vt 6.303724 0.730082
vt 6.305354 0.738044
vt 6.291847 0.772852
vt 6.285174 0.770693
vt 6.298851 0.768674
vt 6.303734 0.762422
vt 6.305429 0.754327
vt 6.299038 0.718791
vt 6.304889 0.724362
vt 6.308424 0.731502
vt 6.298769 0.773613
vt 6.304800 0.768154
vt 6.308495 0.761071
vt 6.305960 0.719553
vt 6.310562 0.726135
vt 6.305721 0.773021
vt 6.310507 0.766495
vt 6.312633 0.721712
vt 6.312486 0.771008
vt 6.471406 0.735174
vt 6.470660 0.724187
vt 6.476762 0.723140
vt 6.477170 0.734905
vt 6.466498 0.735481
vt 6.465694 0.725400
vt 6.483830 0.722576
vt 6.483674 0.734846
vt 6.471130 0.746259
vt 6.476797 0.746571
vt 6.466276 0.746011
vt 6.491407 0.722713
vt 6.490583 0.735110
vt 6.483155 0.746943
vt 6.470234 0.757248
vt 6.475900 0.758162
vt 6.465429 0.756424
vt 6.498905 0.723592
vt 6.497464 0.735706
vt 6.489896 0.747352
vt 6.482330 0.758998
vt 6.468196 0.767882
vt 6.474028 0.769644
vt 6.463487 0.766156
vt 6.505766 0.725060
vt 6.503894 0.736542
vt 6.496638 0.747761
vt 6.489210 0.759594
vt 6.480889 0.771112
vt 6.511599 0.726822
vt 6.509559 0.737456
vt 6.502996 0.748133
vt 6.496119 0.759858
vt 6.488387 0.771991
vt 6.516306 0.728548
vt 6.514364 0.738280
vt 6.508663 0.748445
vt 6.502623 0.759799
vt 6.495963 0.772128
vt 6.513518 0.748693
vt 6.508387 0.759530
vt 6.503031 0.771564
vt 6.513295 0.759223
vt 6.509133 0.770517
vt 6.514100 0.769304
vt 6.396934 0.757423
vt 6.397604 0.769176
vt 6.390550 0.769897
vt 6.390432 0.757627
vt 6.402690 0.757026
vt 6.403681 0.767994
vt 6.382973 0.769929
vt 6.383520 0.757517
vt 6.397047 0.745751
vt 6.390683 0.745521
vt 6.407590 0.756610
vt 6.408620 0.766670
vt 6.402720 0.745938
vt 6.375457 0.769217
vt 6.376628 0.757074
vt 6.383934 0.745262
vt 6.397687 0.734143
vt 6.391240 0.733451
vt 6.407578 0.746077
vt 6.403372 0.734931
vt 6.368565 0.767902
vt 6.370180 0.756381
vt 6.377185 0.745004
vt 6.384347 0.733008
vt 6.399302 0.722623
vt 6.392411 0.721308
vt 6.408192 0.735648
vt 6.405173 0.724254
vt 6.362695 0.766271
vt 6.364496 0.755594
vt 6.370820 0.744773
vt 6.377435 0.732898
vt 6.384895 0.720596
vt 6.409919 0.725875
vt 6.357949 0.764649
vt 6.359675 0.754877
vt 6.365147 0.744587
vt 6.370933 0.733102
vt 6.377317 0.720627
vt 6.360289 0.744448
vt 6.365177 0.733499
vt 6.370264 0.721349
vt 6.360277 0.733915
vt 6.364187 0.722531
vt 6.359248 0.723855
vt 6.951867 0.724783
vt 6.955517 0.721095
vt 6.958900 0.723819
vt 6.953498 0.728517
vt 6.962051 0.726331
vt 6.955497 0.731992
vt 6.961856 0.717179
vt 6.965805 0.718462
vt 6.965311 0.728924
vt 6.957716 0.735587
vt 6.945707 0.730013
vt 6.946823 0.734404
vt 6.962555 0.710022
vt 6.966752 0.709978
vt 6.969814 0.719738
vt 6.968924 0.732163
vt 6.960588 0.739540
vt 6.947824 0.738588
vt 6.938341 0.731465
vt 6.938371 0.735665
vt 6.961091 0.702661
vt 6.965481 0.701548
vt 6.970974 0.710033
vt 6.938303 0.739888
vt 6.931179 0.730752
vt 6.929878 0.734695
vt 6.959609 0.694879
vt 6.963090 0.692891
vt 6.969663 0.700548
vt 6.928584 0.738699
vt 6.924546 0.727777
vt 6.922020 0.730918
vt 6.954929 0.689466
vt 6.957455 0.686325
vt 6.966694 0.690686
vt 6.919412 0.734168
vt 6.919866 0.722365
vt 6.916385 0.724352
vt 6.955866 0.696491
vt 6.952189 0.692837
vt 6.948296 0.686492
vt 6.949597 0.682549
vt 6.960063 0.683076
vt 6.912781 0.726557
vt 6.923609 0.720752
vt 6.927285 0.724407
vt 6.918384 0.714582
vt 6.913994 0.715695
vt 6.941133 0.685779
vt 6.941105 0.681579
vt 6.950891 0.678545
vt 6.963317 0.679475
vt 6.970658 0.687833
vt 6.916157 0.737768
vt 6.908816 0.729410
vt 6.909811 0.716695
vt 6.916920 0.707221
vt 6.912723 0.707265
vt 6.933767 0.687230
vt 6.932652 0.682839
vt 6.941173 0.677355
vt 6.908500 0.707210
vt 6.917619 0.700064
vt 6.913670 0.698781
vt 6.925978 0.688727
vt 6.923978 0.685252
vt 6.931650 0.678656
vt 6.909661 0.697505
vt 6.920575 0.693424
vt 6.917424 0.690912
vt 6.921760 0.681656
vt 6.914164 0.688319
vt 6.927608 0.692461
vt 6.923959 0.696148
vt 6.910552 0.685080
vt 6.918888 0.677703
vt 6.792494 0.748003
vt 6.784497 0.740388
vt 6.788197 0.737172
vt 6.795379 0.744103
vt 6.791535 0.734514
vt 6.797693 0.740631
vt 6.783726 0.728119
vt 6.787701 0.726552
vt 6.794864 0.731979
vt 6.799975 0.737280
vt 6.804635 0.748074
vt 6.805646 0.743970
vt 6.781303 0.718660
vt 6.785507 0.718207
vt 6.791762 0.724932
vt 6.798770 0.729443
vt 6.802474 0.733539
vt 6.806659 0.739898
vt 6.814442 0.748928
vt 6.814188 0.744685
vt 6.781584 0.708624
vt 6.785709 0.709499
vt 6.789682 0.717723
vt 6.813945 0.740419
vt 6.824137 0.747043
vt 6.822620 0.743074
vt 6.785424 0.698778
vt 6.788872 0.701135
vt 6.789779 0.710411
vt 6.821132 0.739107
vt 6.832855 0.742152
vt 6.830128 0.738931
vt 6.792645 0.691424
vt 6.795074 0.694865
vt 6.792224 0.703409
vt 6.827474 0.735779
vt 6.839137 0.734690
vt 6.835551 0.732437
vt 6.781608 0.695765
vt 6.789500 0.687694
vt 6.802649 0.687659
vt 6.803734 0.691812
vt 6.797295 0.698202
vt 6.831975 0.730159
vt 6.843206 0.737380
vt 6.836207 0.745698
vt 6.842944 0.725805
vt 6.838840 0.724706
vt 6.812362 0.686295
vt 6.812252 0.690531
vt 6.804994 0.696079
vt 6.799236 0.701811
vt 6.795848 0.705863
vt 6.824548 0.732202
vt 6.827877 0.727546
vt 6.834729 0.723550
vt 6.844111 0.716320
vt 6.839871 0.716461
vt 6.821984 0.687557
vt 6.820673 0.691582
vt 6.812267 0.694753
vt 6.835645 0.716594
vt 6.842382 0.706906
vt 6.838375 0.708301
vt 6.830884 0.691618
vt 6.828413 0.695060
vt 6.819398 0.695601
vt 6.834382 0.709722
vt 6.837846 0.698351
vt 6.834468 0.700881
vt 6.826011 0.698459
vt 6.831122 0.703395
vt 6.833892 0.687761
vt 6.841645 0.695306
vt 6.827314 0.706211
vt 6.823378 0.702205
vn 0.220002 -0.961757 -0.163161
vn 0.462977 -0.830365 -0.310074
vn 0.351317 -0.809774 -0.469939
vn 0.113018 -0.938641 -0.325852
vn -0.044499 -0.999009 -0.000285
vn -0.146409 -0.975179 -0.166101
vn -0.304669 -0.938470 0.162635
vn -0.401564 -0.915809 -0.006324
vn -0.534995 -0.786074 0.309625
vn -0.627462 -0.766349 0.137844
vn -0.712946 -0.556754 0.426302
vn -0.802012 -0.541416 0.252282
vn -0.821135 -0.272897 0.501262
vn -0.908119 -0.263010 0.325800
vn -0.848938 0.037677 0.527148
vn -0.935380 0.041573 0.351192
vn -0.793633 0.344546 0.501433
vn -0.881142 0.342539 0.325970
vn -0.660656 0.617668 0.426638
vn -0.750706 0.610435 0.252605
vn -0.462995 0.830355 0.310073
vn -0.556850 0.819021 0.138287
vn -0.220013 0.961755 0.163162
vn -0.318551 0.947888 -0.005800
vn 0.044497 0.999010 0.000285
vn -0.059126 0.984427 -0.165551
vn 0.304660 0.938474 -0.162630
vn 0.196041 0.925053 -0.325340
vn 0.534997 0.786074 -0.309623
vn 0.421944 0.775586 -0.469498
vn 0.712955 0.556743 -0.426301
vn 0.596482 0.550668 -0.583930
vn 0.821139 0.272882 -0.501265
vn 0.702583 0.272277 -0.657452
vn 0.848934 -0.037677 -0.527155
vn 0.729849 -0.032303 -0.682845
vn 0.793634 -0.344531 -0.501442
vn 0.675621 -0.333260 -0.657627
vn 0.660655 -0.617661 -0.426650
vn 0.545185 -0.601172 -0.584264
vn 0.291160 -0.788126 -0.542295
vn 0.058543 -0.913919 -0.401652
vn -0.194701 -0.949591 -0.245699
vn -0.443758 -0.891643 -0.089735
vn -0.664275 -0.745747 0.050993
vn -0.834678 -0.526159 0.162696
vn -0.938257 -0.254364 0.234462
vn -0.964854 0.042936 0.259256
vn -0.911911 0.336694 0.234638
vn -0.784581 0.598213 0.163019
vn -0.595353 0.801816 0.051426
vn -0.362737 0.927610 -0.089226
vn -0.109500 0.963274 -0.245178
vn 0.139578 0.905314 -0.401153
vn 0.360089 0.759425 -0.541858
vn 0.530472 0.539857 -0.653570
vn 0.634039 0.268114 -0.725335
vn 0.660657 -0.029180 -0.750121
vn 0.607727 -0.322972 -0.725504
vn 0.480396 -0.584518 -0.653879
vn -0.078980 -0.815501 -0.573342
vn 0.130103 -0.702443 -0.699748
vn 0.008947 -0.615142 -0.788365
vn -0.175567 -0.714917 -0.676808
vn -0.306592 -0.847555 -0.433188
vn -0.376437 -0.743204 -0.553121
vn -0.530456 -0.795465 -0.293005
vn -0.573994 -0.697238 -0.429407
vn -0.728651 -0.664334 -0.166517
vn -0.748906 -0.581510 -0.317783
vn -0.881788 -0.466989 -0.066114
vn -0.884051 -0.407349 -0.229174
vn -0.974875 -0.222749 -0.001618
vn -0.966196 -0.191814 -0.172255
vn -0.998797 0.044471 0.020659
vn -0.987309 0.044014 -0.152593
vn -0.951209 0.308545 -0.001467
vn -0.945312 0.277056 -0.172121
vn -0.836772 0.543581 -0.065825
vn -0.844324 0.484470 -0.228923
vn -0.666699 0.726578 -0.166122
vn -0.694229 0.645973 -0.317435
vn -0.457619 0.839646 -0.292541
vn -0.509713 0.745759 -0.428994
vn -0.230008 0.871702 -0.432702
vn -0.308847 0.774046 -0.552690
vn -0.006147 0.819615 -0.572882
vn -0.111292 0.728076 -0.676402
vn 0.192054 0.688476 -0.699368
vn 0.063622 0.612351 -0.788022
vn 0.345194 0.491120 -0.799776
vn 0.198768 0.438187 -0.876632
vn 0.438279 0.246877 -0.864271
vn 0.280915 0.222641 -0.933551
vn 0.462199 -0.020332 -0.886543
vn 0.302028 -0.013177 -0.953208
vn 0.414618 -0.284374 -0.864421
vn 0.260033 -0.246204 -0.933684
vn 0.300184 -0.519434 -0.800049
vn 0.159044 -0.453633 -0.876882
vn -0.264594 -0.349417 -0.898831
vn -0.373047 -0.408066 -0.833258
vn -0.491112 -0.424690 -0.760558
vn -0.607231 -0.397674 -0.687841
vn -0.710040 -0.329650 -0.622233
vn -0.789473 -0.227282 -0.570154
vn -0.837757 -0.100597 -0.536697
vn -0.850165 0.038017 -0.525142
vn -0.825483 0.174990 -0.536616
vn -0.766126 0.296899 -0.570002
vn -0.677901 0.391827 -0.622030
vn -0.569447 0.450483 -0.687601
vn -0.451385 0.467108 -0.760304
vn -0.335266 0.440087 -0.833019
vn -0.232456 0.372073 -0.898624
vn -0.153024 0.269702 -0.950707
vn -0.104740 0.143008 -0.984164
vn -0.092331 0.004397 -0.995719
vn -0.117014 -0.132574 -0.984242
vn -0.176372 -0.254485 -0.950858
vn -0.547401 0.061957 -0.834574
vn -0.536199 0.068016 -0.841347
vn -0.524003 0.069733 -0.848857
vn -0.512008 0.066943 -0.856368
vn -0.501390 0.059913 -0.863144
vn -0.493183 0.049341 -0.868525
vn -0.488198 0.036259 -0.871980
vn -0.486913 0.021936 -0.873175
vn -0.489464 0.007787 -0.871989
vn -0.495596 -0.004802 -0.868540
vn -0.504708 -0.014612 -0.863166
vn -0.515912 -0.020671 -0.856392
vn -0.528107 -0.022389 -0.848883
vn -0.540102 -0.019597 -0.841372
vn -0.550722 -0.012567 -0.834594
vn -0.558926 -0.001996 -0.829215
vn -0.563915 0.011090 -0.825758
vn -0.565194 0.025411 -0.824566
vn -0.562647 0.039557 -0.825750
vn -0.556515 0.052152 -0.829199
vn -0.689161 0.444171 -0.572511
vn -0.565157 0.511223 -0.647494
vn -0.430155 0.530239 -0.730625
vn -0.297376 0.499351 -0.813767
vn -0.179821 0.421569 -0.888788
vn -0.088992 0.304517 -0.948341
vn -0.033781 0.159653 -0.986595
vn -0.019593 0.001156 -0.999807
vn -0.047817 -0.155464 -0.986684
vn -0.115688 -0.294867 -0.948509
vn -0.216568 -0.403410 -0.889021
vn -0.340576 -0.470471 -0.814042
vn -0.475576 -0.489486 -0.730911
vn -0.608353 -0.458595 -0.647764
vn -0.725909 -0.380815 -0.572744
vn -0.816739 -0.263763 -0.513192
vn -0.871950 -0.118896 -0.474938
vn -0.886137 0.039604 -0.461727
vn -0.857915 0.196222 -0.474846
vn -0.790039 0.335632 -0.513020
vn -0.689371 0.667725 -0.280911
vn -0.498270 0.771066 -0.396464
vn -0.290223 0.800370 -0.524575
vn -0.085605 0.752761 -0.652704
vn 0.095559 0.632897 -0.768317
vn 0.235536 0.452510 -0.860092
vn 0.320619 0.229270 -0.919042
vn 0.342482 -0.014990 -0.939405
vn 0.298983 -0.256354 -0.919180
vn 0.194386 -0.471178 -0.860352
vn 0.038927 -0.638448 -0.768680
vn -0.152178 -0.741799 -0.653128
vn -0.360221 -0.771102 -0.525017
vn -0.564840 -0.723491 -0.396884
vn -0.746001 -0.603631 -0.281268
vn -0.885977 -0.423245 -0.189494
vn -0.971062 -0.199991 -0.130545
vn -0.992925 0.044261 -0.110187
vn -0.949431 0.285613 -0.130409
vn -0.844830 0.500452 -0.189236
vn -0.630752 0.774789 -0.043058
vn -0.406720 0.895941 -0.178516
vn -0.162828 0.930292 -0.328700
vn 0.077044 0.874479 -0.478906
vn 0.289423 0.733962 -0.614438
vn 0.453516 0.522497 -0.722025
vn 0.553257 0.260792 -0.791135
vn 0.578890 -0.025553 -0.815005
vn 0.527899 -0.308501 -0.791296
vn 0.405281 -0.560336 -0.722337
vn 0.223034 -0.756436 -0.614866
vn -0.001002 -0.877594 -0.479404
vn -0.244892 -0.911944 -0.329219
vn -0.484768 -0.856128 -0.179012
vn -0.697142 -0.715613 -0.043479
vn -0.861229 -0.504158 0.064109
vn -0.960978 -0.242432 0.133223
vn -0.986607 0.043913 0.157095
vn -0.935621 0.326837 0.133386
vn -0.813001 0.578688 0.064416
vn -0.552616 0.820347 0.147124
vn -0.313853 0.949468 0.002762
vn -0.053925 0.986078 -0.157298
vn 0.201722 0.926593 -0.317385
vn 0.428064 0.776839 -0.461825
vn 0.602945 0.551470 -0.576487
vn 0.709245 0.272552 -0.650144
vn 0.736565 -0.032622 -0.675580
vn 0.682223 -0.334167 -0.650310
vn 0.551543 -0.602567 -0.576813
vn 0.357315 -0.811559 -0.462275
vn 0.118549 -0.940680 -0.317912
vn -0.141379 -0.977289 -0.157855
vn -0.397030 -0.917803 0.002232
vn -0.623371 -0.768047 0.146675
vn -0.798244 -0.542688 0.261335
vn -0.904549 -0.263760 0.334994
vn -0.931865 0.041419 0.360434
vn -0.877525 0.342947 0.335167
vn -0.746845 0.611355 0.261663
vn -0.462993 0.830354 0.310080
vn -0.220013 0.961754 0.163167
vn 0.044501 0.999009 0.000282
vn 0.304659 0.938474 -0.162631
vn 0.534992 0.786077 -0.309622
vn 0.712958 0.556734 -0.426308
vn 0.821138 0.272889 -0.501262
vn 0.848938 -0.037670 -0.527148
vn 0.793637 -0.344535 -0.501434
vn 0.660649 -0.617678 -0.426635
vn 0.462994 -0.830354 -0.310077
vn 0.220015 -0.961754 -0.163166
vn -0.044500 -0.999009 -0.000282
vn -0.304660 -0.938474 0.162630
vn -0.534997 -0.786074 0.309623
vn -0.712962 -0.556729 0.426308
vn -0.821138 -0.272890 0.501262
vn -0.848940 0.037670 0.527146
vn -0.793640 0.344531 0.501431
vn -0.660654 0.617670 0.426639
vn -0.357310 0.811560 0.462277
vn -0.118546 0.940681 0.317909
vn 0.141380 0.977289 0.157854
vn 0.397027 0.917804 -0.002232
vn 0.623370 0.768047 -0.146678
vn 0.798247 0.542682 -0.261338
vn 0.904550 0.263761 -0.334992
vn 0.931867 -0.041414 -0.360430
vn 0.877524 -0.342954 -0.335162
vn 0.746842 -0.611359 -0.261662
vn 0.552616 -0.820347 -0.147127
vn 0.313849 -0.949469 -0.002762
vn 0.053924 -0.986078 0.157299
vn -0.201722 -0.926593 0.317387
vn -0.428065 -0.776837 0.461828
vn -0.602948 -0.551466 0.576488
vn -0.709246 -0.272553 0.650142
vn -0.736563 0.032613 0.675582
vn -0.682221 0.334163 0.650315
vn -0.551541 0.602564 0.576819
vn -0.223033 0.756439 0.614864
vn 0.000999 0.877595 0.479402
vn 0.244889 0.911946 0.329217
vn 0.484767 0.856129 0.179009
vn 0.697147 0.715608 0.043478
vn 0.861234 0.504149 -0.064107
vn 0.960977 0.242439 -0.133218
vn 0.986608 -0.043910 -0.157089
vn 0.935617 -0.326848 -0.133382
vn 0.812998 -0.578693 -0.064418
vn 0.630755 -0.774787 0.043054
vn 0.406722 -0.895941 0.178514
vn 0.162829 -0.930293 0.328698
vn -0.077042 -0.874477 0.478909
vn -0.289419 -0.733961 0.614441
vn -0.453515 -0.522495 0.722027
vn -0.553258 -0.260790 0.791135
vn -0.578888 0.025551 0.815007
vn -0.527895 0.308499 0.791300
vn -0.405276 0.560341 0.722336
vn -0.038930 0.638451 0.768677
vn 0.152178 0.741798 0.653129
vn 0.360223 0.771102 0.525016
vn 0.564839 0.723492 0.396883
vn 0.746006 0.603624 0.281272
vn 0.885978 0.423242 0.189500
vn 0.971060 0.199999 0.130548
vn 0.992925 -0.044264 0.110184
vn 0.949429 -0.285622 0.130404
vn 0.844832 -0.500449 0.189234
vn 0.689374 -0.667721 0.280913
vn 0.498271 -0.771065 0.396465
vn 0.290222 -0.800372 0.524572
vn 0.085602 -0.752766 0.652699
vn -0.095558 -0.632897 0.768316
vn -0.235533 -0.452512 0.860092
vn -0.320619 -0.229269 0.919043
vn -0.342484 0.014993 0.939404
vn -0.298987 0.256354 0.919179
vn -0.194391 0.471176 0.860352
vn 0.216564 0.403413 0.889021
vn 0.340575 0.470472 0.814043
vn 0.475577 0.489488 0.730909
vn 0.608351 0.458598 0.647763
vn 0.725911 0.380813 0.572743
vn 0.816740 0.263761 0.513191
vn 0.871950 0.118894 0.474939
vn 0.886138 -0.039611 0.461725
vn 0.857913 -0.196229 0.474847
vn 0.790040 -0.335627 0.513021
vn 0.689163 -0.444167 0.572512
vn 0.565155 -0.511228 0.647493
vn 0.430155 -0.530243 0.730622
vn 0.297374 -0.499354 0.813766
vn 0.179816 -0.421575 0.888786
vn 0.088988 -0.304522 0.948339
vn 0.033779 -0.159655 0.986595
vn 0.019590 -0.001155 0.999807
vn 0.047812 0.155467 0.986683
vn 0.115684 0.294870 0.948509
vn 0.504709 0.014609 0.863166
vn 0.515911 0.020669 0.856393
vn 0.528107 0.022387 0.848883
vn 0.540102 0.019596 0.841372
vn 0.550722 0.012572 0.834594
vn 0.558927 0.001995 0.829215
vn 0.563912 -0.011093 0.825760
vn 0.565197 -0.025408 0.824564
vn 0.562645 -0.039557 0.825751
vn 0.556515 -0.052153 0.829199
vn 0.547401 -0.061957 0.834574
vn 0.536200 -0.068015 0.841347
vn 0.524004 -0.069732 0.848856
vn 0.512009 -0.066941 0.856368
vn 0.501389 -0.059915 0.863145
vn 0.493183 -0.049342 0.868525
vn 0.488198 -0.036255 0.871980
vn 0.486914 -0.021935 0.873174
vn 0.489467 -0.007787 0.871987
vn 0.495596 0.004804 0.868540
vn 0.677901 -0.391830 0.622029
vn 0.569449 -0.450478 0.687602
vn 0.451387 -0.467102 0.760306
vn 0.335265 -0.440090 0.833018
vn 0.232457 -0.372068 0.898627
vn 0.153020 -0.269695 0.950710
vn 0.104732 -0.143003 0.984165
vn 0.092326 -0.004387 0.995719
vn 0.117013 0.132577 0.984242
vn 0.176371 0.254480 0.950859
vn 0.264595 0.349413 0.898833
vn 0.373045 0.408071 0.833256
vn 0.491110 0.424695 0.760557
vn 0.607231 0.397674 0.687842
vn 0.710040 0.329653 0.622231
vn 0.789476 0.227280 0.570151
vn 0.837761 0.100595 0.536691
vn 0.850167 -0.038021 0.525139
vn 0.825484 -0.174992 0.536613
vn 0.766125 -0.296896 0.570005
vn 0.694229 -0.645972 0.317435
vn 0.509717 -0.745753 0.429000
vn 0.308850 -0.774043 0.552692
vn 0.111287 -0.728081 0.676397
vn -0.063620 -0.612352 0.788021
vn -0.198765 -0.438184 0.876634
vn -0.280914 -0.222633 0.933553
vn -0.302023 0.013189 0.953210
vn -0.260028 0.246214 0.933683
vn -0.159044 0.453626 0.876886
vn -0.008947 0.615132 0.788373
vn 0.175566 0.714922 0.676804
vn 0.376433 0.743208 0.553119
vn 0.573992 0.697239 0.429408
vn 0.748907 0.581508 0.317784
vn 0.884055 0.407340 0.229175
vn 0.966198 0.191808 0.172255
vn 0.987307 -0.044020 0.152599
vn 0.945310 -0.277061 0.172122
vn 0.844325 -0.484469 0.228920
vn 0.666699 -0.726578 0.166123
vn 0.457625 -0.839641 0.292545
vn 0.230010 -0.871701 0.432704
vn 0.006146 -0.819617 0.572879
vn -0.192046 -0.688483 0.699364
vn -0.345184 -0.491128 0.799776
vn -0.438272 -0.246876 0.864274
vn -0.462193 0.020332 0.886546
vn -0.414610 0.284385 0.864421
vn -0.300174 0.519430 0.800055
vn -0.130093 0.702431 0.699762
vn 0.078984 0.815500 0.573342
vn 0.306594 0.847556 0.433186
vn 0.530450 0.795469 0.293006
vn 0.728655 0.664329 0.166520
vn 0.881798 0.466971 0.066110
vn 0.974875 0.222748 0.001618
vn 0.998797 -0.044471 -0.020648
vn 0.951209 -0.308543 0.001471
vn 0.836771 -0.543582 0.065824
vn 0.362751 -0.927604 0.089231
vn 0.595384 -0.801794 -0.051425
vn 0.556866 -0.819009 -0.138290
vn 0.318551 -0.947888 0.005799
vn 0.109497 -0.963277 0.245167
vn 0.059121 -0.984427 0.165553
vn -0.139570 -0.905329 0.401123
vn -0.196038 -0.925056 0.325332
vn -0.360092 -0.759427 0.541853
vn -0.421947 -0.775587 0.469495
vn -0.530478 -0.539862 0.653561
vn -0.596485 -0.550670 0.583925
vn -0.634049 -0.268118 0.725324
vn -0.702593 -0.272264 0.657446
vn -0.660665 0.029210 0.750112
vn -0.729855 0.032333 0.682837
vn -0.607715 0.323023 0.725492
vn -0.675611 0.333299 0.657618
vn -0.480387 0.584521 0.653884
vn -0.545185 0.601175 0.584262
vn -0.291157 0.788120 0.542305
vn -0.351329 0.809764 0.469947
vn -0.058533 0.913918 0.401656
vn -0.113015 0.938640 0.325857
vn 0.194709 0.949586 0.245715
vn 0.146410 0.975178 0.166108
vn 0.443775 0.891633 0.089741
vn 0.401565 0.915809 0.006326
vn 0.664310 0.745717 -0.050980
vn 0.627480 0.766336 -0.137836
vn 0.834678 0.526161 -0.162689
vn 0.802022 0.541404 -0.252276
vn 0.938238 0.254445 -0.234450
vn 0.908117 0.263025 -0.325794
vn 0.964862 -0.042907 -0.259231
vn 0.935384 -0.041573 -0.351182
vn 0.911910 -0.336716 -0.234612
vn 0.881140 -0.342552 -0.325962
vn 0.784597 -0.598194 -0.163010
vn 0.750720 -0.610418 -0.252607
vn -0.179454 -0.567002 -0.803931
vn -0.179454 -0.567002 -0.803931
vn -0.179454 -0.567002 -0.803931
vn -0.179454 -0.567002 -0.803931
vn -0.345143 -0.622075 -0.702779
vn -0.345143 -0.622075 -0.702779
vn -0.345143 -0.622075 -0.702779
vn -0.345143 -0.622075 -0.702779
vn -0.516447 -0.614476 -0.596407
vn -0.516447 -0.614476 -0.596407
vn -0.516447 -0.614476 -0.596407
vn -0.516447 -0.614476 -0.596407
vn -0.676600 -0.544935 -0.495236
vn -0.676600 -0.544935 -0.495236
vn -0.676600 -0.544935 -0.495236
vn -0.676600 -0.544935 -0.495236
vn -0.809905 -0.420310 -0.409137
vn -0.809905 -0.420310 -0.409137
vn -0.809905 -0.420310 -0.409137
vn -0.809905 -0.420310 -0.409137
vn -0.903329 -0.252753 -0.346573
vn -0.903329 -0.252753 -0.346573
vn -0.903329 -0.252753 -0.346573
vn -0.903329 -0.252753 -0.346573
vn -0.947725 -0.058696 -0.313643
vn -0.947725 -0.058696 -0.313643
vn -0.947725 -0.058696 -0.313643
vn -0.947725 -0.058696 -0.313643
vn -0.938738 0.142930 -0.313594
vn -0.938738 0.142930 -0.313594
vn -0.938738 0.142930 -0.313594
vn -0.938738 0.142930 -0.313594
vn -0.877286 0.332220 -0.346408
vn -0.877286 0.332220 -0.346408
vn -0.877286 0.332220 -0.346408
vn -0.877286 0.332220 -0.346408
vn -0.769312 0.490889 -0.408886
vn -0.769312 0.490889 -0.408886
vn -0.769312 0.490889 -0.408886
vn -0.769312 0.490889 -0.408886
vn -0.625446 0.603232 -0.494902
vn -0.625446 0.603232 -0.494902
vn -0.625446 0.603232 -0.494902
vn -0.625446 0.603232 -0.494902
vn -0.459744 0.658309 -0.596041
vn -0.459744 0.658309 -0.596041
vn -0.459744 0.658309 -0.596041
vn -0.459744 0.658309 -0.596041
vn -0.288455 0.650689 -0.702423
vn -0.288455 0.650689 -0.702423
vn -0.288455 0.650689 -0.702423
vn -0.288455 0.650689 -0.702423
vn -0.128310 0.581173 -0.803601
vn -0.128310 0.581173 -0.803601
vn -0.128310 0.581173 -0.803601
vn -0.128310 0.581173 -0.803601
vn 0.005001 0.456529 -0.889695
vn 0.005001 0.456529 -0.889695
vn 0.005001 0.456529 -0.889695
vn 0.005001 0.456529 -0.889695
vn 0.098421 0.288995 -0.952258
vn 0.098421 0.288995 -0.952258
vn 0.098421 0.288995 -0.952258
vn 0.098421 0.288995 -0.952258
vn 0.142822 0.094918 -0.985187
vn 0.142822 0.094918 -0.985187
vn 0.142822 0.094918 -0.985187
vn 0.142822 0.094918 -0.985187
vn 0.133840 -0.106710 -0.985241
vn 0.133840 -0.106710 -0.985241
vn 0.133840 -0.106710 -0.985241
vn 0.133840 -0.106710 -0.985241
vn 0.072365 -0.296039 -0.952431
vn 0.072366 -0.296039 -0.952431
vn 0.072366 -0.296039 -0.952431
vn 0.072366 -0.296039 -0.952431
vn -0.035595 -0.454646 -0.889961
vn -0.035595 -0.454646 -0.889961
vn -0.035595 -0.454646 -0.889961
vn -0.035595 -0.454646 -0.889961
vn 0.625455 -0.603224 0.494900
vn 0.625455 -0.603224 0.494900
vn 0.625455 -0.603224 0.494900
vn 0.625455 -0.603224 0.494900
vn 0.459746 -0.658311 0.596038
vn 0.459746 -0.658311 0.596038
vn 0.459746 -0.658311 0.596038
vn 0.459746 -0.658311 0.596038
vn 0.288448 -0.650697 0.702418
vn 0.288448 -0.650697 0.702418
vn 0.288448 -0.650697 0.702418
vn 0.288448 -0.650697 0.702418
vn 0.128307 -0.581148 0.803619
vn 0.128307 -0.581148 0.803619
vn 0.128307 -0.581148 0.803619
vn 0.128307 -0.581148 0.803619
vn -0.004997 -0.456547 0.889685
vn -0.004997 -0.456547 0.889685
vn -0.004997 -0.456547 0.889685
vn -0.004997 -0.456547 0.889686
vn -0.098433 -0.288955 0.952269
vn -0.098433 -0.288955 0.952269
vn -0.098433 -0.288955 0.952269
vn -0.098433 -0.288955 0.952269
vn -0.142818 -0.094965 0.985183
vn -0.142818 -0.094965 0.985183
vn -0.142818 -0.094965 0.985183
vn -0.142818 -0.094965 0.985183
vn -0.133837 0.106710 0.985241
vn -0.133837 0.106710 0.985241
vn -0.133837 0.106710 0.985241
vn -0.133837 0.106710 0.985241
vn -0.072370 0.296041 0.952430
vn -0.072370 0.296041 0.952430
vn -0.072370 0.296042 0.952430
vn -0.072370 0.296042 0.952430
vn 0.035585 0.454653 0.889957
vn 0.035585 0.454653 0.889957
vn 0.035585 0.454653 0.889957
vn 0.035585 0.454653 0.889957
vn 0.179454 0.567014 0.803922
vn 0.179454 0.567014 0.803922
vn 0.179454 0.567014 0.803922
vn 0.179454 0.567014 0.803922
vn 0.345151 0.622060 0.702789
vn 0.345151 0.622060 0.702789
vn 0.345151 0.622060 0.702789
vn 0.345151 0.622060 0.702789
vn 0.516448 0.614477 0.596406
vn 0.516448 0.614477 0.596406
vn 0.516448 0.614477 0.596406
vn 0.516448 0.614477 0.596406
vn 0.676587 0.544962 0.495224
vn 0.676587 0.544962 0.495224
vn 0.676587 0.544961 0.495224
vn 0.676587 0.544962 0.495224
vn 0.809907 0.420305 0.409139
vn 0.809907 0.420305 0.409139
vn 0.809907 0.420305 0.409138
vn 0.809907 0.420305 0.409139
vn 0.903332 0.252755 0.346564
vn 0.903332 0.252755 0.346564
vn 0.903332 0.252755 0.346564
vn 0.903332 0.252755 0.346564
vn 0.947726 0.058673 0.313643
vn 0.947726 0.058673 0.313643
vn 0.947726 0.058673 0.313643
vn 0.947726 0.058673 0.313643
vn 0.938747 -0.142909 0.313579
vn 0.938746 -0.142909 0.313579
vn 0.938746 -0.142909 0.313579
vn 0.938747 -0.142909 0.313579
vn 0.877273 -0.332262 0.346401
vn 0.877273 -0.332262 0.346401
vn 0.877273 -0.332262 0.346401
vn 0.877273 -0.332262 0.346401
vn 0.769311 -0.490891 0.408886
vn 0.769311 -0.490891 0.408886
vn 0.769311 -0.490891 0.408886
vn 0.769311 -0.490891 0.408886
s 1
g _wheel _full_skateboard _group1 _group2 _nurbsCircle2
usemtl _lambert2SG
f 342/265/1 341/266/2 343/267/3 344/268/4
f 345/273/5 342/265/1 344/268/4 346/274/6
f 347/281/7 345/273/5 346/274/6 348/282/8
f 349/291/9 347/281/7 348/282/8 350/292/10
f 351/2/11 349/7/9 350/8/10 352/3/12
f 353/1/13 351/2/11 352/3/12 354/4/14
f 355/11/15 353/1/13 354/4/14 356/12/16
f 357/21/17 355/11/15 356/12/16 358/22/18
f 359/32/19 357/21/17 358/22/18 360/33/20
f 361/46/21 359/32/19 360/33/20 362/47/22
f 363/320/23 361/321/21 362/322/22 364/323/24
f 365/328/25 363/320/23 364/323/24 366/329/26
f 367/336/27 365/328/25 366/329/26 368/337/28
f 369/346/29 367/336/27 368/337/28 370/347/30
f 371/75/31 369/80/29 370/81/30 372/76/32
f 373/74/33 371/75/31 372/76/32 374/77/34
f 375/84/35 373/74/33 374/77/34 376/85/36
f 377/94/37 375/84/35 376/85/36 378/95/38
f 379/105/39 377/94/37 378/95/38 380/106/40
f 341/119/2 379/105/39 380/106/40 343/120/3
f 344/268/4 343/267/3 381/271/41 382/272/42
f 346/274/6 344/268/4 382/272/42 383/280/43
f 348/282/8 346/274/6 383/280/43 384/290/44
f 350/292/10 348/282/8 384/290/44 385/302/45
f 352/3/12 350/8/10 385/17/45 386/9/46
f 354/4/14 352/3/12 386/9/46 387/10/47
f 356/12/16 354/4/14 387/10/47 388/20/48
f 358/22/18 356/12/16 388/20/48 389/31/49
f 360/33/20 358/22/18 389/31/49 390/45/50
f 362/47/22 360/33/20 390/45/50 391/59/51
f 364/323/24 362/322/22 391/326/51 392/327/52
f 366/329/26 364/323/24 392/327/52 393/335/53
f 368/337/28 366/329/26 393/335/53 394/345/54
f 370/347/30 368/337/28 394/345/54 395/357/55
f 372/76/32 370/81/30 395/90/55 396/82/56
f 374/77/34 372/76/32 396/82/56 397/83/57
f 376/85/36 374/77/34 397/83/57 398/93/58
f 378/95/38 376/85/36 398/93/58 399/104/59
f 380/106/40 378/95/38 399/104/59 400/118/60
f 343/120/3 380/106/40 400/118/60 381/132/41
s 2
f 2/279/61 1/278/62 21/287/63 22/288/64
f 3/289/65 2/279/61 22/288/64 23/300/66
f 4/301/67 3/289/65 23/300/66 24/309/68
f 5/310/69 4/301/67 24/309/68 25/315/70
f 6/18/71 5/39/69 25/40/70 26/28/72
f 7/19/73 6/18/71 26/28/72 27/29/74
f 8/30/75 7/19/73 27/29/74 28/43/76
f 9/44/77 8/30/75 28/43/76 29/57/78
f 10/58/79 9/44/77 29/57/78 30/65/80
f 11/69/81 10/58/79 30/65/80 31/70/82
f 12/334/83 11/333/81 31/342/82 32/343/84
f 13/344/85 12/334/83 32/343/84 33/355/86
f 14/356/87 13/344/85 33/355/86 34/364/88
f 15/365/89 14/356/87 34/364/88 35/370/90
f 16/91/91 15/112/89 35/113/90 36/101/92
f 17/92/93 16/91/91 36/101/92 37/102/94
f 18/103/95 17/92/93 37/102/94 38/116/96
f 19/117/97 18/103/95 38/116/96 39/130/98
f 20/131/99 19/117/97 39/130/98 40/138/100
f 1/142/62 20/131/99 40/138/100 21/143/63
f 22/288/64 21/287/63 41/298/101 42/299/102
f 23/300/66 22/288/64 42/299/102 43/308/103
f 24/309/68 23/300/66 43/308/103 44/314/104
f 25/315/70 24/309/68 44/314/104 45/318/105
f 26/465/72 25/466/70 45/467/105 46/468/106
f 27/29/74 26/28/72 46/41/106 47/42/107
f 28/43/76 27/29/74 47/42/107 48/56/108
f 29/57/78 28/43/76 48/56/108 49/64/109
f 30/65/80 29/57/78 49/64/109 50/68/110
f 31/509/82 30/510/80 50/495/110 51/501/111
f 32/343/84 31/342/82 51/353/111 52/354/112
f 33/355/86 32/343/84 52/354/112 53/363/113
f 34/364/88 33/355/86 53/363/113 54/369/114
f 35/370/90 34/364/88 54/369/114 55/373/115
f 36/537/92 35/538/90 55/533/115 56/529/116
f 37/102/94 36/101/92 56/114/116 57/115/117
f 38/116/96 37/102/94 57/115/117 58/129/118
f 39/130/98 38/116/96 58/129/118 59/137/119
f 40/138/100 39/130/98 59/137/119 60/141/120
f 21/503/63 40/504/100 60/497/120 41/491/101
f 42/485/102 41/491/101 61/492/121 62/486/122
f 43/477/103 42/485/102 62/486/122 63/478/123
f 44/471/104 43/477/103 63/478/123 64/472/124
f 45/467/105 44/471/104 64/472/124 65/469/125
f 46/468/106 45/467/105 65/469/125 66/470/126
f 47/475/107 46/468/106 66/470/126 67/476/127
f 48/483/108 47/475/107 67/476/127 68/484/128
f 49/489/109 48/483/108 68/484/128 69/490/129
f 50/495/110 49/489/109 69/490/129 70/496/130
f 51/501/111 50/495/110 70/496/130 71/502/131
f 52/511/112 51/501/111 71/502/131 72/512/132
f 53/521/113 52/511/112 72/512/132 73/522/133
f 54/527/114 53/521/113 73/522/133 74/528/134
f 55/533/115 54/527/114 74/528/134 75/534/135
f 56/529/116 55/533/115 75/534/135 76/530/136
f 57/523/117 56/529/116 76/530/136 77/524/137
f 58/513/118 57/523/117 77/524/137 78/514/138
f 59/505/119 58/513/118 78/514/138 79/506/139
f 60/497/120 59/505/119 79/506/139 80/498/140
f 41/491/101 60/497/120 80/498/140 61/492/121
f 62/486/122 61/492/121 81/499/141 82/493/142
f 63/478/123 62/486/122 82/493/142 83/487/143
f 64/472/124 63/478/123 83/487/143 84/479/144
f 65/469/125 64/472/124 84/479/144 85/473/145
f 66/470/126 65/469/125 85/473/145 86/474/146
f 67/476/127 66/470/126 86/474/146 87/482/147
f 68/484/128 67/476/127 87/482/147 88/488/148
f 69/490/129 68/484/128 88/488/148 89/494/149
f 70/496/130 69/490/129 89/494/149 90/500/150
f 71/502/131 70/496/130 90/500/150 91/508/151
f 72/512/132 71/502/131 91/508/151 92/520/152
f 73/522/133 72/512/132 92/520/152 93/526/153
f 74/528/134 73/522/133 93/526/153 94/532/154
f 75/534/135 74/528/134 94/532/154 95/536/155
f 76/530/136 75/534/135 95/536/155 96/535/156
f 77/524/137 76/530/136 96/535/156 97/531/157
f 78/514/138 77/524/137 97/531/157 98/525/158
f 79/506/139 78/514/138 98/525/158 99/515/159
f 80/498/140 79/506/139 99/515/159 100/507/160
f 61/492/121 80/498/140 100/507/160 81/499/141
f 82/379/142 81/380/141 101/376/161 102/375/162
f 83/385/143 82/379/142 102/375/162 103/383/163
f 84/391/144 83/385/143 103/383/163 104/389/164
f 85/398/145 84/391/144 104/389/164 105/396/165
f 86/474/146 85/473/145 105/480/165 106/481/166
f 87/151/147 86/152/146 106/148/166 107/147/167
f 88/159/148 87/151/147 107/147/167 108/157/168
f 89/166/149 88/159/148 108/157/168 109/164/169
f 90/174/150 89/166/149 109/164/169 110/172/170
f 91/508/151 90/500/150 110/518/170 111/519/171
f 92/430/152 91/431/151 111/425/171 112/424/172
f 93/438/153 92/430/152 112/424/172 113/432/173
f 94/446/154 93/438/153 113/432/173 114/439/174
f 95/453/155 94/446/154 114/439/174 115/447/175
f 96/535/156 95/536/155 115/539/175 116/540/176
f 97/225/157 96/233/156 116/226/176 117/219/177
f 98/218/158 97/225/157 117/219/177 118/212/178
f 99/211/159 98/218/158 118/212/178 119/207/179
f 100/210/160 99/211/159 119/207/179 120/206/180
f 81/499/141 100/507/160 120/516/180 101/517/161
f 102/375/162 101/376/161 121/377/181 122/378/182
f 103/383/163 102/375/162 122/378/182 123/384/183
f 104/389/164 103/383/163 123/384/183 124/390/184
f 105/396/165 104/389/164 124/390/184 125/397/185
f 106/148/166 105/153/165 125/154/185 126/149/186
f 107/147/167 106/148/166 126/149/186 127/150/187
f 108/157/168 107/147/167 127/150/187 128/158/188
f 109/164/169 108/157/168 128/158/188 129/165/189
f 110/172/170 109/164/169 129/165/189 130/173/190
f 111/181/171 110/172/170 130/173/190 131/182/191
f 112/424/172 111/425/171 131/421/191 132/420/192
f 113/432/173 112/424/172 132/420/192 133/428/193
f 114/439/174 113/432/173 133/428/193 134/436/194
f 115/447/175 114/439/174 134/436/194 135/444/195
f 116/226/176 115/234/175 135/235/195 136/227/196
f 117/219/177 116/226/176 136/227/196 137/220/197
f 118/212/178 117/219/177 137/220/197 138/213/198
f 119/207/179 118/212/178 138/213/198 139/208/199
f 120/206/180 119/207/179 139/208/199 140/209/200
f 101/216/161 120/206/180 140/209/200 121/217/181
f 122/378/182 121/377/181 141/381/201 142/382/202
f 123/384/183 122/378/182 142/382/202 143/388/203
f 124/390/184 123/384/183 143/388/203 144/395/204
f 125/397/185 124/390/184 144/395/204 145/403/205
f 126/149/186 125/154/185 145/160/205 146/155/206
f 127/150/187 126/149/186 146/155/206 147/156/207
f 128/158/188 127/150/187 147/156/207 148/163/208
f 129/165/189 128/158/188 148/163/208 149/171/209
f 130/173/190 129/165/189 149/171/209 150/180/210
f 131/182/191 130/173/190 150/180/210 151/189/211
f 132/420/192 131/421/191 151/422/211 152/423/212
f 133/428/193 132/420/192 152/423/212 153/429/213
f 134/436/194 133/428/193 153/429/213 154/437/214
f 135/444/195 134/436/194 154/437/214 155/445/215
f 136/227/196 135/235/195 155/242/215 156/236/216
f 137/220/197 136/227/196 156/236/216 157/228/217
f 138/213/198 137/220/197 157/228/217 158/221/218
f 139/208/199 138/213/198 158/221/218 159/214/219
f 140/209/200 139/208/199 159/214/219 160/215/220
f 121/217/181 140/209/200 160/215/220 141/224/201
f 142/382/202 141/381/201 161/386/221 162/387/222
f 143/388/203 142/382/202 162/387/222 163/394/223
f 144/395/204 143/388/203 163/394/223 164/402/224
f 145/403/205 144/395/204 164/402/224 165/408/225
f 146/155/206 145/160/205 165/167/225 166/161/226
f 147/156/207 146/155/206 166/161/226 167/162/227
f 148/163/208 147/156/207 167/162/227 168/170/228
f 149/171/209 148/163/208 168/170/228 169/179/229
f 150/180/210 149/171/209 169/179/229 170/188/230
f 151/189/211 150/180/210 170/188/230 171/196/231
f 152/423/212 151/422/211 171/426/231 172/427/232
f 153/429/213 152/423/212 172/427/232 173/435/233
f 154/437/214 153/429/213 173/435/233 174/443/234
f 155/445/215 154/437/214 174/443/234 175/452/235
f 156/236/216 155/242/215 175/249/235 176/243/236
f 157/228/217 156/236/216 176/243/236 177/237/237
f 158/221/218 157/228/217 177/237/237 178/229/238
f 159/214/219 158/221/218 178/229/238 179/222/239
f 160/215/220 159/214/219 179/222/239 180/223/240
f 141/224/201 160/215/220 180/223/240 161/232/221
f 162/387/222 161/386/221 181/392/241 182/393/242
f 163/394/223 162/387/222 182/393/242 183/401/243
f 164/402/224 163/394/223 183/401/243 184/407/244
f 165/408/225 164/402/224 184/407/244 185/413/245
f 166/161/226 165/167/225 185/175/245 186/168/246
f 167/162/227 166/161/226 186/168/246 187/169/247
f 168/170/228 167/162/227 187/169/247 188/178/248
f 169/179/229 168/170/228 188/178/248 189/187/249
f 170/188/230 169/179/229 189/187/249 190/195/250
f 171/196/231 170/188/230 190/195/250 191/200/251
f 172/427/232 171/426/231 191/433/251 192/434/252
f 173/435/233 172/427/232 192/434/252 193/442/253
f 174/443/234 173/435/233 193/442/253 194/451/254
f 175/452/235 174/443/234 194/451/254 195/458/255
f 176/243/236 175/249/235 195/256/255 196/250/256
f 177/237/237 176/243/236 196/250/256 197/244/257
f 178/229/238 177/237/237 197/244/257 198/238/258
f 179/222/239 178/229/238 198/238/258 199/230/259
f 180/223/240 179/222/239 199/230/259 200/231/260
f 161/232/221 180/223/240 200/231/260 181/241/241
f 182/393/242 181/392/241 201/399/261 202/400/262
f 183/401/243 182/393/242 202/400/262 203/406/263
f 184/407/244 183/401/243 203/406/263 204/412/264
f 185/413/245 184/407/244 204/412/264 205/416/265
f 186/168/246 185/175/245 205/183/265 206/176/266
f 187/169/247 186/168/246 206/176/266 207/177/267
f 188/178/248 187/169/247 207/177/267 208/186/268
f 189/187/249 188/178/248 208/186/268 209/194/269
f 190/195/250 189/187/249 209/194/269 210/199/270
f 191/200/251 190/195/250 210/199/270 211/203/271
f 192/434/252 191/433/251 211/440/271 212/441/272
f 193/442/253 192/434/252 212/441/272 213/450/273
f 194/451/254 193/442/253 213/450/273 214/457/274
f 195/458/255 194/451/254 214/457/274 215/461/275
f 196/250/256 195/256/255 215/260/275 216/257/276
f 197/244/257 196/250/256 216/257/276 217/251/277
f 198/238/258 197/244/257 217/251/277 218/245/278
f 199/230/259 198/238/258 218/245/278 219/239/279
f 200/231/260 199/230/259 219/239/279 220/240/280
f 181/241/241 200/231/260 220/240/280 201/248/261
f 202/400/262 201/399/261 221/404/281 222/405/282
f 203/406/263 202/400/262 222/405/282 223/411/283
f 204/412/264 203/406/263 223/411/283 224/415/284
f 205/416/265 204/412/264 224/415/284 225/418/285
f 206/176/266 205/183/265 225/190/285 226/184/286
f 207/177/267 206/176/266 226/184/286 227/185/287
f 208/186/268 207/177/267 227/185/287 228/193/288
f 209/194/269 208/186/268 228/193/288 229/198/289
f 210/199/270 209/194/269 229/198/289 230/202/290
f 211/203/271 210/199/270 230/202/290 231/205/291
f 212/441/272 211/440/271 231/448/291 232/449/292
f 213/450/273 212/441/272 232/449/292 233/456/293
f 214/457/274 213/450/273 233/456/293 234/460/294
f 215/461/275 214/457/274 234/460/294 235/463/295
f 216/257/276 215/260/275 235/263/295 236/261/296
f 217/251/277 216/257/276 236/261/296 237/258/297
f 218/245/278 217/251/277 237/258/297 238/252/298
f 219/239/279 218/245/278 238/252/298 239/246/299
f 220/240/280 219/239/279 239/246/299 240/247/300
f 201/248/261 220/240/280 240/247/300 221/255/281
f 222/405/282 221/404/281 241/409/301 242/410/302
f 223/411/283 222/405/282 242/410/302 243/414/303
f 224/415/284 223/411/283 243/414/303 244/417/304
f 225/418/285 224/415/284 244/417/304 245/419/305
f 226/541/286 225/542/285 245/543/305 246/544/306
f 227/185/287 226/184/286 246/191/306 247/192/307
f 228/193/288 227/185/287 247/192/307 248/197/308
f 229/198/289 228/193/288 248/197/308 249/201/309
f 230/202/290 229/198/289 249/201/309 250/204/310
f 231/585/291 230/586/290 250/571/310 251/577/311
f 232/449/292 231/448/291 251/454/311 252/455/312
f 233/456/293 232/449/292 252/455/312 253/459/313
f 234/460/294 233/456/293 253/459/313 254/462/314
f 235/463/295 234/460/294 254/462/314 255/464/315
f 236/613/296 235/614/295 255/609/315 256/605/316
f 237/258/297 236/261/296 256/264/316 257/262/317
f 238/252/298 237/258/297 257/262/317 258/259/318
f 239/246/299 238/252/298 258/259/318 259/253/319
f 240/247/300 239/246/299 259/253/319 260/254/320
f 221/579/281 240/580/300 260/573/320 241/567/301
f 242/561/302 241/567/301 261/568/321 262/562/322
f 243/553/303 242/561/302 262/562/322 263/554/323
f 244/547/304 243/553/303 263/554/323 264/548/324
f 245/543/305 244/547/304 264/548/324 265/545/325
f 246/544/306 245/543/305 265/545/325 266/546/326
f 247/551/307 246/544/306 266/546/326 267/552/327
f 248/559/308 247/551/307 267/552/327 268/560/328
f 249/565/309 248/559/308 268/560/328 269/566/329
f 250/571/310 249/565/309 269/566/329 270/572/330
f 251/577/311 250/571/310 270/572/330 271/578/331
f 252/587/312 251/577/311 271/578/331 272/588/332
f 253/597/313 252/587/312 272/588/332 273/598/333
f 254/603/314 253/597/313 273/598/333 274/604/334
f 255/609/315 254/603/314 274/604/334 275/610/335
f 256/605/316 255/609/315 275/610/335 276/606/336
f 257/599/317 256/605/316 276/606/336 277/600/337
f 258/589/318 257/599/317 277/600/337 278/590/338
f 259/581/319 258/589/318 278/590/338 279/582/339
f 260/573/320 259/581/319 279/582/339 280/574/340
f 241/567/301 260/573/320 280/574/340 261/568/321
f 262/562/322 261/568/321 281/575/341 282/569/342
f 263/554/323 262/562/322 282/569/342 283/563/343
f 264/548/324 263/554/323 283/563/343 284/555/344
f 265/545/325 264/548/324 284/555/344 285/549/345
f 266/546/326 265/545/325 285/549/345 286/550/346
f 267/552/327 266/546/326 286/550/346 287/558/347
f 268/560/328 267/552/327 287/558/347 288/564/348
f 269/566/329 268/560/328 288/564/348 289/570/349
f 270/572/330 269/566/329 289/570/349 290/576/350
f 271/578/331 270/572/330 290/576/350 291/584/351
f 272/588/332 271/578/331 291/584/351 292/596/352
f 273/598/333 272/588/332 292/596/352 293/602/353
f 274/604/334 273/598/333 293/602/353 294/608/354
f 275/610/335 274/604/334 294/608/354 295/612/355
f 276/606/336 275/610/335 295/612/355 296/611/356
f 277/600/337 276/606/336 296/611/356 297/607/357
f 278/590/338 277/600/337 297/607/357 298/601/358
f 279/582/339 278/590/338 298/601/358 299/591/359
f 280/574/340 279/582/339 299/591/359 300/583/360
f 261/568/321 280/574/340 300/583/360 281/575/341
f 282/303/342 281/304/341 301/294/361 302/293/362
f 283/311/343 282/303/342 302/293/362 303/305/363
f 284/316/344 283/311/343 303/305/363 304/312/364
f 285/319/345 284/316/344 304/312/364 305/317/365
f 286/550/346 285/549/345 305/556/365 306/557/366
f 287/48/347 286/49/346 306/35/366 307/34/367
f 288/60/348 287/48/347 307/34/367 308/52/368
f 289/66/349 288/60/348 308/52/368 309/61/369
f 290/71/350 289/66/349 309/61/369 310/67/370
f 291/584/351 290/576/350 310/594/370 311/595/371
f 292/358/352 291/359/351 311/349/371 312/348/372
f 293/366/353 292/358/352 312/348/372 313/360/373
f 294/371/354 293/366/353 313/360/373 314/367/374
f 295/374/355 294/371/354 314/367/374 315/372/375
f 296/611/356 295/612/355 315/615/375 316/616/376
f 297/121/357 296/122/356 316/108/376 317/107/377
f 298/133/358 297/121/357 317/107/377 318/125/378
f 299/139/359 298/133/358 318/125/378 319/134/379
f 300/144/360 299/139/359 319/134/379 320/140/380
f 281/575/341 300/583/360 320/592/380 301/593/361
f 302/293/362 301/294/361 321/284/381 322/283/382
f 303/305/363 302/293/362 322/283/382 323/295/383
f 304/312/364 303/305/363 323/295/383 324/306/384
f 305/317/365 304/312/364 324/306/384 325/313/385
f 306/35/366 305/50/365 325/51/385 326/24/386
f 307/34/367 306/35/366 326/24/386 327/23/387
f 308/52/368 307/34/367 327/23/387 328/36/388
f 309/61/369 308/52/368 328/36/388 329/53/389
f 310/67/370 309/61/369 329/53/389 330/62/390
f 311/72/371 310/67/370 330/62/390 331/73/391
f 312/348/372 311/349/371 331/339/391 332/338/392
f 313/360/373 312/348/372 332/338/392 333/350/393
f 314/367/374 313/360/373 333/350/393 334/361/394
f 315/372/375 314/367/374 334/361/394 335/368/395
f 316/108/376 315/123/375 335/124/395 336/97/396
f 317/107/377 316/108/376 336/97/396 337/96/397
f 318/125/378 317/107/377 337/96/397 338/109/398
f 319/134/379 318/125/378 338/109/398 339/126/399
f 320/140/380 319/134/379 339/126/399 340/135/400
f 301/145/361 320/140/380 340/135/400 321/146/381
s 1
f 402/275/401 401/276/402 403/270/403 404/269/404
f 405/285/405 402/275/401 404/269/404 406/277/406
f 407/296/407 405/285/405 406/277/406 408/286/408
f 409/307/409 407/296/407 408/286/408 410/297/410
f 411/14/411 409/25/409 410/15/410 412/6/412
f 413/13/413 411/14/411 412/6/412 414/5/414
f 415/26/415 413/13/413 414/5/414 416/16/416
f 417/37/417 415/26/415 416/16/416 418/27/418
f 419/54/419 417/37/417 418/27/418 420/38/420
f 421/63/421 419/54/419 420/38/420 422/55/422
f 423/330/423 421/331/421 422/325/422 424/324/424
f 425/340/425 423/330/423 424/324/424 426/332/426
f 427/351/427 425/340/425 426/332/426 428/341/428
f 429/362/429 427/351/427 428/341/428 430/352/430
f 431/87/431 429/98/429 430/88/430 432/79/432
f 433/86/433 431/87/431 432/79/432 434/78/434
f 435/99/435 433/86/433 434/78/434 436/89/436
f 437/110/437 435/99/435 436/89/436 438/100/438
f 439/127/439 437/110/437 438/100/438 440/111/440
f 401/136/402 439/127/439 440/111/440 403/128/403
f 404/269/404 403/270/403 341/266/2 342/265/1
f 406/277/406 404/269/404 342/265/1 345/273/5
f 408/286/408 406/277/406 345/273/5 347/281/7
f 410/297/410 408/286/408 347/281/7 349/291/9
f 412/6/412 410/15/410 349/7/9 351/2/11
f 414/5/414 412/6/412 351/2/11 353/1/13
f 416/16/416 414/5/414 353/1/13 355/11/15
f 418/27/418 416/16/416 355/11/15 357/21/17
f 420/38/420 418/27/418 357/21/17 359/32/19
f 422/55/422 420/38/420 359/32/19 361/46/21
f 424/324/424 422/325/422 361/321/21 363/320/23
f 426/332/426 424/324/424 363/320/23 365/328/25
f 428/341/428 426/332/426 365/328/25 367/336/27
f 430/352/430 428/341/428 367/336/27 369/346/29
f 432/79/432 430/88/430 369/80/29 371/75/31
f 434/78/434 432/79/432 371/75/31 373/74/33
f 436/89/436 434/78/434 373/74/33 375/84/35
f 438/100/438 436/89/436 375/84/35 377/94/37
f 440/111/440 438/100/438 377/94/37 379/105/39
f 403/128/403 440/111/440 379/105/39 341/119/2
s off
f 1/278/441 2/279/442 382/272/443 381/271/444
f 2/279/445 3/289/446 383/280/447 382/272/448
f 3/289/449 4/301/450 384/290/451 383/280/452
f 4/301/453 5/310/454 385/302/455 384/290/456
f 5/39/457 6/18/458 386/9/459 385/17/460
f 6/18/461 7/19/462 387/10/463 386/9/464
f 7/19/465 8/30/466 388/20/467 387/10/468
f 8/30/469 9/44/470 389/31/471 388/20/472
f 9/44/473 10/58/474 390/45/475 389/31/476
f 10/58/477 11/69/478 391/59/479 390/45/480
f 11/333/481 12/334/482 392/327/483 391/326/484
f 12/334/485 13/344/486 393/335/487 392/327/488
f 13/344/489 14/356/490 394/345/491 393/335/492
f 14/356/493 15/365/494 395/357/495 394/345/496
f 15/112/497 16/91/498 396/82/499 395/90/500
f 16/91/501 17/92/502 397/83/503 396/82/504
f 17/92/505 18/103/506 398/93/507 397/83/508
f 18/103/509 19/117/510 399/104/511 398/93/512
f 19/117/513 20/131/514 400/118/515 399/104/516
f 20/131/517 1/142/518 381/132/519 400/118/520
f 322/283/521 321/284/522 401/276/523 402/275/524
f 323/295/525 322/283/526 402/275/527 405/285/528
f 324/306/529 323/295/530 405/285/531 407/296/532
f 325/313/533 324/306/534 407/296/535 409/307/536
f 326/24/537 325/51/538 409/25/539 411/14/540
f 327/23/541 326/24/542 411/14/543 413/13/544
f 328/36/545 327/23/546 413/13/547 415/26/548
f 329/53/549 328/36/550 415/26/551 417/37/552
f 330/62/553 329/53/554 417/37/555 419/54/556
f 331/73/557 330/62/558 419/54/559 421/63/560
f 332/338/561 331/339/562 421/331/563 423/330/564
f 333/350/565 332/338/566 423/330/567 425/340/568
f 334/361/569 333/350/570 425/340/571 427/351/572
f 335/368/573 334/361/574 427/351/575 429/362/576
f 336/97/577 335/124/578 429/98/579 431/87/580
f 337/96/581 336/97/582 431/87/583 433/86/584
f 338/109/585 337/96/586 433/86/587 435/99/588
f 339/126/589 338/109/590 435/99/591 437/110/592
f 340/135/593 339/126/594 437/110/595 439/127/596
f 321/146/597 340/135/598 439/127/599 401/136/600
g default
v -18.726202 -24.485351 21.671187
v -18.329218 -24.270662 21.431157
v -17.897019 -24.209789 21.165015
v -17.471963 -24.308698 20.898845
v -17.095615 -24.557699 20.658673
v -16.804831 -24.932422 20.468021
v -16.628089 -25.396187 20.345558
v -16.582670 -25.903597 20.303261
v -16.673026 -26.404983 20.345273
v -16.890306 -26.851265 20.467479
v -17.213255 -27.198759 20.657923
v -17.610253 -27.413448 20.897961
v -18.042438 -27.474317 21.164095
v -18.467507 -27.375412 21.430274
v -18.843855 -27.126411 21.670444
v -19.134626 -26.751688 21.861089
v -19.311380 -26.287922 21.983560
v -19.356800 -25.780514 22.025857
v -19.266444 -25.279129 21.983845
v -19.049151 -24.832845 21.861631
v -19.136670 -24.221189 21.329706
v -18.665931 -23.966617 21.045084
v -18.153462 -23.894441 20.729512
v -17.649439 -24.011719 20.413893
v -17.203189 -24.306976 20.129112
v -16.858397 -24.751308 19.903048
v -16.648814 -25.301218 19.757831
v -16.594947 -25.902881 19.707671
v -16.702093 -26.497402 19.757491
v -16.959747 -27.026584 19.902405
v -17.342684 -27.438625 20.128224
v -17.813421 -27.693195 20.412848
v -18.325891 -27.765373 20.728419
v -18.829913 -27.648094 21.044038
v -19.276164 -27.352840 21.328819
v -19.620956 -26.908510 21.554883
v -19.830540 -26.358598 21.700099
v -19.884406 -25.756933 21.750260
v -19.777259 -25.162412 21.700440
v -19.519605 -24.633234 21.555527
v -19.487039 -23.895830 21.168620
v -18.923391 -23.591009 20.827821
v -18.309745 -23.504585 20.449947
v -17.706245 -23.645014 20.072034
v -17.171890 -23.998552 19.731028
v -16.759035 -24.530592 19.460340
v -16.508096 -25.189054 19.286466
v -16.443597 -25.909485 19.226405
v -16.571896 -26.621364 19.286061
v -16.880400 -27.255005 19.459574
v -17.338930 -27.748384 19.729972
v -17.902590 -28.053203 20.070779
v -18.516223 -28.139629 20.448645
v -19.119736 -27.999201 20.826566
v -19.654079 -27.645664 21.167564
v -20.066933 -27.113624 21.438252
v -20.317886 -26.455160 21.612134
v -20.382371 -25.734730 21.672187
v -20.254085 -25.022854 21.612539
v -19.945568 -24.389210 21.439018
v -19.743053 -23.541128 21.203719
v -19.076376 -23.180603 20.800624
v -18.350613 -23.078382 20.353711
v -17.636798 -23.244474 19.906719
v -17.004805 -23.662620 19.503404
v -16.516511 -24.291889 19.183252
v -16.219706 -25.070682 18.977600
v -16.143425 -25.922767 18.906566
v -16.295164 -26.764736 18.977120
v -16.660054 -27.514169 19.182348
v -17.202381 -28.097711 19.502161
v -17.869032 -28.458236 19.905239
v -18.594808 -28.560455 20.352161
v -19.308610 -28.394365 20.799145
v -19.940603 -27.976221 21.202460
v -20.428897 -27.346952 21.522611
v -20.725703 -26.568159 21.728263
v -20.801983 -25.716072 21.799298
v -20.650257 -24.874105 21.728752
v -20.285367 -24.124670 21.523524
v -19.879602 -23.191801 21.431530
v -19.109933 -22.775570 20.966164
v -18.272029 -22.657556 20.450195
v -17.447924 -22.849312 19.934139
v -16.718294 -23.332063 19.468516
v -16.154546 -24.058557 19.098894
v -15.811876 -24.957681 18.861462
v -15.723814 -25.941421 18.779456
v -15.898992 -26.913482 18.860908
v -16.320256 -27.778711 19.097841
v -16.946366 -28.452415 19.467062
v -17.716047 -28.868643 19.932436
v -18.553952 -28.986658 20.448405
v -19.378044 -28.794903 20.964453
v -20.107687 -28.312151 21.430084
v -20.671435 -27.585657 21.799707
v -21.014105 -26.686533 22.037138
v -21.102167 -25.702793 22.119144
v -20.926989 -24.730734 22.037693
v -20.505725 -23.865503 21.800759
v -19.883356 -22.882044 21.829782
v -19.020752 -22.415561 21.308225
v -18.081696 -22.283298 20.729969
v -17.158102 -22.498207 20.151612
v -16.340379 -23.039242 19.629771
v -15.708582 -23.853445 19.215532
v -15.324529 -24.861120 18.949429
v -15.225836 -25.963627 18.857521
v -15.422167 -27.053045 18.948809
v -15.894280 -28.022732 19.214342
v -16.595998 -28.777773 19.628148
v -17.458601 -29.244253 20.149706
v -18.397656 -29.376512 20.727963
v -19.321251 -29.161609 21.306319
v -20.138973 -28.620573 21.828160
v -20.770784 -27.806370 22.242407
v -21.154824 -26.798696 22.508502
v -21.253517 -25.696188 22.600410
v -21.057173 -24.606771 22.509114
v -20.585059 -23.637083 22.243582
v -19.753927 -22.642175 22.359481
v -18.817583 -22.135814 21.793338
v -17.798244 -21.992244 21.165645
v -16.795695 -22.225523 20.537847
v -15.908058 -22.812811 19.971389
v -15.222239 -23.696623 19.521731
v -14.805371 -24.790447 19.232888
v -14.698242 -25.987205 19.133126
v -14.911352 -27.169760 19.232214
v -15.423838 -28.222345 19.520454
v -16.185531 -29.041935 19.969628
v -17.121874 -29.548296 20.535771
v -18.141226 -29.691866 21.163473
v -19.143775 -29.458585 21.791271
v -20.031399 -28.871300 22.357721
v -20.717218 -27.987486 22.807378
v -21.134100 -26.893667 23.096230
v -21.241227 -25.696903 23.195993
v -21.028118 -24.514351 23.096905
v -20.515632 -23.461765 22.808664
v -19.503998 -22.495678 22.968781
v -18.520305 -21.963712 22.374009
v -17.449423 -21.812883 21.714575
v -16.396179 -22.057956 21.055032
v -15.463672 -22.674942 20.459939
v -14.743170 -23.603445 19.987543
v -14.305215 -24.752577 19.684089
v -14.192669 -26.009853 19.579281
v -14.416563 -27.252203 19.683385
v -14.954953 -28.358013 19.986195
v -15.755178 -29.219043 20.458093
v -16.738859 -29.751011 21.052856
v -17.809741 -29.901840 21.712290
v -18.862985 -29.656767 22.371833
v -19.795505 -29.039779 22.966934
v -20.516006 -28.111278 23.439331
v -20.953962 -26.962145 23.742783
v -21.066495 -25.704870 23.847585
v -20.842613 -24.462522 23.743488
v -20.304210 -23.356710 23.440670
v -19.158040 -22.456892 23.598043
v -18.158038 -21.916103 22.993409
v -17.069395 -21.762773 22.323038
v -15.998678 -22.011911 21.652554
v -15.050695 -22.639129 21.047586
v -14.318234 -23.583030 20.567347
v -13.873019 -24.751222 20.258864
v -13.758606 -26.029348 20.152317
v -13.986208 -27.292301 20.258145
v -14.533543 -28.416454 20.565985
v -15.347020 -29.291763 21.045698
v -16.347023 -29.832554 21.650331
v -17.435666 -29.985885 22.320702
v -18.506383 -29.736746 22.991186
v -19.454365 -29.109527 23.596155
v -20.186827 -28.165626 24.076393
v -20.632041 -26.997436 24.384875
v -20.746455 -25.719311 24.491423
v -20.518853 -24.456356 24.385596
v -19.971517 -23.332203 24.077755
v -18.749896 -22.529613 24.185653
v -17.766203 -21.997648 23.590882
v -16.695321 -21.846819 22.931448
v -15.642077 -22.091892 22.271905
v -14.709556 -22.708877 21.676804
v -13.989055 -23.637380 21.204408
v -13.551100 -24.786512 20.900955
v -13.438567 -26.043789 20.796153
v -13.662448 -27.286138 20.900251
v -14.200851 -28.391948 21.203068
v -15.001064 -29.252981 21.674957
v -15.984756 -29.784946 22.269730
v -17.055639 -29.935776 22.929163
v -18.108883 -29.690702 23.588706
v -19.041390 -29.073715 24.183799
v -19.761891 -28.145214 24.656196
v -20.199846 -26.996082 24.959649
v -20.312393 -25.738806 25.064457
v -20.088498 -24.496458 24.960353
v -19.550108 -23.390646 24.657544
v -18.319531 -22.706726 24.674110
v -17.383187 -22.200363 24.107967
v -16.363835 -22.056793 23.480265
v -15.361287 -22.290073 22.852467
v -14.473662 -22.877361 22.286017
v -13.787843 -23.761169 21.836360
v -13.370962 -24.854995 21.547508
v -13.263834 -26.051754 21.447745
v -13.476944 -27.234310 21.546833
v -13.989429 -28.286896 21.835075
v -14.751135 -29.106483 22.284257
v -15.687478 -29.612842 22.850400
v -16.706818 -29.756412 23.478094
v -17.709366 -29.523132 24.105891
v -18.597004 -28.935848 24.672350
v -19.282823 -28.052036 25.122007
v -19.699691 -26.958214 25.410851
v -19.806819 -25.761451 25.510612
v -19.593710 -24.578899 25.411525
v -19.081224 -23.526314 25.123284
v -17.909065 -22.970886 25.015590
v -17.046461 -22.504406 24.494033
v -16.107406 -22.372141 23.915776
v -15.183824 -22.587049 23.337427
v -14.366088 -23.128082 22.815578
v -13.734291 -23.942289 22.401339
v -13.350238 -24.949964 22.135236
v -13.251545 -26.052471 22.043327
v -13.447876 -27.141889 22.134616
v -13.920015 -28.111576 22.400164
v -14.621706 -28.866615 22.813956
v -15.484310 -29.333097 23.335513
v -16.423365 -29.465358 23.913769
v -17.346960 -29.250452 24.492126
v -18.164682 -28.709417 25.013967
v -18.796493 -27.895214 25.428213
v -19.180533 -26.887539 25.694310
v -19.279226 -25.785032 25.786217
v -19.082894 -24.695614 25.694930
v -18.610781 -23.725927 25.429397
v -17.558694 -23.296243 25.176679
v -16.789013 -22.880012 24.711305
v -15.951108 -22.761999 24.195335
v -15.127016 -22.953754 23.679288
v -14.397374 -23.436506 23.213656
v -13.833625 -24.163000 22.844034
v -13.490955 -25.062124 22.606602
v -13.402894 -26.045864 22.524596
v -13.578072 -27.017925 22.606048
v -13.999348 -27.883154 22.842989
v -14.625458 -28.556858 23.212211
v -15.395127 -28.973085 23.677576
v -16.233031 -29.091100 24.193546
v -17.057136 -28.899343 24.709601
v -17.786766 -28.416593 25.175225
v -18.350514 -27.690098 25.544847
v -18.693185 -26.790975 25.782278
v -18.781246 -25.807235 25.864284
v -18.606068 -24.835174 25.782833
v -18.184804 -23.969946 25.545899
v -17.302692 -23.650945 25.141587
v -16.636028 -23.290418 24.738501
v -15.910253 -23.188198 24.291579
v -15.196450 -23.354292 23.844596
v -14.564458 -23.772438 23.441280
v -14.076163 -24.401706 23.121129
v -13.779345 -25.180500 22.915468
v -13.703078 -26.032583 22.844443
v -13.854817 -26.874553 22.914997
v -14.219693 -27.623987 23.120216
v -14.762021 -28.207527 23.440029
v -15.428685 -28.568054 23.843115
v -16.154447 -28.670273 24.290029
v -16.868262 -28.504183 24.737021
v -17.500242 -28.086036 25.140329
v -17.988550 -27.456770 25.460487
v -18.285355 -26.677976 25.666140
v -18.361635 -25.825889 25.737175
v -18.209909 -24.983923 25.666627
v -17.845019 -24.234487 25.461401
v -17.166131 -24.000273 24.913768
v -16.602471 -23.695453 24.572961
v -15.988838 -23.609028 24.195095
v -15.385325 -23.749456 23.817174
v -14.850982 -24.102995 23.476176
v -14.438127 -24.635034 23.205488
v -14.187175 -25.293499 23.031606
v -14.122689 -26.013927 22.971553
v -14.250976 -26.725807 23.031201
v -14.559492 -27.359445 23.204723
v -15.018022 -27.852825 23.475120
v -15.581682 -28.157646 23.815927
v -16.195302 -28.244072 24.193785
v -16.798828 -28.103643 24.571714
v -17.333171 -27.750105 24.912712
v -17.746025 -27.218065 25.183401
v -17.996965 -26.559602 25.357274
v -18.061464 -25.839172 25.417336
v -17.933164 -25.127296 25.357679
v -17.624661 -24.493652 25.184166
v -17.162391 -24.310032 24.515521
v -16.691640 -24.055462 24.230890
v -16.179171 -23.983284 23.915320
v -15.675148 -24.100565 23.599700
v -15.228898 -24.395818 23.314918
v -14.884106 -24.840149 23.088856
v -14.674522 -25.390060 22.943638
v -14.620669 -25.991726 22.893486
v -14.727802 -26.586244 22.943298
v -14.985456 -27.115425 23.088212
v -15.368393 -27.527469 23.314031
v -15.839130 -27.782037 23.598655
v -16.351600 -27.854215 23.914226
v -16.855622 -27.736938 24.229846
v -17.301873 -27.441683 24.514626
v -17.646664 -26.997352 24.740691
v -17.856248 -26.447441 24.885907
v -17.910115 -25.845777 24.936068
v -17.802968 -25.251257 24.886248
v -17.545314 -24.722076 24.741334
v -17.291807 -24.549900 23.985815
v -16.894809 -24.335212 23.745778
v -16.462623 -24.274341 23.479644
v -16.037554 -24.373245 23.213465
v -15.661207 -24.622249 22.973294
v -15.370435 -24.996971 22.782649
v -15.193681 -25.460735 22.660179
v -15.148262 -25.968147 22.617882
v -15.238617 -26.469528 22.659894
v -15.455911 -26.915813 22.782107
v -15.778859 -27.263305 22.972552
v -16.175844 -27.477997 23.212581
v -16.608043 -27.538868 23.478723
v -17.033098 -27.439960 23.744894
v -17.409446 -27.190960 23.985065
v -17.700230 -26.816234 24.175718
v -17.876972 -26.352470 24.298180
v -17.922391 -25.845062 24.340477
v -17.832036 -25.343677 24.298465
v -17.614755 -24.897392 24.176259
v -17.661129 -25.141521 22.595519
v -17.446699 -25.025558 22.465868
v -17.923696 -25.094738 22.217516
v -17.698754 -24.973100 22.081508
v -17.213266 -24.992679 22.322125
v -17.453888 -24.938612 21.930724
v -16.983661 -25.046102 22.178346
v -17.213045 -24.994650 21.779907
v -16.780385 -25.180597 22.048622
v -16.999838 -25.135729 21.643846
v -16.623326 -25.383001 21.945646
v -16.835095 -25.348037 21.535830
v -16.527853 -25.633497 21.879494
v -16.734949 -25.610794 21.466442
v -16.503322 -25.907570 21.856648
v -16.709211 -25.898281 21.442475
v -16.552123 -26.178386 21.879339
v -16.760409 -26.182354 21.466280
v -16.669489 -26.419443 21.945350
v -16.883512 -26.435205 21.535518
v -16.843933 -26.607137 22.048219
v -17.066488 -26.632086 21.643418
v -17.058362 -26.723100 22.177871
v -17.291430 -26.753725 21.779426
v -17.291807 -26.755977 22.321623
v -17.536295 -26.788212 21.930211
v -17.521400 -26.702556 22.465394
v -17.777126 -26.732176 22.081020
v -17.724676 -26.568060 22.595117
v -17.990346 -26.591097 22.217089
v -17.881735 -26.365658 22.698093
v -18.155089 -26.378788 22.325104
v -17.977221 -26.115160 22.764254
v -18.255221 -26.116029 22.394485
v -18.001739 -25.841087 22.787090
v -18.280960 -25.828544 22.418452
v -17.952938 -25.570270 22.764400
v -18.229788 -25.544471 22.394662
v -17.835572 -25.329216 22.698389
v -18.106659 -25.291620 22.325409
v -18.200544 -24.980804 21.903289
v -17.945163 -24.842695 21.748878
v -17.667139 -24.803535 21.577675
v -17.393692 -24.867162 21.406442
v -17.151593 -25.027345 21.251942
v -16.964536 -25.268404 21.129299
v -16.850827 -25.566740 21.050513
v -16.821606 -25.893158 21.023301
v -16.879730 -26.215696 21.050326
v -17.019524 -26.502788 21.128953
v -17.227255 -26.726328 21.251452
v -17.482649 -26.864439 21.405872
v -17.760673 -26.903597 21.577074
v -18.034120 -26.839969 21.748308
v -18.276220 -26.679788 21.902806
v -18.463276 -26.438730 22.025451
v -18.576985 -26.140392 22.104237
v -18.606206 -25.813976 22.131449
v -18.548083 -25.491438 22.104423
v -18.408287 -25.204345 22.025798
v -17.277794 -25.022331 23.392277
v -17.022412 -24.884220 23.237867
v -17.438586 -25.116567 23.000329
v -17.213645 -24.994930 22.864321
v -16.744388 -24.845062 23.066664
v -16.968766 -24.960441 22.713528
v -16.470941 -24.908687 22.895431
v -16.727948 -25.016481 22.562728
v -16.228842 -25.068870 22.740932
v -16.514715 -25.157558 22.426651
v -16.041786 -25.309929 22.618287
v -16.349984 -25.369867 22.318644
v -15.928077 -25.608265 22.539501
v -16.249840 -25.632625 22.249254
v -15.898855 -25.934681 22.512290
v -16.224101 -25.920110 22.225288
v -15.956979 -26.257221 22.539314
v -16.275286 -26.204183 22.249085
v -16.096774 -26.544311 22.617941
v -16.398402 -26.457037 22.318331
v -16.304518 -26.767853 22.740449
v -16.581378 -26.653917 22.426231
v -16.559899 -26.905964 22.894860
v -16.806306 -26.775554 22.562232
v -16.837923 -26.945122 23.066063
v -17.051172 -26.810043 22.713017
v -17.111370 -26.881492 23.237296
v -17.292003 -26.754005 22.863825
v -17.353470 -26.721313 23.391794
v -17.505223 -26.612926 22.999894
v -17.540526 -26.480255 23.514439
v -17.669967 -26.400617 23.107908
v -17.654235 -26.181915 23.593225
v -17.770112 -26.137859 23.177297
v -17.683456 -25.855503 23.620438
v -17.795850 -25.850374 23.201264
v -17.625333 -25.532963 23.593412
v -17.744665 -25.566303 23.177467
v -17.485537 -25.245872 23.514785
v -17.621549 -25.313452 23.108222
vt 6.083531 0.898153
vt 6.086282 0.898043
vt 6.086739 0.902491
vt 6.083875 0.902841
vt 6.083458 0.893464
vt 6.086353 0.893593
vt 6.089004 0.897916
vt 6.089579 0.902049
vt 6.087683 0.906630
vt 6.084439 0.907229
vt 6.080769 0.898255
vt 6.080981 0.903031
vt 6.083694 0.889053
vt 6.086947 0.889496
vt 6.089193 0.893776
vt 6.080557 0.893479
vt 6.090631 0.905522
vt 6.090855 0.913367
vt 6.086120 0.914648
vt 6.081151 0.907536
vt 6.078008 0.898356
vt 6.078080 0.903045
vt 6.085062 0.881708
vt 6.089823 0.882756
vt 6.089907 0.890430
vt 6.080387 0.888973
vt 6.077663 0.893668
vt 6.093012 0.918624
vt 6.087331 0.920396
vt 6.081297 0.915160
vt 6.077844 0.907457
vt 6.075257 0.898467
vt 6.075185 0.902916
vt 6.086085 0.875924
vt 6.091813 0.877522
vt 6.080241 0.881350
vt 6.077099 0.889281
vt 6.074799 0.894019
vt 6.095268 0.910972
vt 6.098359 0.916039
vt 6.095098 0.923113
vt 6.088364 0.925265
vt 6.081398 0.921053
vt 6.076476 0.914801
vt 6.074591 0.907013
vt 6.072535 0.898593
vt 6.072345 0.902734
vt 6.087038 0.871067
vt 6.093776 0.873034
vt 6.097225 0.879959
vt 6.094308 0.885020
vt 6.080140 0.875456
vt 6.075418 0.881862
vt 6.073855 0.889879
vt 6.071959 0.894461
vt 6.081432 0.926017
vt 6.075452 0.920586
vt 6.071716 0.913754
vt 6.071631 0.906080
vt 6.080106 0.870492
vt 6.074207 0.876113
vt 6.070683 0.883143
vt 6.070909 0.890988
vt 6.074501 0.925442
vt 6.069725 0.918988
vt 6.073174 0.871244
vt 6.068526 0.877885
vt 6.067761 0.923476
vt 6.067230 0.911490
vt 6.064313 0.916550
vt 6.066440 0.873396
vt 6.063179 0.880471
vt 6.066270 0.885538
vt 6.154175 0.898317
vt 6.151424 0.898387
vt 6.151034 0.893937
vt 6.153900 0.893629
vt 6.154179 0.903002
vt 6.151289 0.902831
vt 6.148704 0.898474
vt 6.148190 0.894337
vt 6.150151 0.889788
vt 6.153400 0.889238
vt 6.156936 0.898256
vt 6.156794 0.893482
vt 6.153879 0.907406
vt 6.150636 0.906915
vt 6.148454 0.902607
vt 6.157078 0.903030
vt 6.147191 0.890852
vt 6.147080 0.883012
vt 6.151830 0.881802
vt 6.156689 0.888978
vt 6.159696 0.898195
vt 6.159691 0.893510
vt 6.152406 0.914722
vt 6.147665 0.913607
vt 6.147693 0.905939
vt 6.157182 0.907533
vt 6.159970 0.902883
vt 6.145002 0.877729
vt 6.150704 0.876042
vt 6.156654 0.881360
vt 6.159992 0.889106
vt 6.162445 0.898124
vt 6.162581 0.893681
vt 6.151298 0.920486
vt 6.145600 0.918806
vt 6.157216 0.915151
vt 6.160470 0.907274
vt 6.162837 0.902575
vt 6.142636 0.885340
vt 6.139624 0.880234
vt 6.142983 0.873214
vt 6.149743 0.871162
vt 6.156640 0.875472
vt 6.161465 0.881789
vt 6.163503 0.889924
vt 6.165166 0.898038
vt 6.165416 0.893904
vt 6.150276 0.925323
vt 6.143573 0.923261
vt 6.140228 0.916292
vt 6.143217 0.911279
vt 6.157230 0.921040
vt 6.162042 0.914710
vt 6.163720 0.906724
vt 6.165681 0.902175
vt 6.156678 0.870513
vt 6.162573 0.876026
vt 6.166193 0.883126
vt 6.166507 0.890784
vt 6.157193 0.925999
vt 6.163167 0.920470
vt 6.166790 0.913500
vt 6.166680 0.905659
vt 6.163594 0.871188
vt 6.168271 0.877705
vt 6.164128 0.925349
vt 6.168868 0.918783
vt 6.170298 0.873251
vt 6.170734 0.885274
vt 6.173643 0.880220
vt 6.170887 0.923298
vt 6.174247 0.916278
vt 6.171235 0.911172
vt 6.712308 0.902653
vt 6.712722 0.914079
vt 6.706779 0.914622
vt 6.706619 0.902892
vt 6.717195 0.902326
vt 6.717764 0.912809
vt 6.713159 0.925500
vt 6.707158 0.926545
vt 6.700099 0.914969
vt 6.700188 0.902972
vt 6.712380 0.891345
vt 6.706715 0.891225
vt 6.717233 0.891426
vt 6.700084 0.927260
vt 6.693005 0.914940
vt 6.693355 0.902861
vt 6.700349 0.891062
vt 6.712734 0.880118
vt 6.707058 0.879619
vt 6.717553 0.880619
vt 6.692429 0.927305
vt 6.685934 0.914486
vt 6.686530 0.902562
vt 6.693589 0.890872
vt 6.700648 0.879181
vt 6.713702 0.868973
vt 6.707858 0.868040
vt 6.718575 0.870407
vt 6.684838 0.926588
vt 6.679320 0.913704
vt 6.680120 0.902125
vt 6.686830 0.890682
vt 6.693824 0.878882
vt 6.701244 0.867258
vt 6.715039 0.857938
vt 6.709246 0.856454
vt 6.677932 0.925290
vt 6.673476 0.912771
vt 6.674444 0.901626
vt 6.680463 0.890519
vt 6.686990 0.878772
vt 6.694174 0.866804
vt 6.702340 0.855155
vt 6.672139 0.923806
vt 6.668603 0.911337
vt 6.669626 0.901125
vt 6.674798 0.890398
vt 6.680559 0.878852
vt 6.687079 0.866774
vt 6.694750 0.854439
vt 6.669946 0.890318
vt 6.674870 0.879090
vt 6.680398 0.867122
vt 6.687095 0.854484
vt 6.669984 0.879417
vt 6.674456 0.867664
vt 6.680021 0.855199
vt 6.669414 0.868935
vt 6.674019 0.856244
vt 6.569440 0.924046
vt 6.569880 0.912869
vt 6.575573 0.913099
vt 6.575321 0.924702
vt 6.564506 0.922845
vt 6.565043 0.912596
vt 6.569702 0.901638
vt 6.575366 0.901491
vt 6.581996 0.913232
vt 6.581964 0.925170
vt 6.568628 0.935132
vt 6.574484 0.936340
vt 6.564852 0.901787
vt 6.569238 0.890340
vt 6.574910 0.889833
vt 6.581732 0.901352
vt 6.588826 0.913208
vt 6.589048 0.925288
vt 6.581443 0.937309
vt 6.564374 0.890898
vt 6.568284 0.878948
vt 6.574193 0.878125
vt 6.581329 0.889449
vt 6.588493 0.901222
vt 6.595656 0.912994
vt 6.596136 0.924982
vt 6.589058 0.937666
vt 6.563309 0.880456
vt 6.567307 0.867561
vt 6.573252 0.866234
vt 6.580851 0.877461
vt 6.588160 0.889235
vt 6.595253 0.901091
vt 6.602076 0.912610
vt 6.602792 0.924318
vt 6.596703 0.937258
vt 6.580284 0.865185
vt 6.587937 0.877155
vt 6.594990 0.889211
vt 6.601620 0.900953
vt 6.607748 0.912103
vt 6.608702 0.923495
vt 6.603734 0.936209
vt 6.587927 0.864777
vt 6.595021 0.877273
vt 6.601413 0.889344
vt 6.607284 0.900805
vt 6.612612 0.911545
vt 6.613677 0.921988
vt 6.609678 0.934882
vt 6.595542 0.865134
vt 6.601665 0.877741
vt 6.607105 0.889574
vt 6.612134 0.900656
vt 6.602501 0.866103
vt 6.607546 0.878397
vt 6.611942 0.889847
vt 6.608358 0.867311
vt 6.612480 0.879598
vt 6.227313 0.898550
vt 6.230003 0.898560
vt 6.230267 0.902827
vt 6.227456 0.903118
vt 6.227474 0.893982
vt 6.230295 0.894294
vt 6.231094 0.906710
vt 6.227917 0.907399
vt 6.224623 0.898539
vt 6.224614 0.903211
vt 6.227950 0.889703
vt 6.231130 0.890424
vt 6.224631 0.893867
vt 6.234113 0.913477
vt 6.229343 0.914795
vt 6.224609 0.907613
vt 6.221933 0.898529
vt 6.221771 0.903096
vt 6.229556 0.882450
vt 6.234246 0.883902
vt 6.224637 0.889465
vt 6.221790 0.893961
vt 6.236089 0.918915
vt 6.230370 0.920536
vt 6.224502 0.915163
vt 6.221296 0.907376
vt 6.219242 0.898519
vt 6.218951 0.902784
vt 6.230761 0.876736
vt 6.236423 0.878549
vt 6.224743 0.881916
vt 6.221329 0.889680
vt 6.218978 0.894251
vt 6.238037 0.923444
vt 6.231257 0.925410
vt 6.224416 0.921014
vt 6.219690 0.914629
vt 6.218116 0.906655
vt 6.231865 0.871934
vt 6.238524 0.874139
vt 6.224829 0.876064
vt 6.219902 0.882284
vt 6.218152 0.890369
vt 6.224299 0.925954
vt 6.218485 0.920342
vt 6.214998 0.913177
vt 6.224946 0.871124
vt 6.218876 0.876543
vt 6.215132 0.883601
vt 6.217381 0.925145
vt 6.212823 0.918530
vt 6.217989 0.871669
vt 6.213156 0.878163
vt 6.210721 0.922940
vt 6.211209 0.873635
vt 6.283533 0.899733
vt 6.280845 0.899741
vt 6.280552 0.895480
vt 6.283359 0.895170
vt 6.283403 0.904296
vt 6.280584 0.904004
vt 6.279699 0.891607
vt 6.282869 0.890897
vt 6.286221 0.899725
vt 6.286197 0.895057
vt 6.282958 0.908575
vt 6.279775 0.907877
vt 6.286243 0.904392
vt 6.276637 0.884868
vt 6.281393 0.883519
vt 6.286171 0.890660
vt 6.288907 0.899717
vt 6.289038 0.895153
vt 6.281404 0.915831
vt 6.276708 0.914413
vt 6.286269 0.908789
vt 6.289082 0.904279
vt 6.274626 0.879449
vt 6.280329 0.877791
vt 6.286227 0.883118
vt 6.289483 0.890875
vt 6.291596 0.899708
vt 6.291857 0.895445
vt 6.280239 0.921547
vt 6.274570 0.919775
vt 6.286214 0.916331
vt 6.289571 0.908552
vt 6.291888 0.903969
vt 6.272649 0.874939
vt 6.279408 0.872928
vt 6.286273 0.877272
vt 6.291037 0.883618
vt 6.292666 0.891573
vt 6.279169 0.926352
vt 6.272502 0.924195
vt 6.286168 0.922177
vt 6.291048 0.915931
vt 6.292741 0.907842
vt 6.286355 0.872336
vt 6.292202 0.877902
vt 6.295733 0.885037
vt 6.286086 0.927113
vt 6.292111 0.921659
vt 6.295804 0.914582
vt 6.293272 0.873097
vt 6.297870 0.879674
vt 6.293033 0.926522
vt 6.297815 0.920000
vt 6.299939 0.875255
vt 6.299792 0.924510
vt 6.459080 0.892188
vt 6.458334 0.881200
vt 6.464437 0.880154
vt 6.464845 0.891919
vt 6.454172 0.892495
vt 6.453367 0.882414
vt 6.471505 0.879590
vt 6.471349 0.891860
vt 6.458804 0.903273
vt 6.464471 0.903586
vt 6.453950 0.903025
vt 6.479081 0.879727
vt 6.478258 0.892124
vt 6.470829 0.903958
vt 6.457908 0.914263
vt 6.463573 0.915177
vt 6.453104 0.913439
vt 6.486580 0.880606
vt 6.485139 0.892720
vt 6.477571 0.904366
vt 6.470004 0.916013
vt 6.455870 0.924897
vt 6.461701 0.926659
vt 6.451161 0.923171
vt 6.493442 0.882074
vt 6.491570 0.893556
vt 6.484313 0.904775
vt 6.476885 0.916609
vt 6.468563 0.928127
vt 6.499274 0.883836
vt 6.497235 0.894470
vt 6.490672 0.905147
vt 6.483794 0.916873
vt 6.476062 0.929006
vt 6.503982 0.885562
vt 6.502039 0.895294
vt 6.496339 0.905460
vt 6.490299 0.916814
vt 6.483638 0.929143
vt 6.501193 0.905707
vt 6.496063 0.916545
vt 6.490707 0.928579
vt 6.500971 0.916238
vt 6.496809 0.927533
vt 6.501776 0.926319
vt 6.386236 0.915924
vt 6.386907 0.927677
vt 6.379853 0.928398
vt 6.379735 0.916128
vt 6.391993 0.915527
vt 6.392983 0.926495
vt 6.372275 0.928430
vt 6.372823 0.916019
vt 6.386350 0.904253
vt 6.379986 0.904022
vt 6.396893 0.915111
vt 6.397922 0.925171
vt 6.392022 0.904439
vt 6.364760 0.927718
vt 6.365931 0.915575
vt 6.373236 0.903764
vt 6.386990 0.892645
vt 6.380542 0.891952
vt 6.396881 0.904579
vt 6.392674 0.893432
vt 6.357867 0.926403
vt 6.359483 0.914883
vt 6.366487 0.903506
vt 6.373650 0.891510
vt 6.388605 0.881125
vt 6.381712 0.879810
vt 6.397494 0.894149
vt 6.394475 0.882756
vt 6.351997 0.924772
vt 6.353798 0.914095
vt 6.360123 0.903275
vt 6.366737 0.891400
vt 6.374197 0.879098
vt 6.399220 0.884377
vt 6.347252 0.923151
vt 6.348978 0.913379
vt 6.354450 0.903089
vt 6.360236 0.891604
vt 6.366620 0.879129
vt 6.349591 0.902949
vt 6.354479 0.892001
vt 6.359566 0.879851
vt 6.349580 0.892417
vt 6.353489 0.881033
vt 6.348551 0.882357
vt 6.822628 0.906601
vt 6.826278 0.902913
vt 6.829662 0.905638
vt 6.824259 0.910336
vt 6.832814 0.908150
vt 6.826259 0.913811
vt 6.832619 0.898996
vt 6.836567 0.900280
vt 6.836072 0.910743
vt 6.828478 0.917407
vt 6.816469 0.911833
vt 6.817584 0.916224
vt 6.833318 0.891839
vt 6.837514 0.891795
vt 6.840577 0.901556
vt 6.839686 0.913982
vt 6.831350 0.921360
vt 6.818585 0.920408
vt 6.809100 0.913284
vt 6.809130 0.917485
vt 6.831853 0.884477
vt 6.836243 0.883364
vt 6.841738 0.891849
vt 6.809062 0.921709
vt 6.801938 0.912571
vt 6.800636 0.916515
vt 6.830372 0.876694
vt 6.833853 0.874706
vt 6.840427 0.882363
vt 6.799342 0.920519
vt 6.795304 0.909596
vt 6.792777 0.912738
vt 6.825691 0.871281
vt 6.828217 0.868139
vt 6.837457 0.872501
vt 6.790169 0.915987
vt 6.790623 0.904183
vt 6.787141 0.906170
vt 6.826628 0.878306
vt 6.822950 0.874652
vt 6.819057 0.868306
vt 6.820358 0.864362
vt 6.830825 0.864890
vt 6.783538 0.908375
vt 6.794366 0.902570
vt 6.798043 0.906225
vt 6.789141 0.896399
vt 6.784751 0.897512
vt 6.811894 0.867593
vt 6.811865 0.863392
vt 6.821652 0.860358
vt 6.834080 0.861288
vt 6.841422 0.869647
vt 6.786914 0.919588
vt 6.779572 0.911229
vt 6.780567 0.898513
vt 6.787677 0.889037
vt 6.783480 0.889081
vt 6.804525 0.869044
vt 6.803411 0.864653
vt 6.811933 0.859168
vt 6.779257 0.889027
vt 6.788375 0.881880
vt 6.784427 0.880596
vt 6.796736 0.870541
vt 6.794736 0.867066
vt 6.802410 0.860469
vt 6.780417 0.879320
vt 6.791333 0.875239
vt 6.788181 0.872726
vt 6.792517 0.863469
vt 6.784922 0.870133
vt 6.798366 0.874275
vt 6.794717 0.877963
vt 6.781308 0.866894
vt 6.789645 0.859516
vt 6.919689 0.919573
vt 6.911693 0.911959
vt 6.915391 0.908743
vt 6.922573 0.915674
vt 6.918731 0.906086
vt 6.924887 0.912201
vt 6.910922 0.899691
vt 6.914895 0.898125
vt 6.922059 0.903550
vt 6.927168 0.908852
vt 6.931828 0.919644
vt 6.932839 0.915540
vt 6.908498 0.890233
vt 6.912702 0.889781
vt 6.918956 0.896504
vt 6.925965 0.901015
vt 6.929667 0.905111
vt 6.933853 0.911469
vt 6.941634 0.920498
vt 6.941381 0.916256
vt 6.908780 0.880198
vt 6.912905 0.881073
vt 6.916877 0.889296
vt 6.941137 0.911990
vt 6.951328 0.918613
vt 6.949812 0.914645
vt 6.912620 0.870353
vt 6.916067 0.872710
vt 6.916974 0.881985
vt 6.948324 0.910678
vt 6.960045 0.913723
vt 6.957318 0.910502
vt 6.919841 0.863000
vt 6.922268 0.866441
vt 6.919418 0.874984
vt 6.954666 0.907350
vt 6.966327 0.906262
vt 6.962741 0.904009
vt 6.908803 0.867340
vt 6.916696 0.859270
vt 6.929842 0.859235
vt 6.930926 0.863387
vt 6.924489 0.869777
vt 6.959166 0.901731
vt 6.970396 0.908951
vt 6.963397 0.917269
vt 6.970133 0.897377
vt 6.966030 0.896278
vt 6.939554 0.857872
vt 6.939445 0.862107
vt 6.932187 0.867654
vt 6.926430 0.873385
vt 6.923042 0.877437
vt 6.951740 0.903773
vt 6.955068 0.899118
vt 6.961919 0.895122
vt 6.971301 0.887893
vt 6.967061 0.888034
vt 6.949175 0.859134
vt 6.947865 0.863158
vt 6.939459 0.866329
vt 6.962835 0.888167
vt 6.969572 0.878480
vt 6.965565 0.879875
vt 6.958075 0.863194
vt 6.955603 0.866636
vt 6.946589 0.867176
vt 6.961572 0.881296
vt 6.965036 0.869926
vt 6.961659 0.872456
vt 6.953201 0.870034
vt 6.958313 0.874970
vt 6.961082 0.859337
vt 6.968834 0.866882
vt 6.954505 0.877785
vt 6.950569 0.873780
vn 0.220019 -0.961753 -0.163165
vn 0.462999 -0.830353 -0.310075
vn 0.351328 -0.809764 -0.469947
vn 0.113017 -0.938639 -0.325859
vn -0.044497 -0.999010 -0.000286
vn -0.146409 -0.975179 -0.166101
vn -0.304657 -0.938476 0.162625
vn -0.401572 -0.915806 -0.006318
vn -0.535004 -0.786068 0.309625
vn -0.627493 -0.766321 0.137856
vn -0.712969 -0.556722 0.426305
vn -0.802023 -0.541397 0.252287
vn -0.821138 -0.272910 0.501250
vn -0.908117 -0.263025 0.325794
vn -0.848941 0.037662 0.527144
vn -0.935384 0.041558 0.351182
vn -0.793642 0.344517 0.501438
vn -0.881143 0.342539 0.325967
vn -0.660647 0.617679 0.426635
vn -0.750711 0.610426 0.252612
vn -0.462987 0.830360 0.310071
vn -0.556855 0.819017 0.138286
vn -0.220012 0.961755 0.163164
vn -0.318542 0.947891 -0.005804
vn 0.044496 0.999010 0.000283
vn -0.059118 0.984428 -0.165552
vn 0.304657 0.938475 -0.162634
vn 0.196042 0.925052 -0.325339
vn 0.535005 0.786063 -0.309637
vn 0.421951 0.775581 -0.469501
vn 0.712965 0.556722 -0.426312
vn 0.596497 0.550642 -0.583939
vn 0.821140 0.272896 -0.501256
vn 0.702591 0.272259 -0.657451
vn 0.848941 -0.037648 -0.527145
vn 0.729850 -0.032289 -0.682844
vn 0.793641 -0.344519 -0.501438
vn 0.675609 -0.333285 -0.657627
vn 0.660644 -0.617686 -0.426631
vn 0.545177 -0.601188 -0.584256
vn 0.291161 -0.788124 -0.542296
vn 0.058539 -0.913921 -0.401648
vn -0.194693 -0.949592 -0.245701
vn -0.443773 -0.891636 -0.089728
vn -0.664309 -0.745716 0.051005
vn -0.834676 -0.526161 0.162696
vn -0.938246 -0.254417 0.234449
vn -0.964863 0.042879 0.259232
vn -0.911917 0.336691 0.234620
vn -0.784593 0.598196 0.163020
vn -0.595368 0.801806 0.051417
vn -0.362743 0.927607 -0.089236
vn -0.109499 0.963278 -0.245165
vn 0.139574 0.905324 -0.401134
vn 0.360102 0.759414 -0.541864
vn 0.530480 0.539826 -0.653589
vn 0.634026 0.268073 -0.725360
vn 0.660641 -0.029180 -0.750134
vn 0.607713 -0.322996 -0.725506
vn 0.480398 -0.584508 -0.653888
vn -0.078981 -0.815496 -0.573349
vn 0.130097 -0.702434 -0.699758
vn 0.008950 -0.615140 -0.788367
vn -0.175568 -0.714916 -0.676809
vn -0.306593 -0.847556 -0.433185
vn -0.376434 -0.743207 -0.553119
vn -0.530456 -0.795466 -0.293002
vn -0.573995 -0.697238 -0.429406
vn -0.728651 -0.664335 -0.166516
vn -0.748901 -0.581514 -0.317787
vn -0.881788 -0.466991 -0.066103
vn -0.884050 -0.407349 -0.229179
vn -0.974875 -0.222748 -0.001616
vn -0.966196 -0.191814 -0.172257
vn -0.998797 0.044482 0.020648
vn -0.987307 0.044013 -0.152601
vn -0.951209 0.308544 -0.001470
vn -0.945312 0.277053 -0.172123
vn -0.836771 0.543582 -0.065822
vn -0.844322 0.484476 -0.228920
vn -0.666698 0.726580 -0.166121
vn -0.694230 0.645972 -0.317435
vn -0.457619 0.839646 -0.292541
vn -0.509715 0.745755 -0.428999
vn -0.230008 0.871705 -0.432698
vn -0.308847 0.774049 -0.552687
vn -0.006146 0.819616 -0.572881
vn -0.111290 0.728077 -0.676402
vn 0.192053 0.688483 -0.699361
vn 0.063621 0.612353 -0.788020
vn 0.345189 0.491138 -0.799767
vn 0.198767 0.438193 -0.876629
vn 0.438271 0.246897 -0.864269
vn 0.280915 0.222654 -0.933548
vn 0.462189 -0.020332 -0.886549
vn 0.302026 -0.013180 -0.953209
vn 0.414602 -0.284394 -0.864422
vn 0.260031 -0.246215 -0.933682
vn 0.300169 -0.519439 -0.800051
vn 0.159043 -0.453641 -0.876878
vn -0.264594 -0.349419 -0.898830
vn -0.373047 -0.408064 -0.833258
vn -0.491112 -0.424692 -0.760556
vn -0.607230 -0.397674 -0.687842
vn -0.710037 -0.329654 -0.622235
vn -0.789474 -0.227278 -0.570154
vn -0.837759 -0.100600 -0.536693
vn -0.850166 0.038012 -0.525141
vn -0.825484 0.174990 -0.536614
vn -0.766125 0.296904 -0.570000
vn -0.677903 0.391830 -0.622026
vn -0.569449 0.450480 -0.687601
vn -0.451385 0.467109 -0.760303
vn -0.335266 0.440086 -0.833019
vn -0.232458 0.372066 -0.898627
vn -0.153021 0.269699 -0.950709
vn -0.104734 0.143014 -0.984164
vn -0.092326 0.004396 -0.995719
vn -0.117015 -0.132572 -0.984242
vn -0.176374 -0.254490 -0.950856
vn -0.547403 0.061957 -0.834573
vn -0.536199 0.068014 -0.841347
vn -0.524003 0.069733 -0.848857
vn -0.512009 0.066942 -0.856368
vn -0.501389 0.059915 -0.863145
vn -0.493183 0.049341 -0.868525
vn -0.488197 0.036254 -0.871980
vn -0.486913 0.021935 -0.873175
vn -0.489464 0.007788 -0.871989
vn -0.495596 -0.004805 -0.868540
vn -0.504709 -0.014612 -0.863166
vn -0.515911 -0.020671 -0.856393
vn -0.528107 -0.022387 -0.848883
vn -0.540101 -0.019596 -0.841372
vn -0.550721 -0.012571 -0.834594
vn -0.558927 -0.001997 -0.829214
vn -0.563914 0.011092 -0.825759
vn -0.565196 0.025408 -0.824565
vn -0.562647 0.039555 -0.825751
vn -0.556514 0.052148 -0.829200
vn -0.689163 0.444170 -0.572510
vn -0.565154 0.511234 -0.647488
vn -0.430153 0.530246 -0.730622
vn -0.297375 0.499350 -0.813768
vn -0.179817 0.421571 -0.888788
vn -0.088986 0.304518 -0.948341
vn -0.033778 0.159655 -0.986595
vn -0.019592 0.001154 -0.999807
vn -0.047818 -0.155461 -0.986684
vn -0.115693 -0.294861 -0.948511
vn -0.216568 -0.403409 -0.889022
vn -0.340576 -0.470475 -0.814040
vn -0.475576 -0.489489 -0.730909
vn -0.608353 -0.458591 -0.647766
vn -0.725910 -0.380811 -0.572745
vn -0.816739 -0.263760 -0.513193
vn -0.871948 -0.118897 -0.474942
vn -0.886138 0.039603 -0.461726
vn -0.857917 0.196222 -0.474844
vn -0.790044 0.335623 -0.513018
vn -0.689373 0.667723 -0.280910
vn -0.498265 0.771073 -0.396459
vn -0.290221 0.800372 -0.524573
vn -0.085603 0.752757 -0.652709
vn 0.095558 0.632897 -0.768317
vn 0.235530 0.452515 -0.860091
vn 0.320617 0.229266 -0.919044
vn 0.342483 -0.014990 -0.939404
vn 0.298988 -0.256347 -0.919180
vn 0.194391 -0.471177 -0.860351
vn 0.038927 -0.638451 -0.768678
vn -0.152181 -0.741799 -0.653128
vn -0.360221 -0.771102 -0.525017
vn -0.564840 -0.723491 -0.396884
vn -0.746004 -0.603625 -0.281272
vn -0.885978 -0.423244 -0.189495
vn -0.971060 -0.200003 -0.130543
vn -0.992925 0.044264 -0.110183
vn -0.949428 0.285623 -0.130408
vn -0.844833 0.500447 -0.189236
vn -0.630754 0.774788 -0.043055
vn -0.406721 0.895941 -0.178513
vn -0.162829 0.930292 -0.328698
vn 0.077044 0.874477 -0.478909
vn 0.289422 0.733960 -0.614441
vn 0.453514 0.522496 -0.722027
vn 0.553256 0.260787 -0.791137
vn 0.578890 -0.025556 -0.815005
vn 0.527902 -0.308500 -0.791295
vn 0.405283 -0.560343 -0.722331
vn 0.223038 -0.756438 -0.614862
vn -0.000999 -0.877594 -0.479403
vn -0.244892 -0.911945 -0.329219
vn -0.484766 -0.856130 -0.179008
vn -0.697142 -0.715613 -0.043477
vn -0.861232 -0.504152 0.064109
vn -0.960975 -0.242442 0.133222
vn -0.986607 0.043904 0.157093
vn -0.935617 0.326850 0.133382
vn -0.812998 0.578693 0.064417
vn -0.552616 0.820348 0.147121
vn -0.313852 0.949468 0.002758
vn -0.053922 0.986078 -0.157298
vn 0.201725 0.926594 -0.317382
vn 0.428066 0.776838 -0.461826
vn 0.602944 0.551471 -0.576488
vn 0.709242 0.272555 -0.650146
vn 0.736559 -0.032620 -0.675586
vn 0.682218 -0.334167 -0.650317
vn 0.551539 -0.602568 -0.576816
vn 0.357311 -0.811560 -0.462276
vn 0.118547 -0.940680 -0.317913
vn -0.141380 -0.977289 -0.157854
vn -0.397025 -0.917805 0.002236
vn -0.623366 -0.768050 0.146678
vn -0.798249 -0.542680 0.261335
vn -0.904552 -0.263758 0.334989
vn -0.931867 0.041403 0.360429
vn -0.877523 0.342955 0.335163
vn -0.746839 0.611363 0.261661
vn -0.462995 0.830354 0.310077
vn -0.220019 0.961753 0.163167
vn 0.044499 0.999009 0.000283
vn 0.304658 0.938475 -0.162627
vn 0.534993 0.786078 -0.309621
vn 0.712960 0.556730 -0.426309
vn 0.821139 0.272888 -0.501262
vn 0.848939 -0.037662 -0.527148
vn 0.793637 -0.344534 -0.501435
vn 0.660646 -0.617679 -0.426636
vn 0.462994 -0.830354 -0.310080
vn 0.220018 -0.961752 -0.163170
vn -0.044499 -0.999009 -0.000284
vn -0.304658 -0.938475 0.162628
vn -0.534992 -0.786078 0.309622
vn -0.712959 -0.556730 0.426310
vn -0.821139 -0.272888 0.501262
vn -0.848938 0.037664 0.527148
vn -0.793637 0.344535 0.501435
vn -0.660648 0.617679 0.426635
vn -0.357310 0.811559 0.462278
vn -0.118545 0.940679 0.317914
vn 0.141380 0.977289 0.157853
vn 0.397025 0.917805 -0.002234
vn 0.623365 0.768051 -0.146675
vn 0.798252 0.542677 -0.261334
vn 0.904552 0.263756 -0.334989
vn 0.931867 -0.041399 -0.360429
vn 0.877524 -0.342952 -0.335164
vn 0.746837 -0.611364 -0.261663
vn 0.552612 -0.820350 -0.147124
vn 0.313853 -0.949468 -0.002758
vn 0.053924 -0.986077 0.157302
vn -0.201724 -0.926593 0.317384
vn -0.428065 -0.776839 0.461824
vn -0.602944 -0.551472 0.576487
vn -0.709243 -0.272553 0.650146
vn -0.736559 0.032620 0.675586
vn -0.682218 0.334165 0.650317
vn -0.551539 0.602568 0.576816
vn -0.223034 0.756440 0.614862
vn 0.000999 0.877594 0.479404
vn 0.244892 0.911945 0.329219
vn 0.484766 0.856130 0.179007
vn 0.697140 0.715616 0.043479
vn 0.861235 0.504147 -0.064106
vn 0.960977 0.242438 -0.133220
vn 0.986607 -0.043899 -0.157096
vn 0.935618 -0.326845 -0.133384
vn 0.812998 -0.578692 -0.064415
vn 0.630751 -0.774790 0.043055
vn 0.406720 -0.895942 0.178513
vn 0.162831 -0.930291 0.328701
vn -0.077043 -0.874476 0.478911
vn -0.289422 -0.733962 0.614439
vn -0.453516 -0.522500 0.722023
vn -0.553258 -0.260788 0.791135
vn -0.578890 0.025554 0.815005
vn -0.527902 0.308498 0.791295
vn -0.405282 0.560344 0.722330
vn -0.038929 0.638452 0.768677
vn 0.152178 0.741799 0.653128
vn 0.360223 0.771101 0.525018
vn 0.564840 0.723490 0.396885
vn 0.746002 0.603629 0.281270
vn 0.885979 0.423241 0.189495
vn 0.971061 0.200001 0.130542
vn 0.992926 -0.044258 0.110181
vn 0.949428 -0.285623 0.130410
vn 0.844834 -0.500443 0.189243
vn 0.689376 -0.667720 0.280912
vn 0.498263 -0.771074 0.396458
vn 0.290221 -0.800373 0.524571
vn 0.085604 -0.752757 0.652709
vn -0.095556 -0.632896 0.768318
vn -0.235531 -0.452517 0.860089
vn -0.320618 -0.229270 0.919043
vn -0.342484 0.014986 0.939404
vn -0.298988 0.256348 0.919180
vn -0.194392 0.471178 0.860351
vn 0.216565 0.403413 0.889021
vn 0.340574 0.470475 0.814041
vn 0.475577 0.489489 0.730909
vn 0.608355 0.458594 0.647762
vn 0.725910 0.380818 0.572741
vn 0.816743 0.263761 0.513187
vn 0.871952 0.118897 0.474936
vn 0.886138 -0.039599 0.461726
vn 0.857915 -0.196224 0.474846
vn 0.790043 -0.335624 0.513019
vn 0.689165 -0.444168 0.572509
vn 0.565153 -0.511235 0.647488
vn 0.430153 -0.530246 0.730621
vn 0.297376 -0.499348 0.813769
vn 0.179818 -0.421572 0.888787
vn 0.088989 -0.304522 0.948339
vn 0.033779 -0.159657 0.986595
vn 0.019588 -0.001156 0.999807
vn 0.047810 0.155464 0.986684
vn 0.115687 0.294866 0.948510
vn 0.504710 0.014612 0.863165
vn 0.515911 0.020670 0.856393
vn 0.528107 0.022389 0.848882
vn 0.540102 0.019597 0.841371
vn 0.550722 0.012570 0.834594
vn 0.558926 0.001994 0.829215
vn 0.563915 -0.011090 0.825758
vn 0.565196 -0.025410 0.824565
vn 0.562646 -0.039560 0.825751
vn 0.556516 -0.052150 0.829199
vn 0.547401 -0.061955 0.834574
vn 0.536199 -0.068016 0.841347
vn 0.524004 -0.069731 0.848857
vn 0.512009 -0.066941 0.856368
vn 0.501390 -0.059915 0.863145
vn 0.493183 -0.049345 0.868525
vn 0.488199 -0.036255 0.871979
vn 0.486915 -0.021936 0.873174
vn 0.489463 -0.007787 0.871990
vn 0.495596 0.004807 0.868540
vn 0.677902 -0.391828 0.622028
vn 0.569450 -0.450480 0.687601
vn 0.451385 -0.467107 0.760304
vn 0.335266 -0.440085 0.833020
vn 0.232457 -0.372068 0.898626
vn 0.153022 -0.269702 0.950708
vn 0.104737 -0.143008 0.984164
vn 0.092326 -0.004397 0.995719
vn 0.117011 0.132572 0.984242
vn 0.176370 0.254497 0.950855
vn 0.264593 0.349420 0.898831
vn 0.373047 0.408066 0.833257
vn 0.491109 0.424700 0.760554
vn 0.607230 0.397678 0.687840
vn 0.710039 0.329656 0.622232
vn 0.789474 0.227279 0.570153
vn 0.837760 0.100600 0.536692
vn 0.850166 -0.038012 0.525141
vn 0.825482 -0.174991 0.536618
vn 0.766123 -0.296899 0.570005
vn 0.694231 -0.645971 0.317434
vn 0.509711 -0.745760 0.428996
vn 0.308847 -0.774048 0.552688
vn 0.111288 -0.728077 0.676401
vn -0.063623 -0.612351 0.788022
vn -0.198767 -0.438191 0.876630
vn -0.280916 -0.222650 0.933549
vn -0.302030 0.013180 0.953207
vn -0.260032 0.246209 0.933683
vn -0.159043 0.453639 0.876879
vn -0.008951 0.615140 0.788367
vn 0.175564 0.714921 0.676805
vn 0.376430 0.743214 0.553113
vn 0.573992 0.697239 0.429407
vn 0.748899 0.581518 0.317786
vn 0.884052 0.407346 0.229177
vn 0.966198 0.191804 0.172256
vn 0.987307 -0.044022 0.152601
vn 0.945311 -0.277059 0.172122
vn 0.844330 -0.484463 0.228918
vn 0.666699 -0.726577 0.166128
vn 0.457614 -0.839648 0.292542
vn 0.230010 -0.871703 0.432701
vn 0.006146 -0.819615 0.572882
vn -0.192057 -0.688478 0.699366
vn -0.345192 -0.491131 0.799770
vn -0.438277 -0.246898 0.864266
vn -0.462199 0.020332 0.886543
vn -0.414609 0.284385 0.864422
vn -0.300172 0.519430 0.800056
vn -0.130097 0.702434 0.699758
vn 0.078981 0.815500 0.573342
vn 0.306589 0.847560 0.433179
vn 0.530455 0.795467 0.293002
vn 0.728645 0.664341 0.166516
vn 0.881793 0.466980 0.066107
vn 0.974880 0.222726 0.001617
vn 0.998796 -0.044494 -0.020647
vn 0.951209 -0.308543 0.001471
vn 0.836788 -0.543556 0.065825
vn 0.362723 -0.927616 0.089218
vn 0.595360 -0.801810 -0.051446
vn 0.556866 -0.819008 -0.138296
vn 0.318544 -0.947890 0.005801
vn 0.109495 -0.963280 0.245158
vn 0.059116 -0.984427 0.165554
vn -0.139580 -0.905324 0.401131
vn -0.196037 -0.925058 0.325328
vn -0.360101 -0.759408 0.541873
vn -0.421948 -0.775584 0.469498
vn -0.530470 -0.539833 0.653592
vn -0.596491 -0.550650 0.583938
vn -0.634016 -0.268099 0.725359
vn -0.702579 -0.272286 0.657452
vn -0.660632 0.029209 0.750141
vn -0.729846 0.032304 0.682848
vn -0.607698 0.322994 0.725519
vn -0.675615 0.333259 0.657634
vn -0.480380 0.584517 0.653892
vn -0.545178 0.601183 0.584259
vn -0.291156 0.788119 0.542307
vn -0.351324 0.809770 0.469941
vn -0.058533 0.913914 0.401665
vn -0.113016 0.938639 0.325860
vn 0.194703 0.949587 0.245712
vn 0.146408 0.975180 0.166101
vn 0.443784 0.891629 0.089738
vn 0.401566 0.915808 0.006319
vn 0.664304 0.745721 -0.050987
vn 0.627490 0.766325 -0.137850
vn 0.834679 0.526159 -0.162690
vn 0.802023 0.541395 -0.252290
vn 0.938250 0.254404 -0.234447
vn 0.908116 0.263018 -0.325802
vn 0.964861 -0.042892 -0.259238
vn 0.935383 -0.041551 -0.351187
vn 0.911916 -0.336682 -0.234634
vn 0.881153 -0.342509 -0.325970
vn 0.784607 -0.598171 -0.163044
vn 0.750721 -0.610411 -0.252619
vn -0.179453 -0.566978 -0.803948
vn -0.179453 -0.566978 -0.803948
vn -0.179453 -0.566978 -0.803948
vn -0.179453 -0.566978 -0.803948
vn -0.345147 -0.622068 -0.702784
vn -0.345147 -0.622068 -0.702784
vn -0.345147 -0.622068 -0.702784
vn -0.345147 -0.622068 -0.702784
vn -0.516454 -0.614467 -0.596411
vn -0.516454 -0.614467 -0.596411
vn -0.516454 -0.614467 -0.596411
vn -0.516454 -0.614467 -0.596411
vn -0.676591 -0.544953 -0.495228
vn -0.676591 -0.544953 -0.495228
vn -0.676591 -0.544953 -0.495228
vn -0.676591 -0.544953 -0.495228
vn -0.809895 -0.420322 -0.409145
vn -0.809895 -0.420322 -0.409145
vn -0.809895 -0.420322 -0.409145
vn -0.809895 -0.420322 -0.409145
vn -0.903334 -0.252731 -0.346575
vn -0.903335 -0.252731 -0.346575
vn -0.903334 -0.252731 -0.346575
vn -0.903335 -0.252731 -0.346575
vn -0.947726 -0.058721 -0.313637
vn -0.947725 -0.058721 -0.313637
vn -0.947726 -0.058721 -0.313637
vn -0.947726 -0.058721 -0.313637
vn -0.938746 0.142909 -0.313583
vn -0.938745 0.142908 -0.313583
vn -0.938746 0.142909 -0.313583
vn -0.938745 0.142909 -0.313583
vn -0.877270 0.332260 -0.346411
vn -0.877270 0.332260 -0.346411
vn -0.877270 0.332260 -0.346411
vn -0.877270 0.332260 -0.346411
vn -0.769312 0.490896 -0.408876
vn -0.769313 0.490896 -0.408876
vn -0.769313 0.490896 -0.408876
vn -0.769312 0.490896 -0.408876
vn -0.625455 0.603221 -0.494904
vn -0.625455 0.603221 -0.494904
vn -0.625455 0.603221 -0.494904
vn -0.625455 0.603221 -0.494904
vn -0.459758 0.658283 -0.596059
vn -0.459758 0.658283 -0.596059
vn -0.459758 0.658283 -0.596059
vn -0.459758 0.658283 -0.596059
vn -0.288458 0.650682 -0.702428
vn -0.288458 0.650682 -0.702428
vn -0.288458 0.650682 -0.702428
vn -0.288458 0.650682 -0.702428
vn -0.128312 0.581172 -0.803602
vn -0.128312 0.581172 -0.803602
vn -0.128312 0.581172 -0.803602
vn -0.128312 0.581172 -0.803602
vn 0.005002 0.456510 -0.889704
vn 0.005002 0.456510 -0.889704
vn 0.005002 0.456510 -0.889704
vn 0.005002 0.456510 -0.889704
vn 0.098424 0.288973 -0.952264
vn 0.098424 0.288973 -0.952264
vn 0.098424 0.288973 -0.952264
vn 0.098424 0.288973 -0.952264
vn 0.142824 0.094918 -0.985186
vn 0.142824 0.094918 -0.985186
vn 0.142824 0.094918 -0.985186
vn 0.142824 0.094918 -0.985186
vn 0.133848 -0.106664 -0.985245
vn 0.133848 -0.106664 -0.985245
vn 0.133848 -0.106664 -0.985245
vn 0.133848 -0.106664 -0.985245
vn 0.072363 -0.296083 -0.952417
vn 0.072363 -0.296083 -0.952417
vn 0.072363 -0.296083 -0.952417
vn 0.072363 -0.296083 -0.952417
vn -0.035585 -0.454651 -0.889959
vn -0.035585 -0.454651 -0.889959
vn -0.035585 -0.454651 -0.889959
vn -0.035585 -0.454651 -0.889959
vn 0.625453 -0.603224 0.494904
vn 0.625453 -0.603224 0.494904
vn 0.625453 -0.603224 0.494904
vn 0.625453 -0.603224 0.494904
vn 0.459751 -0.658298 0.596047
vn 0.459751 -0.658298 0.596047
vn 0.459751 -0.658298 0.596047
vn 0.459751 -0.658298 0.596047
vn 0.288460 -0.650683 0.702426
vn 0.288460 -0.650683 0.702426
vn 0.288460 -0.650683 0.702426
vn 0.288460 -0.650683 0.702426
vn 0.128310 -0.581172 0.803602
vn 0.128310 -0.581172 0.803602
vn 0.128310 -0.581172 0.803602
vn 0.128310 -0.581172 0.803602
vn -0.004999 -0.456509 0.889705
vn -0.004999 -0.456509 0.889705
vn -0.004999 -0.456509 0.889705
vn -0.004999 -0.456509 0.889705
vn -0.098423 -0.288974 0.952264
vn -0.098423 -0.288974 0.952264
vn -0.098423 -0.288974 0.952264
vn -0.098423 -0.288974 0.952264
vn -0.142824 -0.094918 0.985186
vn -0.142824 -0.094918 0.985186
vn -0.142824 -0.094918 0.985186
vn -0.142824 -0.094918 0.985186
vn -0.133849 0.106664 0.985245
vn -0.133849 0.106664 0.985245
vn -0.133849 0.106664 0.985245
vn -0.133849 0.106664 0.985245
vn -0.072360 0.296104 0.952411
vn -0.072360 0.296104 0.952411
vn -0.072360 0.296104 0.952411
vn -0.072360 0.296104 0.952411
vn 0.035588 0.454635 0.889967
vn 0.035588 0.454635 0.889966
vn 0.035588 0.454635 0.889966
vn 0.035588 0.454635 0.889967
vn 0.179445 0.567009 0.803928
vn 0.179445 0.567009 0.803928
vn 0.179445 0.567009 0.803928
vn 0.179445 0.567009 0.803928
vn 0.345149 0.622070 0.702781
vn 0.345149 0.622070 0.702781
vn 0.345149 0.622070 0.702781
vn 0.345149 0.622070 0.702781
vn 0.516457 0.614467 0.596409
vn 0.516457 0.614467 0.596409
vn 0.516457 0.614467 0.596409
vn 0.516457 0.614467 0.596409
vn 0.676587 0.544956 0.495230
vn 0.676587 0.544956 0.495230
vn 0.676587 0.544956 0.495230
vn 0.676587 0.544956 0.495230
vn 0.809896 0.420323 0.409141
vn 0.809896 0.420323 0.409141
vn 0.809896 0.420323 0.409141
vn 0.809896 0.420323 0.409141
vn 0.903335 0.252730 0.346574
vn 0.903335 0.252730 0.346574
vn 0.903335 0.252730 0.346574
vn 0.903335 0.252730 0.346574
vn 0.947725 0.058722 0.313639
vn 0.947725 0.058722 0.313639
vn 0.947725 0.058722 0.313639
vn 0.947725 0.058722 0.313639
vn 0.938746 -0.142909 0.313582
vn 0.938746 -0.142909 0.313582
vn 0.938745 -0.142909 0.313582
vn 0.938746 -0.142908 0.313582
vn 0.877277 -0.332237 0.346414
vn 0.877277 -0.332237 0.346414
vn 0.877277 -0.332237 0.346414
vn 0.877277 -0.332237 0.346414
vn 0.769304 -0.490907 0.408878
vn 0.769304 -0.490907 0.408878
vn 0.769304 -0.490907 0.408878
vn 0.769304 -0.490907 0.408878
s 1
g _full_skateboard _group1 _group2 _nurbsCircle2 _wheel3
usemtl _lambert2SG
f 782/881/601 781/882/602 783/883/603 784/884/604
f 785/889/605 782/881/601 784/884/604 786/890/606
f 787/897/607 785/889/605 786/890/606 788/898/608
f 789/907/609 787/897/607 788/898/608 790/908/610
f 791/618/611 789/623/609 790/624/610 792/619/612
f 793/617/613 791/618/611 792/619/612 794/620/614
f 795/627/615 793/617/613 794/620/614 796/628/616
f 797/637/617 795/627/615 796/628/616 798/638/618
f 799/648/619 797/637/617 798/638/618 800/649/620
f 801/662/621 799/648/619 800/649/620 802/663/622
f 803/936/623 801/937/621 802/938/622 804/939/624
f 805/944/625 803/936/623 804/939/624 806/945/626
f 807/952/627 805/944/625 806/945/626 808/953/628
f 809/962/629 807/952/627 808/953/628 810/963/630
f 811/691/631 809/696/629 810/697/630 812/692/632
f 813/690/633 811/691/631 812/692/632 814/693/634
f 815/700/635 813/690/633 814/693/634 816/701/636
f 817/710/637 815/700/635 816/701/636 818/711/638
f 819/721/639 817/710/637 818/711/638 820/722/640
f 781/735/602 819/721/639 820/722/640 783/736/603
f 784/884/604 783/883/603 821/887/641 822/888/642
f 786/890/606 784/884/604 822/888/642 823/896/643
f 788/898/608 786/890/606 823/896/643 824/906/644
f 790/908/610 788/898/608 824/906/644 825/918/645
f 792/619/612 790/624/610 825/633/645 826/625/646
f 794/620/614 792/619/612 826/625/646 827/626/647
f 796/628/616 794/620/614 827/626/647 828/636/648
f 798/638/618 796/628/616 828/636/648 829/647/649
f 800/649/620 798/638/618 829/647/649 830/661/650
f 802/663/622 800/649/620 830/661/650 831/675/651
f 804/939/624 802/938/622 831/942/651 832/943/652
f 806/945/626 804/939/624 832/943/652 833/951/653
f 808/953/628 806/945/626 833/951/653 834/961/654
f 810/963/630 808/953/628 834/961/654 835/973/655
f 812/692/632 810/697/630 835/706/655 836/698/656
f 814/693/634 812/692/632 836/698/656 837/699/657
f 816/701/636 814/693/634 837/699/657 838/709/658
f 818/711/638 816/701/636 838/709/658 839/720/659
f 820/722/640 818/711/638 839/720/659 840/734/660
f 783/736/603 820/722/640 840/734/660 821/748/641
s 2
f 442/895/661 441/894/662 461/903/663 462/904/664
f 443/905/665 442/895/661 462/904/664 463/916/666
f 444/917/667 443/905/665 463/916/666 464/925/668
f 445/926/669 444/917/667 464/925/668 465/931/670
f 446/634/671 445/655/669 465/656/670 466/644/672
f 447/635/673 446/634/671 466/644/672 467/645/674
f 448/646/675 447/635/673 467/645/674 468/659/676
f 449/660/677 448/646/675 468/659/676 469/673/678
f 450/674/679 449/660/677 469/673/678 470/681/680
f 451/685/681 450/674/679 470/681/680 471/686/682
f 452/950/683 451/949/681 471/958/682 472/959/684
f 453/960/685 452/950/683 472/959/684 473/971/686
f 454/972/687 453/960/685 473/971/686 474/980/688
f 455/981/689 454/972/687 474/980/688 475/986/690
f 456/707/691 455/728/689 475/729/690 476/717/692
f 457/708/693 456/707/691 476/717/692 477/718/694
f 458/719/695 457/708/693 477/718/694 478/732/696
f 459/733/697 458/719/695 478/732/696 479/746/698
f 460/747/699 459/733/697 479/746/698 480/754/700
f 441/758/662 460/747/699 480/754/700 461/759/663
f 462/904/664 461/903/663 481/914/701 482/915/702
f 463/916/666 462/904/664 482/915/702 483/924/703
f 464/925/668 463/916/666 483/924/703 484/930/704
f 465/931/670 464/925/668 484/930/704 485/934/705
f 466/1081/672 465/1082/670 485/1083/705 486/1084/706
f 467/645/674 466/644/672 486/657/706 487/658/707
f 468/659/676 467/645/674 487/658/707 488/672/708
f 469/673/678 468/659/676 488/672/708 489/680/709
f 470/681/680 469/673/678 489/680/709 490/684/710
f 471/1125/682 470/1126/680 490/1111/710 491/1117/711
f 472/959/684 471/958/682 491/969/711 492/970/712
f 473/971/686 472/959/684 492/970/712 493/979/713
f 474/980/688 473/971/686 493/979/713 494/985/714
f 475/986/690 474/980/688 494/985/714 495/989/715
f 476/1153/692 475/1154/690 495/1149/715 496/1145/716
f 477/718/694 476/717/692 496/730/716 497/731/717
f 478/732/696 477/718/694 497/731/717 498/745/718
f 479/746/698 478/732/696 498/745/718 499/753/719
f 480/754/700 479/746/698 499/753/719 500/757/720
f 461/1119/663 480/1120/700 500/1113/720 481/1107/701
f 482/1101/702 481/1107/701 501/1108/721 502/1102/722
f 483/1093/703 482/1101/702 502/1102/722 503/1094/723
f 484/1087/704 483/1093/703 503/1094/723 504/1088/724
f 485/1083/705 484/1087/704 504/1088/724 505/1085/725
f 486/1084/706 485/1083/705 505/1085/725 506/1086/726
f 487/1091/707 486/1084/706 506/1086/726 507/1092/727
f 488/1099/708 487/1091/707 507/1092/727 508/1100/728
f 489/1105/709 488/1099/708 508/1100/728 509/1106/729
f 490/1111/710 489/1105/709 509/1106/729 510/1112/730
f 491/1117/711 490/1111/710 510/1112/730 511/1118/731
f 492/1127/712 491/1117/711 511/1118/731 512/1128/732
f 493/1137/713 492/1127/712 512/1128/732 513/1138/733
f 494/1143/714 493/1137/713 513/1138/733 514/1144/734
f 495/1149/715 494/1143/714 514/1144/734 515/1150/735
f 496/1145/716 495/1149/715 515/1150/735 516/1146/736
f 497/1139/717 496/1145/716 516/1146/736 517/1140/737
f 498/1129/718 497/1139/717 517/1140/737 518/1130/738
f 499/1121/719 498/1129/718 518/1130/738 519/1122/739
f 500/1113/720 499/1121/719 519/1122/739 520/1114/740
f 481/1107/701 500/1113/720 520/1114/740 501/1108/721
f 502/1102/722 501/1108/721 521/1115/741 522/1109/742
f 503/1094/723 502/1102/722 522/1109/742 523/1103/743
f 504/1088/724 503/1094/723 523/1103/743 524/1095/744
f 505/1085/725 504/1088/724 524/1095/744 525/1089/745
f 506/1086/726 505/1085/725 525/1089/745 526/1090/746
f 507/1092/727 506/1086/726 526/1090/746 527/1098/747
f 508/1100/728 507/1092/727 527/1098/747 528/1104/748
f 509/1106/729 508/1100/728 528/1104/748 529/1110/749
f 510/1112/730 509/1106/729 529/1110/749 530/1116/750
f 511/1118/731 510/1112/730 530/1116/750 531/1124/751
f 512/1128/732 511/1118/731 531/1124/751 532/1136/752
f 513/1138/733 512/1128/732 532/1136/752 533/1142/753
f 514/1144/734 513/1138/733 533/1142/753 534/1148/754
f 515/1150/735 514/1144/734 534/1148/754 535/1152/755
f 516/1146/736 515/1150/735 535/1152/755 536/1151/756
f 517/1140/737 516/1146/736 536/1151/756 537/1147/757
f 518/1130/738 517/1140/737 537/1147/757 538/1141/758
f 519/1122/739 518/1130/738 538/1141/758 539/1131/759
f 520/1114/740 519/1122/739 539/1131/759 540/1123/760
f 501/1108/721 520/1114/740 540/1123/760 521/1115/741
f 522/995/742 521/996/741 541/992/761 542/991/762
f 523/1001/743 522/995/742 542/991/762 543/999/763
f 524/1007/744 523/1001/743 543/999/763 544/1005/764
f 525/1014/745 524/1007/744 544/1005/764 545/1012/765
f 526/1090/746 525/1089/745 545/1096/765 546/1097/766
f 527/767/747 526/768/746 546/764/766 547/763/767
f 528/775/748 527/767/747 547/763/767 548/773/768
f 529/782/749 528/775/748 548/773/768 549/780/769
f 530/790/750 529/782/749 549/780/769 550/788/770
f 531/1124/751 530/1116/750 550/1134/770 551/1135/771
f 532/1046/752 531/1047/751 551/1041/771 552/1040/772
f 533/1054/753 532/1046/752 552/1040/772 553/1048/773
f 534/1062/754 533/1054/753 553/1048/773 554/1055/774
f 535/1069/755 534/1062/754 554/1055/774 555/1063/775
f 536/1151/756 535/1152/755 555/1155/775 556/1156/776
f 537/841/757 536/849/756 556/842/776 557/835/777
f 538/834/758 537/841/757 557/835/777 558/828/778
f 539/827/759 538/834/758 558/828/778 559/823/779
f 540/826/760 539/827/759 559/823/779 560/822/780
f 521/1115/741 540/1123/760 560/1132/780 541/1133/761
f 542/991/762 541/992/761 561/993/781 562/994/782
f 543/999/763 542/991/762 562/994/782 563/1000/783
f 544/1005/764 543/999/763 563/1000/783 564/1006/784
f 545/1012/765 544/1005/764 564/1006/784 565/1013/785
f 546/764/766 545/769/765 565/770/785 566/765/786
f 547/763/767 546/764/766 566/765/786 567/766/787
f 548/773/768 547/763/767 567/766/787 568/774/788
f 549/780/769 548/773/768 568/774/788 569/781/789
f 550/788/770 549/780/769 569/781/789 570/789/790
f 551/797/771 550/788/770 570/789/790 571/798/791
f 552/1040/772 551/1041/771 571/1037/791 572/1036/792
f 553/1048/773 552/1040/772 572/1036/792 573/1044/793
f 554/1055/774 553/1048/773 573/1044/793 574/1052/794
f 555/1063/775 554/1055/774 574/1052/794 575/1060/795
f 556/842/776 555/850/775 575/851/795 576/843/796
f 557/835/777 556/842/776 576/843/796 577/836/797
f 558/828/778 557/835/777 577/836/797 578/829/798
f 559/823/779 558/828/778 578/829/798 579/824/799
f 560/822/780 559/823/779 579/824/799 580/825/800
f 541/832/761 560/822/780 580/825/800 561/833/781
f 562/994/782 561/993/781 581/997/801 582/998/802
f 563/1000/783 562/994/782 582/998/802 583/1004/803
f 564/1006/784 563/1000/783 583/1004/803 584/1011/804
f 565/1013/785 564/1006/784 584/1011/804 585/1019/805
f 566/765/786 565/770/785 585/776/805 586/771/806
f 567/766/787 566/765/786 586/771/806 587/772/807
f 568/774/788 567/766/787 587/772/807 588/779/808
f 569/781/789 568/774/788 588/779/808 589/787/809
f 570/789/790 569/781/789 589/787/809 590/796/810
f 571/798/791 570/789/790 590/796/810 591/805/811
f 572/1036/792 571/1037/791 591/1038/811 592/1039/812
f 573/1044/793 572/1036/792 592/1039/812 593/1045/813
f 574/1052/794 573/1044/793 593/1045/813 594/1053/814
f 575/1060/795 574/1052/794 594/1053/814 595/1061/815
f 576/843/796 575/851/795 595/858/815 596/852/816
f 577/836/797 576/843/796 596/852/816 597/844/817
f 578/829/798 577/836/797 597/844/817 598/837/818
f 579/824/799 578/829/798 598/837/818 599/830/819
f 580/825/800 579/824/799 599/830/819 600/831/820
f 561/833/781 580/825/800 600/831/820 581/840/801
f 582/998/802 581/997/801 601/1002/821 602/1003/822
f 583/1004/803 582/998/802 602/1003/822 603/1010/823
f 584/1011/804 583/1004/803 603/1010/823 604/1018/824
f 585/1019/805 584/1011/804 604/1018/824 605/1024/825
f 586/771/806 585/776/805 605/783/825 606/777/826
f 587/772/807 586/771/806 606/777/826 607/778/827
f 588/779/808 587/772/807 607/778/827 608/786/828
f 589/787/809 588/779/808 608/786/828 609/795/829
f 590/796/810 589/787/809 609/795/829 610/804/830
f 591/805/811 590/796/810 610/804/830 611/812/831
f 592/1039/812 591/1038/811 611/1042/831 612/1043/832
f 593/1045/813 592/1039/812 612/1043/832 613/1051/833
f 594/1053/814 593/1045/813 613/1051/833 614/1059/834
f 595/1061/815 594/1053/814 614/1059/834 615/1068/835
f 596/852/816 595/858/815 615/865/835 616/859/836
f 597/844/817 596/852/816 616/859/836 617/853/837
f 598/837/818 597/844/817 617/853/837 618/845/838
f 599/830/819 598/837/818 618/845/838 619/838/839
f 600/831/820 599/830/819 619/838/839 620/839/840
f 581/840/801 600/831/820 620/839/840 601/848/821
f 602/1003/822 601/1002/821 621/1008/841 622/1009/842
f 603/1010/823 602/1003/822 622/1009/842 623/1017/843
f 604/1018/824 603/1010/823 623/1017/843 624/1023/844
f 605/1024/825 604/1018/824 624/1023/844 625/1029/845
f 606/777/826 605/783/825 625/791/845 626/784/846
f 607/778/827 606/777/826 626/784/846 627/785/847
f 608/786/828 607/778/827 627/785/847 628/794/848
f 609/795/829 608/786/828 628/794/848 629/803/849
f 610/804/830 609/795/829 629/803/849 630/811/850
f 611/812/831 610/804/830 630/811/850 631/816/851
f 612/1043/832 611/1042/831 631/1049/851 632/1050/852
f 613/1051/833 612/1043/832 632/1050/852 633/1058/853
f 614/1059/834 613/1051/833 633/1058/853 634/1067/854
f 615/1068/835 614/1059/834 634/1067/854 635/1074/855
f 616/859/836 615/865/835 635/872/855 636/866/856
f 617/853/837 616/859/836 636/866/856 637/860/857
f 618/845/838 617/853/837 637/860/857 638/854/858
f 619/838/839 618/845/838 638/854/858 639/846/859
f 620/839/840 619/838/839 639/846/859 640/847/860
f 601/848/821 620/839/840 640/847/860 621/857/841
f 622/1009/842 621/1008/841 641/1015/861 642/1016/862
f 623/1017/843 622/1009/842 642/1016/862 643/1022/863
f 624/1023/844 623/1017/843 643/1022/863 644/1028/864
f 625/1029/845 624/1023/844 644/1028/864 645/1032/865
f 626/784/846 625/791/845 645/799/865 646/792/866
f 627/785/847 626/784/846 646/792/866 647/793/867
f 628/794/848 627/785/847 647/793/867 648/802/868
f 629/803/849 628/794/848 648/802/868 649/810/869
f 630/811/850 629/803/849 649/810/869 650/815/870
f 631/816/851 630/811/850 650/815/870 651/819/871
f 632/1050/852 631/1049/851 651/1056/871 652/1057/872
f 633/1058/853 632/1050/852 652/1057/872 653/1066/873
f 634/1067/854 633/1058/853 653/1066/873 654/1073/874
f 635/1074/855 634/1067/854 654/1073/874 655/1077/875
f 636/866/856 635/872/855 655/876/875 656/873/876
f 637/860/857 636/866/856 656/873/876 657/867/877
f 638/854/858 637/860/857 657/867/877 658/861/878
f 639/846/859 638/854/858 658/861/878 659/855/879
f 640/847/860 639/846/859 659/855/879 660/856/880
f 621/857/841 640/847/860 660/856/880 641/864/861
f 642/1016/862 641/1015/861 661/1020/881 662/1021/882
f 643/1022/863 642/1016/862 662/1021/882 663/1027/883
f 644/1028/864 643/1022/863 663/1027/883 664/1031/884
f 645/1032/865 644/1028/864 664/1031/884 665/1034/885
f 646/792/866 645/799/865 665/806/885 666/800/886
f 647/793/867 646/792/866 666/800/886 667/801/887
f 648/802/868 647/793/867 667/801/887 668/809/888
f 649/810/869 648/802/868 668/809/888 669/814/889
f 650/815/870 649/810/869 669/814/889 670/818/890
f 651/819/871 650/815/870 670/818/890 671/821/891
f 652/1057/872 651/1056/871 671/1064/891 672/1065/892
f 653/1066/873 652/1057/872 672/1065/892 673/1072/893
f 654/1073/874 653/1066/873 673/1072/893 674/1076/894
f 655/1077/875 654/1073/874 674/1076/894 675/1079/895
f 656/873/876 655/876/875 675/879/895 676/877/896
f 657/867/877 656/873/876 676/877/896 677/874/897
f 658/861/878 657/867/877 677/874/897 678/868/898
f 659/855/879 658/861/878 678/868/898 679/862/899
f 660/856/880 659/855/879 679/862/899 680/863/900
f 641/864/861 660/856/880 680/863/900 661/871/881
f 662/1021/882 661/1020/881 681/1025/901 682/1026/902
f 663/1027/883 662/1021/882 682/1026/902 683/1030/903
f 664/1031/884 663/1027/883 683/1030/903 684/1033/904
f 665/1034/885 664/1031/884 684/1033/904 685/1035/905
f 666/1157/886 665/1158/885 685/1159/905 686/1160/906
f 667/801/887 666/800/886 686/807/906 687/808/907
f 668/809/888 667/801/887 687/808/907 688/813/908
f 669/814/889 668/809/888 688/813/908 689/817/909
f 670/818/890 669/814/889 689/817/909 690/820/910
f 671/1201/891 670/1202/890 690/1187/910 691/1193/911
f 672/1065/892 671/1064/891 691/1070/911 692/1071/912
f 673/1072/893 672/1065/892 692/1071/912 693/1075/913
f 674/1076/894 673/1072/893 693/1075/913 694/1078/914
f 675/1079/895 674/1076/894 694/1078/914 695/1080/915
f 676/1229/896 675/1230/895 695/1225/915 696/1221/916
f 677/874/897 676/877/896 696/880/916 697/878/917
f 678/868/898 677/874/897 697/878/917 698/875/918
f 679/862/899 678/868/898 698/875/918 699/869/919
f 680/863/900 679/862/899 699/869/919 700/870/920
f 661/1195/881 680/1196/900 700/1189/920 681/1183/901
f 682/1177/902 681/1183/901 701/1184/921 702/1178/922
f 683/1169/903 682/1177/902 702/1178/922 703/1170/923
f 684/1163/904 683/1169/903 703/1170/923 704/1164/924
f 685/1159/905 684/1163/904 704/1164/924 705/1161/925
f 686/1160/906 685/1159/905 705/1161/925 706/1162/926
f 687/1167/907 686/1160/906 706/1162/926 707/1168/927
f 688/1175/908 687/1167/907 707/1168/927 708/1176/928
f 689/1181/909 688/1175/908 708/1176/928 709/1182/929
f 690/1187/910 689/1181/909 709/1182/929 710/1188/930
f 691/1193/911 690/1187/910 710/1188/930 711/1194/931
f 692/1203/912 691/1193/911 711/1194/931 712/1204/932
f 693/1213/913 692/1203/912 712/1204/932 713/1214/933
f 694/1219/914 693/1213/913 713/1214/933 714/1220/934
f 695/1225/915 694/1219/914 714/1220/934 715/1226/935
f 696/1221/916 695/1225/915 715/1226/935 716/1222/936
f 697/1215/917 696/1221/916 716/1222/936 717/1216/937
f 698/1205/918 697/1215/917 717/1216/937 718/1206/938
f 699/1197/919 698/1205/918 718/1206/938 719/1198/939
f 700/1189/920 699/1197/919 719/1198/939 720/1190/940
f 681/1183/901 700/1189/920 720/1190/940 701/1184/921
f 702/1178/922 701/1184/921 721/1191/941 722/1185/942
f 703/1170/923 702/1178/922 722/1185/942 723/1179/943
f 704/1164/924 703/1170/923 723/1179/943 724/1171/944
f 705/1161/925 704/1164/924 724/1171/944 725/1165/945
f 706/1162/926 705/1161/925 725/1165/945 726/1166/946
f 707/1168/927 706/1162/926 726/1166/946 727/1174/947
f 708/1176/928 707/1168/927 727/1174/947 728/1180/948
f 709/1182/929 708/1176/928 728/1180/948 729/1186/949
f 710/1188/930 709/1182/929 729/1186/949 730/1192/950
f 711/1194/931 710/1188/930 730/1192/950 731/1200/951
f 712/1204/932 711/1194/931 731/1200/951 732/1212/952
f 713/1214/933 712/1204/932 732/1212/952 733/1218/953
f 714/1220/934 713/1214/933 733/1218/953 734/1224/954
f 715/1226/935 714/1220/934 734/1224/954 735/1228/955
f 716/1222/936 715/1226/935 735/1228/955 736/1227/956
f 717/1216/937 716/1222/936 736/1227/956 737/1223/957
f 718/1206/938 717/1216/937 737/1223/957 738/1217/958
f 719/1198/939 718/1206/938 738/1217/958 739/1207/959
f 720/1190/940 719/1198/939 739/1207/959 740/1199/960
f 701/1184/921 720/1190/940 740/1199/960 721/1191/941
f 722/919/942 721/920/941 741/910/961 742/909/962
f 723/927/943 722/919/942 742/909/962 743/921/963
f 724/932/944 723/927/943 743/921/963 744/928/964
f 725/935/945 724/932/944 744/928/964 745/933/965
f 726/1166/946 725/1165/945 745/1172/965 746/1173/966
f 727/664/947 726/665/946 746/651/966 747/650/967
f 728/676/948 727/664/947 747/650/967 748/668/968
f 729/682/949 728/676/948 748/668/968 749/677/969
f 730/687/950 729/682/949 749/677/969 750/683/970
f 731/1200/951 730/1192/950 750/1210/970 751/1211/971
f 732/974/952 731/975/951 751/965/971 752/964/972
f 733/982/953 732/974/952 752/964/972 753/976/973
f 734/987/954 733/982/953 753/976/973 754/983/974
f 735/990/955 734/987/954 754/983/974 755/988/975
f 736/1227/956 735/1228/955 755/1231/975 756/1232/976
f 737/737/957 736/738/956 756/724/976 757/723/977
f 738/749/958 737/737/957 757/723/977 758/741/978
f 739/755/959 738/749/958 758/741/978 759/750/979
f 740/760/960 739/755/959 759/750/979 760/756/980
f 721/1191/941 740/1199/960 760/1208/980 741/1209/961
f 742/909/962 741/910/961 761/900/981 762/899/982
f 743/921/963 742/909/962 762/899/982 763/911/983
f 744/928/964 743/921/963 763/911/983 764/922/984
f 745/933/965 744/928/964 764/922/984 765/929/985
f 746/651/966 745/666/965 765/667/985 766/640/986
f 747/650/967 746/651/966 766/640/986 767/639/987
f 748/668/968 747/650/967 767/639/987 768/652/988
f 749/677/969 748/668/968 768/652/988 769/669/989
f 750/683/970 749/677/969 769/669/989 770/678/990
f 751/688/971 750/683/970 770/678/990 771/689/991
f 752/964/972 751/965/971 771/955/991 772/954/992
f 753/976/973 752/964/972 772/954/992 773/966/993
f 754/983/974 753/976/973 773/966/993 774/977/994
f 755/988/975 754/983/974 774/977/994 775/984/995
f 756/724/976 755/739/975 775/740/995 776/713/996
f 757/723/977 756/724/976 776/713/996 777/712/997
f 758/741/978 757/723/977 777/712/997 778/725/998
f 759/750/979 758/741/978 778/725/998 779/742/999
f 760/756/980 759/750/979 779/742/999 780/751/1000
f 741/761/961 760/756/980 780/751/1000 761/762/981
s 1
f 842/891/1001 841/892/1002 843/886/1003 844/885/1004
f 845/901/1005 842/891/1001 844/885/1004 846/893/1006
f 847/912/1007 845/901/1005 846/893/1006 848/902/1008
f 849/923/1009 847/912/1007 848/902/1008 850/913/1010
f 851/630/1011 849/641/1009 850/631/1010 852/622/1012
f 853/629/1013 851/630/1011 852/622/1012 854/621/1014
f 855/642/1015 853/629/1013 854/621/1014 856/632/1016
f 857/653/1017 855/642/1015 856/632/1016 858/643/1018
f 859/670/1019 857/653/1017 858/643/1018 860/654/1020
f 861/679/1021 859/670/1019 860/654/1020 862/671/1022
f 863/946/1023 861/947/1021 862/941/1022 864/940/1024
f 865/956/1025 863/946/1023 864/940/1024 866/948/1026
f 867/967/1027 865/956/1025 866/948/1026 868/957/1028
f 869/978/1029 867/967/1027 868/957/1028 870/968/1030
f 871/703/1031 869/714/1029 870/704/1030 872/695/1032
f 873/702/1033 871/703/1031 872/695/1032 874/694/1034
f 875/715/1035 873/702/1033 874/694/1034 876/705/1036
f 877/726/1037 875/715/1035 876/705/1036 878/716/1038
f 879/743/1039 877/726/1037 878/716/1038 880/727/1040
f 841/752/1002 879/743/1039 880/727/1040 843/744/1003
f 844/885/1004 843/886/1003 781/882/602 782/881/601
f 846/893/1006 844/885/1004 782/881/601 785/889/605
f 848/902/1008 846/893/1006 785/889/605 787/897/607
f 850/913/1010 848/902/1008 787/897/607 789/907/609
f 852/622/1012 850/631/1010 789/623/609 791/618/611
f 854/621/1014 852/622/1012 791/618/611 793/617/613
f 856/632/1016 854/621/1014 793/617/613 795/627/615
f 858/643/1018 856/632/1016 795/627/615 797/637/617
f 860/654/1020 858/643/1018 797/637/617 799/648/619
f 862/671/1022 860/654/1020 799/648/619 801/662/621
f 864/940/1024 862/941/1022 801/937/621 803/936/623
f 866/948/1026 864/940/1024 803/936/623 805/944/625
f 868/957/1028 866/948/1026 805/944/625 807/952/627
f 870/968/1030 868/957/1028 807/952/627 809/962/629
f 872/695/1032 870/704/1030 809/696/629 811/691/631
f 874/694/1034 872/695/1032 811/691/631 813/690/633
f 876/705/1036 874/694/1034 813/690/633 815/700/635
f 878/716/1038 876/705/1036 815/700/635 817/710/637
f 880/727/1040 878/716/1038 817/710/637 819/721/639
f 843/744/1003 880/727/1040 819/721/639 781/735/602
s off
f 441/894/1041 442/895/1042 822/888/1043 821/887/1044
f 442/895/1045 443/905/1046 823/896/1047 822/888/1048
f 443/905/1049 444/917/1050 824/906/1051 823/896/1052
f 444/917/1053 445/926/1054 825/918/1055 824/906/1056
f 445/655/1057 446/634/1058 826/625/1059 825/633/1060
f 446/634/1061 447/635/1062 827/626/1063 826/625/1064
f 447/635/1065 448/646/1066 828/636/1067 827/626/1068
f 448/646/1069 449/660/1070 829/647/1071 828/636/1072
f 449/660/1073 450/674/1074 830/661/1075 829/647/1076
f 450/674/1077 451/685/1078 831/675/1079 830/661/1080
f 451/949/1081 452/950/1082 832/943/1083 831/942/1084
f 452/950/1085 453/960/1086 833/951/1087 832/943/1088
f 453/960/1089 454/972/1090 834/961/1091 833/951/1092
f 454/972/1093 455/981/1094 835/973/1095 834/961/1096
f 455/728/1097 456/707/1098 836/698/1099 835/706/1100
f 456/707/1101 457/708/1102 837/699/1103 836/698/1104
f 457/708/1105 458/719/1106 838/709/1107 837/699/1108
f 458/719/1109 459/733/1110 839/720/1111 838/709/1112
f 459/733/1113 460/747/1114 840/734/1115 839/720/1116
f 460/747/1117 441/758/1118 821/748/1119 840/734/1120
f 762/899/1121 761/900/1122 841/892/1123 842/891/1124
f 763/911/1125 762/899/1126 842/891/1127 845/901/1128
f 764/922/1129 763/911/1130 845/901/1131 847/912/1132
f 765/929/1133 764/922/1134 847/912/1135 849/923/1136
f 766/640/1137 765/667/1138 849/641/1139 851/630/1140
f 767/639/1141 766/640/1142 851/630/1143 853/629/1144
f 768/652/1145 767/639/1146 853/629/1147 855/642/1148
f 769/669/1149 768/652/1150 855/642/1151 857/653/1152
f 770/678/1153 769/669/1154 857/653/1155 859/670/1156
f 771/689/1157 770/678/1158 859/670/1159 861/679/1160
f 772/954/1161 771/955/1162 861/947/1163 863/946/1164
f 773/966/1165 772/954/1166 863/946/1167 865/956/1168
f 774/977/1169 773/966/1170 865/956/1171 867/967/1172
f 775/984/1173 774/977/1174 867/967/1175 869/978/1176
f 776/713/1177 775/740/1178 869/714/1179 871/703/1180
f 777/712/1181 776/713/1182 871/703/1183 873/702/1184
f 778/725/1185 777/712/1186 873/702/1187 875/715/1188
f 779/742/1189 778/725/1190 875/715/1191 877/726/1192
f 780/751/1193 779/742/1194 877/726/1195 879/743/1196
f 761/762/1197 780/751/1198 879/743/1199 841/752/1200
g default
v -80.941367 22.018534 32.235095
v -80.544370 22.233223 31.995057
v -80.112184 22.294096 31.728923
v -79.687128 22.195189 31.462753
v -79.310781 21.946186 31.222581
v -79.019997 21.571463 31.031928
v -78.843255 21.107699 30.909466
v -78.797823 20.600289 30.867161
v -78.888191 20.098902 30.909181
v -79.105472 19.652621 31.031387
v -79.428420 19.305126 31.221832
v -79.825418 19.090437 31.461869
v -80.257604 19.029568 31.728003
v -80.682672 19.128474 31.994182
v -81.059020 19.377474 32.234354
v -81.349791 19.752198 32.424998
v -81.526546 20.215964 32.547468
v -81.571965 20.723372 32.589765
v -81.481610 21.224756 32.547753
v -81.264315 21.671040 32.425539
v -81.351834 22.282696 31.893614
v -80.881097 22.537268 31.608992
v -80.368628 22.609446 31.293419
v -79.864605 22.492167 30.977801
v -79.418342 22.196911 30.693012
v -79.073550 21.752577 30.466948
v -78.863979 21.202667 30.321739
v -78.810112 20.601004 30.271578
v -78.917258 20.006483 30.321399
v -79.174912 19.477301 30.466313
v -79.557849 19.065260 30.692133
v -80.028587 18.810690 30.976756
v -80.541057 18.738512 31.292326
v -81.045079 18.855791 31.607946
v -81.491329 19.151045 31.892728
v -81.836121 19.595375 32.118790
v -82.045704 20.145287 32.264009
v -82.099558 20.746952 32.314161
v -81.992425 21.341473 32.264348
v -81.734771 21.870651 32.119434
v -81.702204 22.608055 31.732528
v -81.138544 22.912876 31.391720
v -80.524911 22.999300 31.013854
v -79.921398 22.858872 30.635934
v -79.387055 22.505333 30.294935
v -78.974200 21.973294 30.024248
v -78.723260 21.314831 29.850375
v -78.658762 20.594401 29.790313
v -78.787062 19.882521 29.849969
v -79.095565 19.248881 30.023482
v -79.554095 18.755503 30.293880
v -80.117755 18.450682 30.634688
v -80.731388 18.364256 31.012553
v -81.334902 18.504685 31.390473
v -81.869243 18.858221 31.731473
v -82.282098 19.390263 32.002161
v -82.533038 20.048725 32.176034
v -82.597537 20.769156 32.236095
v -82.469237 21.481032 32.176439
v -82.160733 22.114676 32.002926
v -81.958218 22.962757 31.767627
v -81.291540 23.323282 31.364534
v -80.565765 23.425503 30.917611
v -79.851963 23.259411 30.470628
v -79.219970 22.841265 30.067312
v -78.731676 22.211996 29.747160
v -78.434871 21.433203 29.541508
v -78.358590 20.581118 29.470475
v -78.510329 19.739149 29.541029
v -78.875207 18.989716 29.746247
v -79.417534 18.406176 30.066060
v -80.084197 18.045649 30.469147
v -80.809974 17.943430 30.916068
v -81.523775 18.109520 31.363054
v -82.155767 18.527666 31.766369
v -82.644063 19.156933 32.086519
v -82.940868 19.935726 32.292172
v -83.017147 20.787813 32.363207
v -82.865422 21.629780 32.292660
v -82.500532 22.379215 32.087433
v -82.094767 23.312084 31.995437
v -81.325086 23.728316 31.530063
v -80.487194 23.846329 31.014103
v -79.663090 23.654574 30.498047
v -78.933460 23.171822 30.032423
v -78.369712 22.445328 29.662802
v -78.027041 21.546204 29.425371
v -77.938980 20.562464 29.343363
v -78.114157 19.590403 29.424816
v -78.535421 18.725174 29.661749
v -79.161532 18.051470 30.030970
v -79.931213 17.635243 30.496344
v -80.769118 17.517227 31.012313
v -81.593209 17.708983 31.528361
v -82.322852 18.191735 31.993992
v -82.886600 18.918228 32.363614
v -83.229271 19.817353 32.601045
v -83.317319 20.801092 32.683044
v -83.142154 21.773154 32.601600
v -82.720877 22.638382 32.364659
v -82.098508 23.621842 32.393683
v -81.235917 24.088324 31.872134
v -80.296862 24.220587 31.293876
v -79.373267 24.005680 30.715519
v -78.555545 23.464646 30.193678
v -77.923747 22.650440 29.779440
v -77.539694 21.642765 29.513336
v -77.441001 20.540259 29.421429
v -77.637333 19.450840 29.512717
v -78.109445 18.481154 29.778250
v -78.811162 17.726113 30.192057
v -79.673753 17.259632 30.713606
v -80.612821 17.127373 31.291870
v -81.536416 17.342276 31.870227
v -82.354139 17.883312 32.392068
v -82.985949 18.697516 32.806315
v -83.369976 19.705189 33.072403
v -83.468669 20.807698 33.164310
v -83.272338 21.897114 33.073022
v -82.800225 22.866802 32.807490
v -81.969092 23.861710 32.923390
v -81.032749 24.368071 32.357246
v -80.013409 24.511641 31.729552
v -79.010860 24.278363 31.101756
v -78.123223 23.691075 30.535297
v -77.437404 22.807263 30.085639
v -77.020536 21.713438 29.796796
v -76.913395 20.516680 29.697025
v -77.126517 19.334126 29.796122
v -77.639003 18.281540 30.084363
v -78.400695 17.461951 30.533537
v -79.337040 16.955590 31.099679
v -80.356379 16.812020 31.727373
v -81.358927 17.045300 32.355170
v -82.246565 17.632588 32.921629
v -82.932383 18.516400 33.371288
v -83.349252 19.610218 33.660130
v -83.456393 20.806982 33.759901
v -83.243283 21.989535 33.660812
v -82.730784 23.042120 33.372564
v -81.719163 24.008208 33.532689
v -80.735470 24.540173 32.937917
v -79.664588 24.691002 32.278483
v -78.611344 24.445929 31.618940
v -77.678823 23.828943 31.023840
v -76.958336 22.900440 30.551450
v -76.520381 21.751309 30.247997
v -76.407834 20.494032 30.143189
v -76.631729 19.251684 30.247293
v -77.170119 18.145872 30.550102
v -77.970331 17.284842 31.021992
v -78.954024 16.752877 31.616764
v -80.024906 16.602045 32.276197
v -81.078150 16.847119 32.935741
v -82.010671 17.464106 33.530842
v -82.731171 18.392607 34.003239
v -83.169126 19.541741 34.306692
v -83.281660 20.799015 34.411492
v -83.057765 22.041363 34.307388
v -82.519375 23.147175 34.004579
v -81.373206 24.046993 34.161951
v -80.373203 24.587784 33.557318
v -79.284546 24.741112 32.886939
v -78.213844 24.491974 32.216462
v -77.265848 23.864756 31.611486
v -76.533399 22.920855 31.131255
v -76.088185 21.752663 30.822772
v -75.973771 20.474537 30.716225
v -76.201373 19.211584 30.822052
v -76.748708 18.087431 31.129894
v -77.562185 17.212122 31.609605
v -78.562188 16.671332 32.214239
v -79.650832 16.518000 32.884610
v -80.721547 16.767140 33.555094
v -81.669530 17.394358 34.160062
v -82.401992 18.338259 34.640301
v -82.847207 19.506449 34.948783
v -82.961620 20.784575 35.055331
v -82.734018 22.047529 34.949504
v -82.186683 23.171683 34.641663
v -80.965061 23.974272 34.749563
v -79.981368 24.506237 34.154790
v -78.910486 24.657067 33.495357
v -77.857229 24.411993 32.835805
v -76.924721 23.795008 32.240713
v -76.204221 22.866505 31.768316
v -75.766265 21.717373 31.464863
v -75.653732 20.460097 31.360061
v -75.877614 19.217747 31.464158
v -76.416016 18.111937 31.766976
v -77.216229 17.250906 32.238865
v -78.199909 16.718939 32.833630
v -79.270791 16.568110 33.493062
v -80.324048 16.813183 34.152615
v -81.256556 17.430170 34.747707
v -81.977056 18.358671 35.220104
v -82.415012 19.507805 35.523557
v -82.527559 20.765080 35.628365
v -82.303664 22.007427 35.524261
v -81.765260 23.113240 35.221444
v -80.534697 23.797161 35.238018
v -79.598353 24.303524 34.671875
v -78.579001 24.447094 34.044173
v -77.576452 24.213814 33.416376
v -76.688827 23.626526 32.849925
v -76.002996 22.742714 32.400260
v -75.586127 21.648892 32.111417
v -75.478999 20.452130 32.011654
v -75.692109 19.269577 32.110741
v -76.204595 18.216992 32.398982
v -76.966287 17.397404 32.848157
v -77.902631 16.891041 33.414300
v -78.921983 16.747471 34.042001
v -79.924531 16.980751 34.669799
v -80.812156 17.568039 35.236250
v -81.497988 18.451851 35.685915
v -81.914856 19.545670 35.974758
v -82.021984 20.742436 36.074522
v -81.808875 21.924984 35.975432
v -81.296389 22.977570 35.687193
v -80.124229 23.532999 35.579498
v -79.261626 23.999480 35.057940
v -78.322571 24.131745 34.479684
v -77.398975 23.916836 33.901328
v -76.581254 23.375803 33.379486
v -75.949456 22.561598 32.965247
v -75.565403 21.553921 32.699144
v -75.466711 20.451414 32.607235
v -75.663041 19.361996 32.698524
v -76.135154 18.392309 32.964057
v -76.836871 17.637270 33.377864
v -77.699475 17.170788 33.899420
v -78.638530 17.038527 34.477678
v -79.562126 17.253433 35.056034
v -80.379847 17.794468 35.577875
v -81.011658 18.608671 35.992123
v -81.395698 19.616347 36.258218
v -81.494391 20.718853 36.350126
v -81.298059 21.808272 36.258838
v -80.825947 22.777958 35.993305
v -79.773859 23.207642 35.740586
v -79.004178 23.623873 35.275212
v -78.166273 23.741886 34.759243
v -77.342182 23.550131 34.243196
v -76.612539 23.067379 33.777564
v -76.048791 22.340885 33.407942
v -75.706120 21.441761 33.170510
v -75.618059 20.458021 33.088504
v -75.793237 19.485960 33.169956
v -76.214501 18.620732 33.406889
v -76.840624 17.947027 33.776119
v -77.610292 17.530800 34.241484
v -78.448197 17.412785 34.757454
v -79.272301 17.604542 35.273509
v -80.001931 18.087292 35.739133
v -80.565679 18.813788 36.108754
v -80.908350 19.712910 36.346186
v -80.996411 20.696650 36.428193
v -80.821233 21.668711 36.346741
v -80.399970 22.533940 36.109807
v -79.517857 22.852940 35.705496
v -78.851193 23.213467 35.302409
v -78.125418 23.315687 34.855487
v -77.411616 23.149594 34.408503
v -76.779623 22.731447 34.005188
v -76.291329 22.102179 33.685037
v -75.994510 21.323385 33.479377
v -75.918243 20.471302 33.408350
v -76.069982 19.629334 33.478905
v -76.434859 18.879898 33.684124
v -76.977186 18.296358 34.003937
v -77.643850 17.935831 34.407023
v -78.369612 17.833613 34.853937
v -79.083428 17.999703 35.300929
v -79.715407 18.417849 35.704236
v -80.203715 19.047117 36.024396
v -80.500521 19.825909 36.230048
v -80.576800 20.677996 36.301082
v -80.425074 21.519963 36.230536
v -80.060171 22.269398 36.025301
v -79.381296 22.503613 35.477677
v -78.817636 22.808432 35.136869
v -78.204003 22.894858 34.759003
v -77.600489 22.754429 34.381083
v -77.066147 22.400891 34.040084
v -76.653293 21.868851 33.769396
v -76.402340 21.210388 33.595515
v -76.337854 20.489958 33.535461
v -76.466140 19.778078 33.595110
v -76.774657 19.144440 33.768631
v -77.233174 18.651060 34.039020
v -77.796835 18.346239 34.379827
v -78.410468 18.259814 34.757693
v -79.013980 18.400244 35.135614
v -79.548323 18.753781 35.476612
v -79.961191 19.285820 35.747308
v -80.212130 19.944283 35.921182
v -80.276629 20.664713 35.981244
v -80.148329 21.376589 35.921587
v -79.839826 22.010233 35.748075
v -79.377556 22.193854 35.079430
v -78.906805 22.448424 34.794799
v -78.394336 22.520602 34.479227
v -77.890314 22.403321 34.163608
v -77.444064 22.108067 33.878826
v -77.099271 21.663737 33.652763
v -76.889687 21.113825 33.507547
v -76.835821 20.512160 33.457385
v -76.942968 19.917641 33.507205
v -77.200621 19.388460 33.652120
v -77.583558 18.976416 33.877940
v -78.054295 18.721848 34.162563
v -78.566765 18.649670 34.478134
v -79.070787 18.766947 34.793754
v -79.517038 19.062203 35.078534
v -79.861829 19.506533 35.304598
v -80.071413 20.056444 35.449815
v -80.125280 20.658108 35.499975
v -80.018134 21.252629 35.450155
v -79.760480 21.781809 35.305242
v -79.506972 21.953984 34.549723
v -79.109974 22.168675 34.309685
v -78.677788 22.229546 34.043552
v -78.252719 22.130638 33.777373
v -77.876372 21.881638 33.537202
v -77.585601 21.506912 33.346557
v -77.408846 21.043148 33.224087
v -77.363427 20.535740 33.181790
v -77.453782 20.034355 33.223802
v -77.671076 19.588074 33.346016
v -77.994024 19.240582 33.536461
v -78.391009 19.025891 33.776489
v -78.823195 18.965019 34.042623
v -79.248264 19.063927 34.308802
v -79.624612 19.312927 34.548973
v -79.915395 19.687649 34.739626
v -80.092137 20.151413 34.862088
v -80.137556 20.658825 34.904385
v -80.047201 21.160210 34.862373
v -79.829920 21.606491 34.740167
v -79.876294 21.362364 33.159428
v -79.661864 21.478327 33.029777
v -80.138862 21.409148 32.781423
v -79.913920 21.530787 32.645416
v -79.428432 21.511206 32.886032
v -79.669054 21.565274 32.494632
v -79.198826 21.457783 32.742254
v -79.428210 21.509236 32.343815
v -78.995550 21.323288 32.612530
v -79.215003 21.368157 32.207753
v -78.838491 21.120884 32.509553
v -79.050260 21.155848 32.099739
v -78.743018 20.870388 32.443402
v -78.950114 20.893091 32.030351
v -78.718487 20.596316 32.420557
v -78.924376 20.605606 32.006383
v -78.767288 20.325499 32.443247
v -78.975574 20.321532 32.030188
v -78.884654 20.084444 32.509258
v -79.098677 20.068680 32.099426
v -79.059084 19.896748 32.612120
v -79.281653 19.871800 32.207326
v -79.273528 19.780787 32.741779
v -79.506582 19.750160 32.343326
v -79.506973 19.747908 32.885531
v -79.751461 19.715674 32.494119
v -79.736566 19.801329 33.029302
v -79.992292 19.771710 32.644928
v -79.939841 19.935826 33.159026
v -80.205511 19.912789 32.780998
v -80.096900 20.138228 33.262002
v -80.370255 20.125098 32.889012
v -80.192373 20.388727 33.328154
v -80.470387 20.387856 32.958393
v -80.216904 20.662798 33.350999
v -80.496125 20.675341 32.982360
v -80.168104 20.933615 33.328308
v -80.444954 20.959416 32.958570
v -80.050737 21.174670 33.262298
v -80.321824 21.212267 32.889317
v -80.415708 21.523081 32.467198
v -80.160328 21.661190 32.312786
v -79.882304 21.700350 32.141584
v -79.608844 21.636723 31.970342
v -79.366744 21.476540 31.815844
v -79.179688 21.235482 31.693199
v -79.065992 20.937145 31.614420
v -79.036771 20.610728 31.587209
v -79.094894 20.288189 31.614234
v -79.234689 20.001097 31.692861
v -79.442421 19.777558 31.815360
v -79.697814 19.639446 31.969780
v -79.975839 19.600291 32.140982
v -80.249285 19.663916 32.312216
v -80.491385 19.824097 32.466714
v -80.678441 20.065155 32.589359
v -80.792150 20.363493 32.668145
v -80.821371 20.689909 32.695358
v -80.763235 21.012448 32.668324
v -80.623452 21.299540 32.589705
v -79.492958 21.481556 33.956186
v -79.237578 21.619667 33.801774
v -79.653752 21.387316 33.564236
v -79.428797 21.508955 33.428220
v -78.959553 21.658825 33.630572
v -79.183931 21.543444 33.277436
v -78.686107 21.595196 33.459339
v -78.943113 21.487404 33.126636
v -78.444007 21.435013 33.304839
v -78.729880 21.346327 32.990558
v -78.256951 21.193959 33.182195
v -78.565149 21.134018 32.882552
v -78.143242 20.895619 33.103409
v -78.465004 20.871260 32.813163
v -78.114021 20.569203 33.076198
v -78.439266 20.583775 32.789196
v -78.172145 20.246666 33.103222
v -78.490451 20.299702 32.812994
v -78.311940 19.959572 33.181849
v -78.613567 20.046850 32.882238
v -78.519684 19.736031 33.304357
v -78.796543 19.849968 32.990139
v -78.775064 19.597924 33.458768
v -79.021471 19.728331 33.126140
v -79.053088 19.558766 33.629971
v -79.266337 19.693842 33.276925
v -79.326535 19.622391 33.801204
v -79.507169 19.749880 33.427733
v -79.568634 19.782570 33.955704
v -79.720388 19.890959 33.563802
v -79.755691 20.023632 34.078347
v -79.885132 20.103268 33.671817
v -79.869400 20.321968 34.157133
v -79.985263 20.366026 33.741198
v -79.898621 20.648384 34.184345
v -80.011002 20.653511 33.765164
v -79.840498 20.970921 34.157320
v -79.959831 20.937582 33.741375
v -79.700702 21.258015 34.078694
v -79.836701 21.190436 33.672122
vt 6.074073 0.343474
vt 6.076794 0.343362
vt 6.077331 0.347791
vt 6.074473 0.348187
vt 6.074022 0.338754
vt 6.076906 0.338923
vt 6.079491 0.343238
vt 6.080107 0.347202
vt 6.078437 0.351883
vt 6.075157 0.352594
vt 6.071332 0.343581
vt 6.071562 0.348391
vt 6.074305 0.334333
vt 6.077645 0.334801
vt 6.079734 0.339264
vt 6.071102 0.338770
vt 6.081491 0.350729
vt 6.081331 0.358860
vt 6.076682 0.360131
vt 6.071767 0.352904
vt 6.068591 0.343687
vt 6.068642 0.348407
vt 6.075466 0.326839
vt 6.080138 0.327901
vt 6.080792 0.335711
vt 6.070897 0.334257
vt 6.068191 0.338974
vt 6.083469 0.364264
vt 6.077858 0.365922
vt 6.071941 0.360609
vt 6.068359 0.352828
vt 6.065870 0.343799
vt 6.065758 0.348238
vt 6.076439 0.321028
vt 6.082072 0.322473
vt 6.070723 0.326552
vt 6.067507 0.334567
vt 6.065333 0.339371
vt 6.085808 0.356750
vt 6.088762 0.361798
vt 6.085508 0.368771
vt 6.078837 0.370797
vt 6.072043 0.366535
vt 6.067198 0.360322
vt 6.065019 0.352360
vt 6.063173 0.343923
vt 6.062930 0.347897
vt 6.077371 0.316183
vt 6.084015 0.318013
vt 6.087433 0.324686
vt 6.084649 0.329754
vt 6.070620 0.320626
vt 6.065982 0.327030
vt 6.064227 0.335278
vt 6.062557 0.339959
vt 6.072058 0.371493
vt 6.066224 0.366133
vt 6.062526 0.359260
vt 6.061872 0.351450
vt 6.070606 0.315668
vt 6.064806 0.321239
vt 6.061333 0.328301
vt 6.061172 0.336433
vt 6.065293 0.370979
vt 6.060592 0.364688
vt 6.063827 0.316364
vt 6.059195 0.322897
vt 6.058649 0.369147
vt 6.058015 0.357407
vt 6.055230 0.362475
vt 6.057156 0.318391
vt 6.053902 0.325364
vt 6.056856 0.330411
vt 6.150360 0.343504
vt 6.147638 0.343432
vt 6.147401 0.338978
vt 6.150278 0.338775
vt 6.150093 0.348216
vt 6.147227 0.347853
vt 6.144939 0.343374
vt 6.144592 0.339378
vt 6.146573 0.334820
vt 6.149893 0.334332
vt 6.153102 0.343583
vt 6.153197 0.338767
vt 6.149513 0.352608
vt 6.146212 0.351916
vt 6.144429 0.347323
vt 6.153008 0.348398
vt 6.143449 0.335766
vt 6.144156 0.327664
vt 6.148880 0.326710
vt 6.153296 0.334252
vt 6.155845 0.343661
vt 6.156111 0.338949
vt 6.147850 0.360007
vt 6.143260 0.358632
vt 6.143133 0.350796
vt 6.152908 0.352914
vt 6.155926 0.348391
vt 6.142387 0.322128
vt 6.148098 0.320852
vt 6.153642 0.326552
vt 6.156692 0.334557
vt 6.158566 0.343733
vt 6.158977 0.339312
vt 6.146486 0.365739
vt 6.140964 0.363918
vt 6.152562 0.360613
vt 6.156311 0.352833
vt 6.158803 0.348187
vt 6.139547 0.329467
vt 6.136940 0.324232
vt 6.140656 0.317495
vt 6.147449 0.315923
vt 6.153940 0.320633
vt 6.158355 0.327158
vt 6.159992 0.335249
vt 6.161265 0.343791
vt 6.161775 0.339843
vt 6.145230 0.370511
vt 6.138724 0.368236
vt 6.135764 0.361348
vt 6.138884 0.356479
vt 6.152265 0.366533
vt 6.157324 0.360455
vt 6.159631 0.352345
vt 6.161612 0.347787
vt 6.154259 0.315685
vt 6.159718 0.321427
vt 6.162944 0.328533
vt 6.163071 0.336369
vt 6.151945 0.371480
vt 6.158107 0.366313
vt 6.162047 0.359501
vt 6.162756 0.351399
vt 6.160974 0.316655
vt 6.165241 0.323248
vt 6.158755 0.371242
vt 6.163817 0.365037
vt 6.167480 0.318929
vt 6.167320 0.330686
vt 6.170440 0.325817
vt 6.165548 0.369671
vt 6.169263 0.362933
vt 6.166657 0.357698
vt 6.635845 0.349869
vt 6.636259 0.361294
vt 6.630317 0.361837
vt 6.630157 0.350108
vt 6.640731 0.349543
vt 6.641300 0.360024
vt 6.636696 0.372714
vt 6.630695 0.373759
vt 6.623636 0.362184
vt 6.623726 0.350188
vt 6.635917 0.338563
vt 6.630253 0.338442
vt 6.640769 0.338643
vt 6.623621 0.374473
vt 6.616543 0.362155
vt 6.616893 0.350078
vt 6.623887 0.338279
vt 6.636271 0.327336
vt 6.630595 0.326837
vt 6.641089 0.327838
vt 6.615967 0.374519
vt 6.609474 0.361701
vt 6.610070 0.349779
vt 6.617128 0.338089
vt 6.624186 0.326400
vt 6.637239 0.316193
vt 6.631396 0.315259
vt 6.642111 0.317627
vt 6.608378 0.373802
vt 6.602859 0.360919
vt 6.603661 0.349341
vt 6.610369 0.337899
vt 6.617363 0.326101
vt 6.624782 0.314477
vt 6.638576 0.305158
vt 6.632783 0.303674
vt 6.601472 0.372504
vt 6.597016 0.359986
vt 6.597985 0.348842
vt 6.604003 0.337736
vt 6.610530 0.325991
vt 6.617713 0.314024
vt 6.625877 0.302377
vt 6.595680 0.371020
vt 6.592145 0.358552
vt 6.593167 0.348341
vt 6.598339 0.337616
vt 6.604099 0.326070
vt 6.610619 0.313994
vt 6.618289 0.301660
vt 6.593487 0.337535
vt 6.598411 0.326309
vt 6.603938 0.314342
vt 6.610635 0.301705
vt 6.593525 0.326636
vt 6.597997 0.314884
vt 6.603560 0.302420
vt 6.592956 0.316155
vt 6.597560 0.303464
vt 6.708322 0.363447
vt 6.708762 0.352271
vt 6.714454 0.352500
vt 6.714202 0.364103
vt 6.703388 0.362246
vt 6.703925 0.351998
vt 6.708584 0.341041
vt 6.714247 0.340893
vt 6.720877 0.352634
vt 6.720846 0.364571
vt 6.707510 0.374532
vt 6.713366 0.375740
vt 6.703733 0.341190
vt 6.708120 0.329744
vt 6.713791 0.329236
vt 6.720613 0.340754
vt 6.727707 0.352610
vt 6.727929 0.364689
vt 6.720325 0.376710
vt 6.703256 0.330301
vt 6.707166 0.318352
vt 6.713075 0.317529
vt 6.720211 0.328852
vt 6.727374 0.340624
vt 6.734537 0.352396
vt 6.735016 0.364383
vt 6.727939 0.377066
vt 6.702191 0.319859
vt 6.706190 0.306966
vt 6.712133 0.305638
vt 6.719731 0.316865
vt 6.727040 0.328638
vt 6.734134 0.340494
vt 6.740956 0.352012
vt 6.741672 0.363719
vt 6.735582 0.376658
vt 6.719165 0.304590
vt 6.726818 0.316559
vt 6.733870 0.328614
vt 6.740500 0.340355
vt 6.746627 0.351504
vt 6.747581 0.362896
vt 6.742613 0.375610
vt 6.726808 0.304182
vt 6.733901 0.316677
vt 6.740293 0.328748
vt 6.746163 0.340207
vt 6.751491 0.350947
vt 6.752556 0.361389
vt 6.748558 0.374282
vt 6.734422 0.304538
vt 6.740544 0.317145
vt 6.745985 0.328977
vt 6.751014 0.340058
vt 6.741382 0.305508
vt 6.746425 0.317801
vt 6.750822 0.329250
vt 6.747237 0.306716
vt 6.751359 0.319002
vt 6.229679 0.342767
vt 6.232369 0.342777
vt 6.232632 0.347043
vt 6.229822 0.347333
vt 6.229841 0.338201
vt 6.232660 0.338513
vt 6.233459 0.350924
vt 6.230283 0.351613
vt 6.226991 0.342756
vt 6.226981 0.347426
vt 6.230316 0.333924
vt 6.233496 0.334644
vt 6.226999 0.338086
vt 6.236477 0.357688
vt 6.231709 0.359005
vt 6.226976 0.351826
vt 6.224302 0.342746
vt 6.224140 0.347311
vt 6.231922 0.326673
vt 6.236611 0.328125
vt 6.227005 0.333686
vt 6.224159 0.338180
vt 6.238452 0.363124
vt 6.232734 0.364744
vt 6.226870 0.359373
vt 6.223665 0.351589
vt 6.221612 0.342736
vt 6.221321 0.347000
vt 6.233126 0.320962
vt 6.238785 0.322774
vt 6.227111 0.326140
vt 6.223698 0.333900
vt 6.221349 0.338470
vt 6.240399 0.367650
vt 6.233622 0.369616
vt 6.226783 0.365222
vt 6.222060 0.358839
vt 6.220485 0.350869
vt 6.234229 0.316162
vt 6.240886 0.318366
vt 6.227197 0.320291
vt 6.222272 0.326508
vt 6.220522 0.334589
vt 6.226666 0.370160
vt 6.220855 0.364550
vt 6.217370 0.357388
vt 6.227314 0.315353
vt 6.221247 0.320769
vt 6.217503 0.327825
vt 6.219751 0.369351
vt 6.215195 0.362738
vt 6.220359 0.315897
vt 6.215529 0.322389
vt 6.213095 0.367147
vt 6.213582 0.317862
vt 6.293699 0.343455
vt 6.291010 0.343464
vt 6.290717 0.339201
vt 6.293525 0.338891
vt 6.293570 0.348021
vt 6.290749 0.347729
vt 6.289864 0.335326
vt 6.293035 0.334616
vt 6.296388 0.343447
vt 6.296364 0.338778
vt 6.293124 0.352301
vt 6.289940 0.351603
vt 6.296411 0.348117
vt 6.286799 0.328584
vt 6.291558 0.327234
vt 6.296340 0.334379
vt 6.299076 0.343439
vt 6.299206 0.338874
vt 6.291569 0.359561
vt 6.286870 0.358142
vt 6.296436 0.352516
vt 6.299250 0.348004
vt 6.284788 0.323163
vt 6.290494 0.321504
vt 6.296394 0.326834
vt 6.299652 0.334594
vt 6.301765 0.343431
vt 6.302027 0.339166
vt 6.290404 0.365279
vt 6.284732 0.363507
vt 6.296381 0.360061
vt 6.299740 0.352279
vt 6.302058 0.347694
vt 6.282810 0.318651
vt 6.289573 0.316639
vt 6.296440 0.320985
vt 6.301206 0.327333
vt 6.302835 0.335292
vt 6.289334 0.370087
vt 6.282663 0.367928
vt 6.296335 0.365910
vt 6.301217 0.359660
vt 6.302911 0.351569
vt 6.296523 0.316047
vt 6.302372 0.321615
vt 6.305905 0.328753
vt 6.296253 0.370848
vt 6.302281 0.365391
vt 6.305976 0.358311
vt 6.303442 0.316808
vt 6.308043 0.323388
vt 6.303202 0.370256
vt 6.307988 0.363732
vt 6.310112 0.318966
vt 6.309965 0.368244
vt 6.480504 0.334821
vt 6.479758 0.323834
vt 6.485860 0.322787
vt 6.486269 0.334552
vt 6.475596 0.335128
vt 6.474792 0.325047
vt 6.492929 0.322223
vt 6.492772 0.334493
vt 6.480228 0.345905
vt 6.485895 0.346218
vt 6.475374 0.345658
vt 6.500504 0.322360
vt 6.499681 0.334756
vt 6.492253 0.346590
vt 6.479332 0.356895
vt 6.484997 0.357808
vt 6.474528 0.356070
vt 6.508003 0.323239
vt 6.506563 0.335352
vt 6.498995 0.346998
vt 6.491427 0.358644
vt 6.477293 0.367528
vt 6.483125 0.369290
vt 6.472586 0.365802
vt 6.514864 0.324707
vt 6.512992 0.336188
vt 6.505737 0.347407
vt 6.498309 0.359241
vt 6.489987 0.370758
vt 6.520697 0.326468
vt 6.518658 0.337102
vt 6.512094 0.347779
vt 6.505218 0.359504
vt 6.497485 0.371637
vt 6.525404 0.328195
vt 6.523462 0.337926
vt 6.517762 0.348092
vt 6.511721 0.359445
vt 6.505061 0.371774
vt 6.522615 0.348339
vt 6.517486 0.359176
vt 6.512129 0.371210
vt 6.522394 0.358869
vt 6.518232 0.370163
vt 6.523198 0.368950
vt 6.401160 0.356084
vt 6.401830 0.367838
vt 6.394775 0.368559
vt 6.394658 0.356288
vt 6.406916 0.355687
vt 6.407907 0.366656
vt 6.387197 0.368591
vt 6.387745 0.356179
vt 6.401273 0.344413
vt 6.394908 0.344182
vt 6.411816 0.355271
vt 6.412845 0.365332
vt 6.406946 0.344599
vt 6.379682 0.367879
vt 6.380852 0.355736
vt 6.388158 0.343924
vt 6.401913 0.332804
vt 6.395464 0.332112
vt 6.411804 0.344738
vt 6.407597 0.333592
vt 6.372788 0.366564
vt 6.374404 0.355043
vt 6.381409 0.343665
vt 6.388572 0.331669
vt 6.403529 0.321283
vt 6.396636 0.319969
vt 6.412418 0.334309
vt 6.409399 0.322915
vt 6.366918 0.364933
vt 6.368720 0.354256
vt 6.375044 0.343435
vt 6.381659 0.331559
vt 6.389120 0.319257
vt 6.414144 0.324536
vt 6.362174 0.363311
vt 6.363899 0.353539
vt 6.369371 0.343248
vt 6.375157 0.331763
vt 6.381542 0.319288
vt 6.364513 0.343109
vt 6.369401 0.332160
vt 6.374487 0.320009
vt 6.364501 0.332576
vt 6.368410 0.321192
vt 6.363472 0.322515
vt 6.120629 0.193347
vt 6.124279 0.189659
vt 6.127663 0.192383
vt 6.122260 0.197082
vt 6.130815 0.194896
vt 6.124260 0.200558
vt 6.130621 0.185742
vt 6.134570 0.187026
vt 6.134075 0.197490
vt 6.126480 0.204154
vt 6.114468 0.198579
vt 6.115584 0.202971
vt 6.131319 0.178583
vt 6.135518 0.178539
vt 6.138581 0.188301
vt 6.137690 0.200729
vt 6.129352 0.208108
vt 6.116586 0.207156
vt 6.107100 0.200031
vt 6.107129 0.204232
vt 6.129855 0.171220
vt 6.134246 0.170107
vt 6.139741 0.178594
vt 6.107061 0.208457
vt 6.099936 0.199318
vt 6.098634 0.203262
vt 6.128373 0.163436
vt 6.131855 0.161448
vt 6.138430 0.169107
vt 6.097340 0.207267
vt 6.093301 0.196342
vt 6.090774 0.199485
vt 6.123691 0.158022
vt 6.126217 0.154880
vt 6.135459 0.159243
vt 6.088165 0.202734
vt 6.088620 0.190929
vt 6.085138 0.192916
vt 6.124629 0.165049
vt 6.120951 0.161394
vt 6.117057 0.155047
vt 6.118359 0.151103
vt 6.128826 0.151630
vt 6.081533 0.195122
vt 6.092363 0.189316
vt 6.096041 0.192971
vt 6.087138 0.183144
vt 6.082747 0.184257
vt 6.109893 0.154334
vt 6.109864 0.150133
vt 6.119653 0.147098
vt 6.132082 0.148029
vt 6.139425 0.156389
vt 6.084910 0.206336
vt 6.077567 0.197976
vt 6.078563 0.185258
vt 6.085673 0.175781
vt 6.081475 0.175825
vt 6.102524 0.155785
vt 6.101408 0.151394
vt 6.109932 0.145908
vt 6.077251 0.175771
vt 6.086372 0.168623
vt 6.082422 0.167339
vt 6.094733 0.157282
vt 6.092733 0.153806
vt 6.100407 0.147209
vt 6.078412 0.166063
vt 6.089330 0.161981
vt 6.086177 0.159468
vt 6.090514 0.150210
vt 6.082917 0.156874
vt 6.096364 0.161017
vt 6.092713 0.164706
vt 6.079303 0.153635
vt 6.087641 0.146256
vt 6.831500 0.363735
vt 6.823508 0.356124
vt 6.827204 0.352911
vt 6.834383 0.359838
vt 6.830541 0.350254
vt 6.836695 0.356367
vt 6.822736 0.343863
vt 6.826708 0.342297
vt 6.833869 0.347720
vt 6.838976 0.353019
vt 6.843633 0.363806
vt 6.844644 0.359704
vt 6.820314 0.334409
vt 6.824516 0.333957
vt 6.830768 0.340677
vt 6.837773 0.345185
vt 6.841474 0.349280
vt 6.845656 0.355635
vt 6.853435 0.364660
vt 6.853182 0.360419
vt 6.820596 0.324378
vt 6.824718 0.325253
vt 6.828688 0.333472
vt 6.852938 0.356156
vt 6.863124 0.362776
vt 6.861609 0.358810
vt 6.824434 0.314538
vt 6.827879 0.316894
vt 6.828786 0.326165
vt 6.860122 0.354845
vt 6.871837 0.357888
vt 6.869112 0.354668
vt 6.831651 0.307189
vt 6.834078 0.310628
vt 6.831230 0.319167
vt 6.866460 0.351518
vt 6.878117 0.350430
vt 6.874532 0.348179
vt 6.820620 0.311527
vt 6.828507 0.303460
vt 6.841648 0.303425
vt 6.842732 0.307576
vt 6.836297 0.313962
vt 6.870958 0.345902
vt 6.882183 0.353119
vt 6.875187 0.361432
vt 6.881920 0.341550
vt 6.877820 0.340451
vt 6.851356 0.302063
vt 6.851246 0.306296
vt 6.843993 0.311841
vt 6.838237 0.317569
vt 6.834852 0.321619
vt 6.863536 0.347943
vt 6.866863 0.343290
vt 6.873711 0.339296
vt 6.883087 0.332070
vt 6.878850 0.332211
vt 6.860972 0.303324
vt 6.859663 0.307346
vt 6.851261 0.310516
vt 6.874627 0.332344
vt 6.881360 0.322662
vt 6.877354 0.324056
vt 6.869868 0.307382
vt 6.867397 0.310823
vt 6.858388 0.311363
vt 6.873363 0.325476
vt 6.876826 0.314111
vt 6.873450 0.316640
vt 6.864997 0.314220
vt 6.870106 0.319153
vt 6.872873 0.303527
vt 6.880623 0.311068
vt 6.866300 0.321967
vt 6.862365 0.317963
vn 0.220016 -0.961753 -0.163170
vn 0.462976 -0.830367 -0.310071
vn 0.351323 -0.809769 -0.469944
vn 0.113016 -0.938639 -0.325859
vn -0.044498 -0.999009 -0.000289
vn -0.146415 -0.975178 -0.166106
vn -0.304659 -0.938475 0.162626
vn -0.401572 -0.915806 -0.006327
vn -0.535001 -0.786069 0.309628
vn -0.627486 -0.766330 0.137843
vn -0.712980 -0.556700 0.426315
vn -0.802027 -0.541395 0.252278
vn -0.821145 -0.272883 0.501254
vn -0.908118 -0.263025 0.325791
vn -0.848940 0.037677 0.527144
vn -0.935384 0.041557 0.351182
vn -0.793642 0.344518 0.501438
vn -0.881152 0.342513 0.325969
vn -0.660662 0.617659 0.426642
vn -0.750732 0.610398 0.252619
vn -0.462994 0.830356 0.310074
vn -0.556856 0.819016 0.138290
vn -0.220005 0.961757 0.163159
vn -0.318540 0.947892 -0.005801
vn 0.044494 0.999010 0.000286
vn -0.059118 0.984429 -0.165546
vn 0.304661 0.938473 -0.162635
vn 0.196037 0.925058 -0.325326
vn 0.534994 0.786074 -0.309627
vn 0.421952 0.775581 -0.469499
vn 0.712964 0.556722 -0.426314
vn 0.596493 0.550645 -0.583940
vn 0.821137 0.272882 -0.501268
vn 0.702582 0.272277 -0.657452
vn 0.848934 -0.037662 -0.527155
vn 0.729851 -0.032303 -0.682843
vn 0.793637 -0.344519 -0.501445
vn 0.675616 -0.333285 -0.657620
vn 0.660639 -0.617687 -0.426638
vn 0.545182 -0.601185 -0.584255
vn 0.291160 -0.788124 -0.542297
vn 0.058539 -0.913924 -0.401641
vn -0.194701 -0.949590 -0.245706
vn -0.443774 -0.891634 -0.089739
vn -0.664312 -0.745715 0.050987
vn -0.834696 -0.526135 0.162683
vn -0.938248 -0.254417 0.234443
vn -0.964863 0.042879 0.259230
vn -0.911926 0.336665 0.234621
vn -0.784619 0.598160 0.163026
vn -0.595371 0.801803 0.051426
vn -0.362738 0.927609 -0.089232
vn -0.109498 0.963278 -0.245165
vn 0.139574 0.905329 -0.401122
vn 0.360102 0.759414 -0.541864
vn 0.530476 0.539834 -0.653586
vn 0.634021 0.268111 -0.725351
vn 0.660648 -0.029208 -0.750127
vn 0.607721 -0.323023 -0.725487
vn 0.480408 -0.584502 -0.653885
vn -0.078984 -0.815498 -0.573345
vn 0.130092 -0.702439 -0.699754
vn 0.008949 -0.615138 -0.788369
vn -0.175564 -0.714920 -0.676806
vn -0.306595 -0.847554 -0.433187
vn -0.376432 -0.743208 -0.553119
vn -0.530458 -0.795463 -0.293007
vn -0.573992 -0.697240 -0.429406
vn -0.728649 -0.664334 -0.166528
vn -0.748901 -0.581515 -0.317786
vn -0.881788 -0.466988 -0.066117
vn -0.884051 -0.407349 -0.229176
vn -0.974872 -0.222760 -0.001615
vn -0.966197 -0.191814 -0.172252
vn -0.998797 0.044482 0.020657
vn -0.987308 0.044020 -0.152596
vn -0.951205 0.308555 -0.001468
vn -0.945310 0.277061 -0.172121
vn -0.836771 0.543581 -0.065824
vn -0.844319 0.484480 -0.228921
vn -0.666693 0.726584 -0.166118
vn -0.694229 0.645974 -0.317434
vn -0.457613 0.839650 -0.292538
vn -0.509712 0.745759 -0.428996
vn -0.230010 0.871701 -0.432705
vn -0.308846 0.774048 -0.552687
vn -0.006148 0.819611 -0.572888
vn -0.111290 0.728075 -0.676404
vn 0.192056 0.688484 -0.699360
vn 0.063622 0.612355 -0.788019
vn 0.345194 0.491128 -0.799771
vn 0.198770 0.438182 -0.876634
vn 0.438276 0.246899 -0.864266
vn 0.280921 0.222646 -0.933548
vn 0.462199 -0.020321 -0.886544
vn 0.302034 -0.013172 -0.953206
vn 0.414610 -0.284384 -0.864421
vn 0.260037 -0.246216 -0.933680
vn 0.300172 -0.519431 -0.800055
vn 0.159046 -0.453638 -0.876879
vn -0.264597 -0.349410 -0.898833
vn -0.373048 -0.408065 -0.833258
vn -0.491111 -0.424695 -0.760556
vn -0.607230 -0.397676 -0.687841
vn -0.710038 -0.329655 -0.622233
vn -0.789475 -0.227280 -0.570152
vn -0.837761 -0.100595 -0.536691
vn -0.850165 0.038016 -0.525142
vn -0.825483 0.174990 -0.536616
vn -0.766122 0.296906 -0.570003
vn -0.677902 0.391827 -0.622030
vn -0.569449 0.450480 -0.687602
vn -0.451384 0.467110 -0.760303
vn -0.335267 0.440086 -0.833019
vn -0.232458 0.372068 -0.898626
vn -0.153021 0.269693 -0.950710
vn -0.104731 0.143006 -0.984165
vn -0.092332 0.004399 -0.995718
vn -0.117016 -0.132580 -0.984241
vn -0.176376 -0.254490 -0.950856
vn -0.547402 0.061957 -0.834573
vn -0.536199 0.068013 -0.841347
vn -0.524003 0.069732 -0.848857
vn -0.512009 0.066942 -0.856368
vn -0.501389 0.059917 -0.863145
vn -0.493183 0.049342 -0.868525
vn -0.488197 0.036255 -0.871980
vn -0.486913 0.021935 -0.873175
vn -0.489465 0.007787 -0.871988
vn -0.495595 -0.004804 -0.868540
vn -0.504710 -0.014609 -0.863165
vn -0.515911 -0.020669 -0.856393
vn -0.528107 -0.022386 -0.848883
vn -0.540103 -0.019595 -0.841371
vn -0.550722 -0.012571 -0.834594
vn -0.558925 -0.001996 -0.829216
vn -0.563911 0.011095 -0.825761
vn -0.565195 0.025410 -0.824566
vn -0.562646 0.039557 -0.825751
vn -0.556514 0.052150 -0.829200
vn -0.689165 0.444171 -0.572507
vn -0.565153 0.511232 -0.647490
vn -0.430154 0.530243 -0.730623
vn -0.297377 0.499345 -0.813770
vn -0.179818 0.421577 -0.888785
vn -0.088985 0.304523 -0.948339
vn -0.033779 0.159651 -0.986595
vn -0.019592 0.001151 -0.999807
vn -0.047817 -0.155463 -0.986684
vn -0.115690 -0.294860 -0.948511
vn -0.216566 -0.403411 -0.889021
vn -0.340578 -0.470470 -0.814042
vn -0.475577 -0.489483 -0.730912
vn -0.608353 -0.458594 -0.647765
vn -0.725911 -0.380810 -0.572745
vn -0.816741 -0.263759 -0.513192
vn -0.871953 -0.118890 -0.474935
vn -0.886140 0.039604 -0.461722
vn -0.857918 0.196216 -0.474843
vn -0.790042 0.335627 -0.513019
vn -0.689374 0.667721 -0.280913
vn -0.498267 0.771071 -0.396458
vn -0.290221 0.800373 -0.524571
vn -0.085604 0.752757 -0.652709
vn 0.095558 0.632899 -0.768314
vn 0.235531 0.452514 -0.860091
vn 0.320614 0.229263 -0.919046
vn 0.342477 -0.014989 -0.939407
vn 0.298985 -0.256345 -0.919182
vn 0.194392 -0.471179 -0.860350
vn 0.038929 -0.638456 -0.768674
vn -0.152178 -0.741798 -0.653129
vn -0.360223 -0.771100 -0.525019
vn -0.564840 -0.723492 -0.396882
vn -0.746001 -0.603630 -0.281270
vn -0.885977 -0.423247 -0.189491
vn -0.971062 -0.199996 -0.130540
vn -0.992925 0.044261 -0.110185
vn -0.949430 0.285617 -0.130411
vn -0.844832 0.500449 -0.189235
vn -0.630751 0.774790 -0.043055
vn -0.406722 0.895941 -0.178513
vn -0.162831 0.930291 -0.328701
vn 0.077043 0.874476 -0.478912
vn 0.289420 0.733959 -0.614443
vn 0.453513 0.522492 -0.722031
vn 0.553256 0.260788 -0.791137
vn 0.578891 -0.025551 -0.815005
vn 0.527903 -0.308495 -0.791296
vn 0.405282 -0.560345 -0.722330
vn 0.223036 -0.756439 -0.614862
vn -0.000999 -0.877594 -0.479404
vn -0.244888 -0.911946 -0.329217
vn -0.484763 -0.856131 -0.179009
vn -0.697141 -0.715614 -0.043477
vn -0.861235 -0.504148 0.064109
vn -0.960978 -0.242437 0.133216
vn -0.986608 0.043902 0.157088
vn -0.935617 0.326847 0.133384
vn -0.812995 0.578697 0.064417
vn -0.552614 0.820349 0.147120
vn -0.313851 0.949468 0.002757
vn -0.053924 0.986078 -0.157299
vn 0.201723 0.926594 -0.317382
vn 0.428065 0.776837 -0.461828
vn 0.602947 0.551461 -0.576494
vn 0.709244 0.272553 -0.650144
vn 0.736563 -0.032618 -0.675582
vn 0.682221 -0.334163 -0.650315
vn 0.551539 -0.602569 -0.576815
vn 0.357309 -0.811560 -0.462277
vn 0.118548 -0.940679 -0.317915
vn -0.141379 -0.977289 -0.157852
vn -0.397026 -0.917805 0.002235
vn -0.623369 -0.768047 0.146676
vn -0.798253 -0.542676 0.261333
vn -0.904555 -0.263751 0.334986
vn -0.931868 0.041405 0.360427
vn -0.877526 0.342952 0.335161
vn -0.746842 0.611360 0.261659
vn -0.462996 0.830353 0.310078
vn -0.220015 0.961754 0.163165
vn 0.044501 0.999009 0.000283
vn 0.304656 0.938477 -0.162625
vn 0.534994 0.786077 -0.309620
vn 0.712964 0.556724 -0.426310
vn 0.821138 0.272889 -0.501262
vn 0.848939 -0.037662 -0.527148
vn 0.793638 -0.344531 -0.501436
vn 0.660649 -0.617678 -0.426636
vn 0.462994 -0.830354 -0.310079
vn 0.220017 -0.961753 -0.163170
vn -0.044499 -0.999009 -0.000283
vn -0.304660 -0.938474 0.162629
vn -0.534993 -0.786078 0.309621
vn -0.712960 -0.556731 0.426309
vn -0.821139 -0.272886 0.501262
vn -0.848940 0.037666 0.527146
vn -0.793638 0.344534 0.501433
vn -0.660652 0.617672 0.426639
vn -0.357312 0.811557 0.462281
vn -0.118545 0.940680 0.317912
vn 0.141378 0.977290 0.157852
vn 0.397028 0.917804 -0.002236
vn 0.623368 0.768049 -0.146675
vn 0.798250 0.542680 -0.261336
vn 0.904549 0.263765 -0.334991
vn 0.931867 -0.041401 -0.360429
vn 0.877524 -0.342952 -0.335164
vn 0.746843 -0.611357 -0.261665
vn 0.552620 -0.820344 -0.147128
vn 0.313851 -0.949468 -0.002762
vn 0.053924 -0.986078 0.157297
vn -0.201726 -0.926592 0.317385
vn -0.428062 -0.776841 0.461825
vn -0.602940 -0.551475 0.576488
vn -0.709243 -0.272553 0.650146
vn -0.736559 0.032617 0.675586
vn -0.682216 0.334171 0.650316
vn -0.551538 0.602570 0.576815
vn -0.223038 0.756436 0.614864
vn 0.000999 0.877593 0.479406
vn 0.244891 0.911946 0.329216
vn 0.484766 0.856129 0.179009
vn 0.697144 0.715612 0.043480
vn 0.861235 0.504148 -0.064107
vn 0.960975 0.242444 -0.133221
vn 0.986607 -0.043899 -0.157096
vn 0.935618 -0.326844 -0.133389
vn 0.813000 -0.578688 -0.064423
vn 0.630757 -0.774785 0.043052
vn 0.406720 -0.895942 0.178513
vn 0.162829 -0.930292 0.328699
vn -0.077045 -0.874476 0.478911
vn -0.289420 -0.733965 0.614436
vn -0.453514 -0.522502 0.722023
vn -0.553260 -0.260783 0.791136
vn -0.578891 0.025551 0.815005
vn -0.527903 0.308503 0.791293
vn -0.405283 0.560352 0.722324
vn -0.038929 0.638450 0.768678
vn 0.152179 0.741795 0.653132
vn 0.360222 0.771101 0.525018
vn 0.564842 0.723489 0.396885
vn 0.746001 0.603629 0.281272
vn 0.885976 0.423246 0.189499
vn 0.971060 0.200003 0.130545
vn 0.992926 -0.044255 0.110183
vn 0.949429 -0.285620 0.130406
vn 0.844833 -0.500446 0.189235
vn 0.689371 -0.667724 0.280913
vn 0.498263 -0.771073 0.396461
vn 0.290224 -0.800370 0.524574
vn 0.085602 -0.752759 0.652707
vn -0.095561 -0.632899 0.768315
vn -0.235534 -0.452515 0.860090
vn -0.320619 -0.229265 0.919044
vn -0.342484 0.014989 0.939404
vn -0.298989 0.256349 0.919180
vn -0.194393 0.471181 0.860348
vn 0.216565 0.403411 0.889021
vn 0.340575 0.470472 0.814042
vn 0.475577 0.489486 0.730910
vn 0.608353 0.458592 0.647765
vn 0.725909 0.380818 0.572742
vn 0.816741 0.263767 0.513188
vn 0.871951 0.118901 0.474935
vn 0.886138 -0.039599 0.461726
vn 0.857912 -0.196223 0.474850
vn 0.790039 -0.335625 0.513024
vn 0.689162 -0.444170 0.572511
vn 0.565153 -0.511236 0.647488
vn 0.430154 -0.530243 0.730623
vn 0.297374 -0.499351 0.813767
vn 0.179818 -0.421575 0.888786
vn 0.088989 -0.304521 0.948340
vn 0.033779 -0.159654 0.986595
vn 0.019588 -0.001150 0.999807
vn 0.047812 0.155465 0.986684
vn 0.115688 0.294865 0.948510
vn 0.504709 0.014612 0.863166
vn 0.515912 0.020670 0.856392
vn 0.528108 0.022387 0.848882
vn 0.540102 0.019595 0.841371
vn 0.550722 0.012571 0.834594
vn 0.558925 0.001996 0.829216
vn 0.563916 -0.011090 0.825758
vn 0.565197 -0.025410 0.824565
vn 0.562646 -0.039557 0.825751
vn 0.556515 -0.052151 0.829199
vn 0.547401 -0.061954 0.834574
vn 0.536199 -0.068013 0.841347
vn 0.524003 -0.069734 0.848857
vn 0.512009 -0.066943 0.856368
vn 0.501390 -0.059914 0.863145
vn 0.493182 -0.049343 0.868526
vn 0.488197 -0.036255 0.871980
vn 0.486915 -0.021934 0.873174
vn 0.489462 -0.007785 0.871990
vn 0.495597 0.004805 0.868539
vn 0.677902 -0.391832 0.622026
vn 0.569448 -0.450483 0.687600
vn 0.451385 -0.467110 0.760303
vn 0.335266 -0.440083 0.833021
vn 0.232458 -0.372062 0.898628
vn 0.153021 -0.269707 0.950706
vn 0.104736 -0.143019 0.984163
vn 0.092324 -0.004394 0.995719
vn 0.117010 0.132577 0.984242
vn 0.176368 0.254494 0.950856
vn 0.264592 0.349420 0.898831
vn 0.373046 0.408066 0.833258
vn 0.491110 0.424697 0.760555
vn 0.607231 0.397674 0.687841
vn 0.710039 0.329655 0.622232
vn 0.789473 0.227284 0.570153
vn 0.837760 0.100598 0.536692
vn 0.850166 -0.038010 0.525141
vn 0.825482 -0.174994 0.536616
vn 0.766124 -0.296906 0.570001
vn 0.694229 -0.645974 0.317434
vn 0.509710 -0.745760 0.428995
vn 0.308845 -0.774049 0.552687
vn 0.111288 -0.728076 0.676403
vn -0.063622 -0.612347 0.788025
vn -0.198768 -0.438191 0.876630
vn -0.280918 -0.222657 0.933547
vn -0.302029 0.013183 0.953208
vn -0.260033 0.246215 0.933682
vn -0.159045 0.453632 0.876882
vn -0.008948 0.615135 0.788371
vn 0.175568 0.714915 0.676811
vn 0.376434 0.743209 0.553117
vn 0.573995 0.697239 0.429404
vn 0.748904 0.581513 0.317782
vn 0.884050 0.407350 0.229175
vn 0.966197 0.191808 0.172256
vn 0.987307 -0.044024 0.152599
vn 0.945312 -0.277057 0.172121
vn 0.844327 -0.484467 0.228918
vn 0.666695 -0.726581 0.166127
vn 0.457615 -0.839648 0.292541
vn 0.230008 -0.871703 0.432701
vn 0.006148 -0.819614 0.572883
vn -0.192054 -0.688476 0.699369
vn -0.345193 -0.491120 0.799777
vn -0.438273 -0.246886 0.864271
vn -0.462189 0.020332 0.886548
vn -0.414603 0.284384 0.864425
vn -0.300170 0.519421 0.800062
vn -0.130097 0.702427 0.699765
vn 0.078980 0.815498 0.573345
vn 0.306592 0.847555 0.433189
vn 0.530455 0.795466 0.293005
vn 0.728651 0.664334 0.166519
vn 0.881793 0.466982 0.066108
vn 0.974877 0.222737 0.001617
vn 0.998796 -0.044505 -0.020647
vn 0.951212 -0.308534 0.001472
vn 0.836787 -0.543557 0.065825
vn 0.362749 -0.927605 0.089227
vn 0.595392 -0.801787 -0.051436
vn 0.556866 -0.819008 -0.138294
vn 0.318547 -0.947889 0.005803
vn 0.109496 -0.963279 0.245161
vn 0.059117 -0.984427 0.165554
vn -0.139582 -0.905325 0.401127
vn -0.196039 -0.925058 0.325326
vn -0.360096 -0.759417 0.541864
vn -0.421950 -0.775583 0.469499
vn -0.530460 -0.539855 0.653582
vn -0.596500 -0.550630 0.583947
vn -0.634010 -0.268138 0.725350
vn -0.702581 -0.272280 0.657452
vn -0.660633 0.029210 0.750140
vn -0.729846 0.032318 0.682847
vn -0.607700 0.322995 0.725518
vn -0.675612 0.333274 0.657630
vn -0.480397 0.584476 0.653917
vn -0.545195 0.601154 0.584275
vn -0.291158 0.788110 0.542319
vn -0.351329 0.809763 0.469948
vn -0.058534 0.913911 0.401671
vn -0.113015 0.938640 0.325858
vn 0.194699 0.949588 0.245712
vn 0.146410 0.975178 0.166106
vn 0.443772 0.891636 0.089737
vn 0.401574 0.915805 0.006321
vn 0.664321 0.745706 -0.050992
vn 0.627485 0.766329 -0.137850
vn 0.834679 0.526160 -0.162686
vn 0.802024 0.541396 -0.252286
vn 0.938246 0.254442 -0.234423
vn 0.908117 0.263025 -0.325794
vn 0.964867 -0.042878 -0.259215
vn 0.935384 -0.041558 -0.351183
vn 0.911908 -0.336718 -0.234617
vn 0.881143 -0.342541 -0.325964
vn 0.784605 -0.598177 -0.163031
vn 0.750716 -0.610418 -0.252617
vn -0.179452 -0.567008 -0.803927
vn -0.179452 -0.567008 -0.803927
vn -0.179452 -0.567008 -0.803927
vn -0.179452 -0.567008 -0.803927
vn -0.345142 -0.622076 -0.702780
vn -0.345142 -0.622076 -0.702780
vn -0.345142 -0.622076 -0.702780
vn -0.345142 -0.622076 -0.702780
vn -0.516455 -0.614461 -0.596416
vn -0.516455 -0.614461 -0.596416
vn -0.516455 -0.614461 -0.596416
vn -0.516455 -0.614461 -0.596416
vn -0.676591 -0.544959 -0.495222
vn -0.676591 -0.544959 -0.495222
vn -0.676591 -0.544959 -0.495222
vn -0.676591 -0.544959 -0.495222
vn -0.809905 -0.420308 -0.409140
vn -0.809904 -0.420308 -0.409140
vn -0.809905 -0.420308 -0.409140
vn -0.809904 -0.420308 -0.409140
vn -0.903332 -0.252755 -0.346564
vn -0.903332 -0.252756 -0.346564
vn -0.903332 -0.252756 -0.346564
vn -0.903332 -0.252755 -0.346564
vn -0.947724 -0.058696 -0.313646
vn -0.947724 -0.058696 -0.313646
vn -0.947724 -0.058696 -0.313646
vn -0.947724 -0.058696 -0.313646
vn -0.938741 0.142931 -0.313587
vn -0.938741 0.142931 -0.313587
vn -0.938741 0.142931 -0.313587
vn -0.938741 0.142931 -0.313587
vn -0.877271 0.332260 -0.346410
vn -0.877271 0.332260 -0.346410
vn -0.877271 0.332260 -0.346410
vn -0.877271 0.332260 -0.346410
vn -0.769312 0.490897 -0.408875
vn -0.769312 0.490897 -0.408875
vn -0.769312 0.490897 -0.408875
vn -0.769312 0.490897 -0.408875
vn -0.625444 0.603234 -0.494903
vn -0.625444 0.603234 -0.494903
vn -0.625444 0.603234 -0.494903
vn -0.625444 0.603234 -0.494903
vn -0.459766 0.658268 -0.596070
vn -0.459766 0.658268 -0.596069
vn -0.459766 0.658268 -0.596069
vn -0.459766 0.658268 -0.596070
vn -0.288452 0.650698 -0.702416
vn -0.288452 0.650698 -0.702416
vn -0.288452 0.650698 -0.702416
vn -0.288452 0.650698 -0.702416
vn -0.128313 0.581156 -0.803612
vn -0.128313 0.581157 -0.803612
vn -0.128313 0.581156 -0.803612
vn -0.128313 0.581156 -0.803612
vn 0.004996 0.456528 -0.889695
vn 0.004996 0.456528 -0.889695
vn 0.004996 0.456528 -0.889695
vn 0.004996 0.456528 -0.889695
vn 0.098423 0.288973 -0.952265
vn 0.098423 0.288973 -0.952264
vn 0.098423 0.288973 -0.952264
vn 0.098423 0.288973 -0.952265
vn 0.142825 0.094942 -0.985184
vn 0.142825 0.094942 -0.985184
vn 0.142825 0.094942 -0.985184
vn 0.142825 0.094942 -0.985184
vn 0.133839 -0.106686 -0.985244
vn 0.133839 -0.106686 -0.985244
vn 0.133839 -0.106686 -0.985244
vn 0.133839 -0.106686 -0.985244
vn 0.072361 -0.296060 -0.952425
vn 0.072361 -0.296060 -0.952425
vn 0.072361 -0.296060 -0.952424
vn 0.072361 -0.296060 -0.952425
vn -0.035585 -0.454652 -0.889958
vn -0.035585 -0.454652 -0.889958
vn -0.035585 -0.454652 -0.889958
vn -0.035585 -0.454652 -0.889958
vn 0.625445 -0.603240 0.494893
vn 0.625445 -0.603240 0.494893
vn 0.625445 -0.603240 0.494893
vn 0.625445 -0.603240 0.494893
vn 0.459758 -0.658283 0.596059
vn 0.459758 -0.658283 0.596059
vn 0.459758 -0.658283 0.596059
vn 0.459758 -0.658283 0.596059
vn 0.288448 -0.650697 0.702418
vn 0.288448 -0.650697 0.702418
vn 0.288448 -0.650697 0.702418
vn 0.288448 -0.650697 0.702418
vn 0.128316 -0.581157 0.803612
vn 0.128316 -0.581157 0.803612
vn 0.128316 -0.581157 0.803612
vn 0.128316 -0.581157 0.803612
vn -0.004999 -0.456509 0.889705
vn -0.004999 -0.456510 0.889705
vn -0.004999 -0.456509 0.889705
vn -0.004999 -0.456509 0.889705
vn -0.098423 -0.288995 0.952258
vn -0.098423 -0.288995 0.952258
vn -0.098423 -0.288995 0.952258
vn -0.098423 -0.288995 0.952258
vn -0.142825 -0.094918 0.985186
vn -0.142825 -0.094918 0.985186
vn -0.142825 -0.094918 0.985186
vn -0.142825 -0.094918 0.985186
vn -0.133846 0.106663 0.985245
vn -0.133846 0.106663 0.985245
vn -0.133846 0.106663 0.985245
vn -0.133846 0.106663 0.985245
vn -0.072357 0.296082 0.952418
vn -0.072357 0.296082 0.952418
vn -0.072357 0.296082 0.952418
vn -0.072357 0.296082 0.952418
vn 0.035585 0.454675 0.889946
vn 0.035584 0.454675 0.889946
vn 0.035585 0.454675 0.889946
vn 0.035585 0.454675 0.889946
vn 0.179448 0.566995 0.803937
vn 0.179448 0.566995 0.803937
vn 0.179448 0.566995 0.803937
vn 0.179448 0.566995 0.803937
vn 0.345142 0.622090 0.702767
vn 0.345142 0.622090 0.702767
vn 0.345142 0.622090 0.702767
vn 0.345142 0.622090 0.702767
vn 0.516453 0.614462 0.596416
vn 0.516453 0.614462 0.596416
vn 0.516453 0.614462 0.596416
vn 0.516453 0.614462 0.596416
vn 0.676579 0.544972 0.495223
vn 0.676579 0.544972 0.495223
vn 0.676579 0.544972 0.495223
vn 0.676579 0.544972 0.495223
vn 0.809896 0.420322 0.409144
vn 0.809896 0.420322 0.409144
vn 0.809896 0.420322 0.409144
vn 0.809896 0.420322 0.409144
vn 0.903329 0.252753 0.346573
vn 0.903329 0.252754 0.346573
vn 0.903329 0.252754 0.346573
vn 0.903329 0.252754 0.346573
vn 0.947726 0.058697 0.313640
vn 0.947726 0.058697 0.313640
vn 0.947726 0.058697 0.313640
vn 0.947726 0.058697 0.313640
vn 0.938749 -0.142886 0.313582
vn 0.938749 -0.142886 0.313582
vn 0.938749 -0.142886 0.313581
vn 0.938749 -0.142886 0.313582
vn 0.877270 -0.332259 0.346413
vn 0.877270 -0.332259 0.346412
vn 0.877270 -0.332259 0.346412
vn 0.877270 -0.332259 0.346412
vn 0.769312 -0.490889 0.408885
vn 0.769312 -0.490889 0.408885
vn 0.769312 -0.490889 0.408885
vn 0.769312 -0.490889 0.408885
s 1
g _full_skateboard _group1 _group2 _nurbsCircle2 _wheel1
usemtl _lambert2SG
f 1222/1497/1201 1221/1498/1202 1223/1499/1203 1224/1500/1204
f 1225/1505/1205 1222/1497/1201 1224/1500/1204 1226/1506/1206
f 1227/1513/1207 1225/1505/1205 1226/1506/1206 1228/1514/1208
f 1229/1523/1209 1227/1513/1207 1228/1514/1208 1230/1524/1210
f 1231/1234/1211 1229/1239/1209 1230/1240/1210 1232/1235/1212
f 1233/1233/1213 1231/1234/1211 1232/1235/1212 1234/1236/1214
f 1235/1243/1215 1233/1233/1213 1234/1236/1214 1236/1244/1216
f 1237/1253/1217 1235/1243/1215 1236/1244/1216 1238/1254/1218
f 1239/1264/1219 1237/1253/1217 1238/1254/1218 1240/1265/1220
f 1241/1278/1221 1239/1264/1219 1240/1265/1220 1242/1279/1222
f 1243/1552/1223 1241/1553/1221 1242/1554/1222 1244/1555/1224
f 1245/1560/1225 1243/1552/1223 1244/1555/1224 1246/1561/1226
f 1247/1568/1227 1245/1560/1225 1246/1561/1226 1248/1569/1228
f 1249/1578/1229 1247/1568/1227 1248/1569/1228 1250/1579/1230
f 1251/1307/1231 1249/1312/1229 1250/1313/1230 1252/1308/1232
f 1253/1306/1233 1251/1307/1231 1252/1308/1232 1254/1309/1234
f 1255/1316/1235 1253/1306/1233 1254/1309/1234 1256/1317/1236
f 1257/1326/1237 1255/1316/1235 1256/1317/1236 1258/1327/1238
f 1259/1337/1239 1257/1326/1237 1258/1327/1238 1260/1338/1240
f 1221/1351/1202 1259/1337/1239 1260/1338/1240 1223/1352/1203
f 1224/1500/1204 1223/1499/1203 1261/1503/1241 1262/1504/1242
f 1226/1506/1206 1224/1500/1204 1262/1504/1242 1263/1512/1243
f 1228/1514/1208 1226/1506/1206 1263/1512/1243 1264/1522/1244
f 1230/1524/1210 1228/1514/1208 1264/1522/1244 1265/1534/1245
f 1232/1235/1212 1230/1240/1210 1265/1249/1245 1266/1241/1246
f 1234/1236/1214 1232/1235/1212 1266/1241/1246 1267/1242/1247
f 1236/1244/1216 1234/1236/1214 1267/1242/1247 1268/1252/1248
f 1238/1254/1218 1236/1244/1216 1268/1252/1248 1269/1263/1249
f 1240/1265/1220 1238/1254/1218 1269/1263/1249 1270/1277/1250
f 1242/1279/1222 1240/1265/1220 1270/1277/1250 1271/1291/1251
f 1244/1555/1224 1242/1554/1222 1271/1558/1251 1272/1559/1252
f 1246/1561/1226 1244/1555/1224 1272/1559/1252 1273/1567/1253
f 1248/1569/1228 1246/1561/1226 1273/1567/1253 1274/1577/1254
f 1250/1579/1230 1248/1569/1228 1274/1577/1254 1275/1589/1255
f 1252/1308/1232 1250/1313/1230 1275/1322/1255 1276/1314/1256
f 1254/1309/1234 1252/1308/1232 1276/1314/1256 1277/1315/1257
f 1256/1317/1236 1254/1309/1234 1277/1315/1257 1278/1325/1258
f 1258/1327/1238 1256/1317/1236 1278/1325/1258 1279/1336/1259
f 1260/1338/1240 1258/1327/1238 1279/1336/1259 1280/1350/1260
f 1223/1352/1203 1260/1338/1240 1280/1350/1260 1261/1364/1241
s 2
f 882/1511/1261 881/1510/1262 901/1519/1263 902/1520/1264
f 883/1521/1265 882/1511/1261 902/1520/1264 903/1532/1266
f 884/1533/1267 883/1521/1265 903/1532/1266 904/1541/1268
f 885/1542/1269 884/1533/1267 904/1541/1268 905/1547/1270
f 886/1250/1271 885/1271/1269 905/1272/1270 906/1260/1272
f 887/1251/1273 886/1250/1271 906/1260/1272 907/1261/1274
f 888/1262/1275 887/1251/1273 907/1261/1274 908/1275/1276
f 889/1276/1277 888/1262/1275 908/1275/1276 909/1289/1278
f 890/1290/1279 889/1276/1277 909/1289/1278 910/1297/1280
f 891/1301/1281 890/1290/1279 910/1297/1280 911/1302/1282
f 892/1566/1283 891/1565/1281 911/1574/1282 912/1575/1284
f 893/1576/1285 892/1566/1283 912/1575/1284 913/1587/1286
f 894/1588/1287 893/1576/1285 913/1587/1286 914/1596/1288
f 895/1597/1289 894/1588/1287 914/1596/1288 915/1602/1290
f 896/1323/1291 895/1344/1289 915/1345/1290 916/1333/1292
f 897/1324/1293 896/1323/1291 916/1333/1292 917/1334/1294
f 898/1335/1295 897/1324/1293 917/1334/1294 918/1348/1296
f 899/1349/1297 898/1335/1295 918/1348/1296 919/1362/1298
f 900/1363/1299 899/1349/1297 919/1362/1298 920/1370/1300
f 881/1374/1262 900/1363/1299 920/1370/1300 901/1375/1263
f 902/1520/1264 901/1519/1263 921/1530/1301 922/1531/1302
f 903/1532/1266 902/1520/1264 922/1531/1302 923/1540/1303
f 904/1541/1268 903/1532/1266 923/1540/1303 924/1546/1304
f 905/1547/1270 904/1541/1268 924/1546/1304 925/1550/1305
f 906/1697/1272 905/1698/1270 925/1699/1305 926/1700/1306
f 907/1261/1274 906/1260/1272 926/1273/1306 927/1274/1307
f 908/1275/1276 907/1261/1274 927/1274/1307 928/1288/1308
f 909/1289/1278 908/1275/1276 928/1288/1308 929/1296/1309
f 910/1297/1280 909/1289/1278 929/1296/1309 930/1300/1310
f 911/1741/1282 910/1742/1280 930/1727/1310 931/1733/1311
f 912/1575/1284 911/1574/1282 931/1585/1311 932/1586/1312
f 913/1587/1286 912/1575/1284 932/1586/1312 933/1595/1313
f 914/1596/1288 913/1587/1286 933/1595/1313 934/1601/1314
f 915/1602/1290 914/1596/1288 934/1601/1314 935/1605/1315
f 916/1769/1292 915/1770/1290 935/1765/1315 936/1761/1316
f 917/1334/1294 916/1333/1292 936/1346/1316 937/1347/1317
f 918/1348/1296 917/1334/1294 937/1347/1317 938/1361/1318
f 919/1362/1298 918/1348/1296 938/1361/1318 939/1369/1319
f 920/1370/1300 919/1362/1298 939/1369/1319 940/1373/1320
f 901/1735/1263 920/1736/1300 940/1729/1320 921/1723/1301
f 922/1717/1302 921/1723/1301 941/1724/1321 942/1718/1322
f 923/1709/1303 922/1717/1302 942/1718/1322 943/1710/1323
f 924/1703/1304 923/1709/1303 943/1710/1323 944/1704/1324
f 925/1699/1305 924/1703/1304 944/1704/1324 945/1701/1325
f 926/1700/1306 925/1699/1305 945/1701/1325 946/1702/1326
f 927/1707/1307 926/1700/1306 946/1702/1326 947/1708/1327
f 928/1715/1308 927/1707/1307 947/1708/1327 948/1716/1328
f 929/1721/1309 928/1715/1308 948/1716/1328 949/1722/1329
f 930/1727/1310 929/1721/1309 949/1722/1329 950/1728/1330
f 931/1733/1311 930/1727/1310 950/1728/1330 951/1734/1331
f 932/1743/1312 931/1733/1311 951/1734/1331 952/1744/1332
f 933/1753/1313 932/1743/1312 952/1744/1332 953/1754/1333
f 934/1759/1314 933/1753/1313 953/1754/1333 954/1760/1334
f 935/1765/1315 934/1759/1314 954/1760/1334 955/1766/1335
f 936/1761/1316 935/1765/1315 955/1766/1335 956/1762/1336
f 937/1755/1317 936/1761/1316 956/1762/1336 957/1756/1337
f 938/1745/1318 937/1755/1317 957/1756/1337 958/1746/1338
f 939/1737/1319 938/1745/1318 958/1746/1338 959/1738/1339
f 940/1729/1320 939/1737/1319 959/1738/1339 960/1730/1340
f 921/1723/1301 940/1729/1320 960/1730/1340 941/1724/1321
f 942/1718/1322 941/1724/1321 961/1731/1341 962/1725/1342
f 943/1710/1323 942/1718/1322 962/1725/1342 963/1719/1343
f 944/1704/1324 943/1710/1323 963/1719/1343 964/1711/1344
f 945/1701/1325 944/1704/1324 964/1711/1344 965/1705/1345
f 946/1702/1326 945/1701/1325 965/1705/1345 966/1706/1346
f 947/1708/1327 946/1702/1326 966/1706/1346 967/1714/1347
f 948/1716/1328 947/1708/1327 967/1714/1347 968/1720/1348
f 949/1722/1329 948/1716/1328 968/1720/1348 969/1726/1349
f 950/1728/1330 949/1722/1329 969/1726/1349 970/1732/1350
f 951/1734/1331 950/1728/1330 970/1732/1350 971/1740/1351
f 952/1744/1332 951/1734/1331 971/1740/1351 972/1752/1352
f 953/1754/1333 952/1744/1332 972/1752/1352 973/1758/1353
f 954/1760/1334 953/1754/1333 973/1758/1353 974/1764/1354
f 955/1766/1335 954/1760/1334 974/1764/1354 975/1768/1355
f 956/1762/1336 955/1766/1335 975/1768/1355 976/1767/1356
f 957/1756/1337 956/1762/1336 976/1767/1356 977/1763/1357
f 958/1746/1338 957/1756/1337 977/1763/1357 978/1757/1358
f 959/1738/1339 958/1746/1338 978/1757/1358 979/1747/1359
f 960/1730/1340 959/1738/1339 979/1747/1359 980/1739/1360
f 941/1724/1321 960/1730/1340 980/1739/1360 961/1731/1341
f 962/1611/1342 961/1612/1341 981/1608/1361 982/1607/1362
f 963/1617/1343 962/1611/1342 982/1607/1362 983/1615/1363
f 964/1623/1344 963/1617/1343 983/1615/1363 984/1621/1364
f 965/1630/1345 964/1623/1344 984/1621/1364 985/1628/1365
f 966/1706/1346 965/1705/1345 985/1712/1365 986/1713/1366
f 967/1383/1347 966/1384/1346 986/1380/1366 987/1379/1367
f 968/1391/1348 967/1383/1347 987/1379/1367 988/1389/1368
f 969/1398/1349 968/1391/1348 988/1389/1368 989/1396/1369
f 970/1406/1350 969/1398/1349 989/1396/1369 990/1404/1370
f 971/1740/1351 970/1732/1350 990/1750/1370 991/1751/1371
f 972/1662/1352 971/1663/1351 991/1657/1371 992/1656/1372
f 973/1670/1353 972/1662/1352 992/1656/1372 993/1664/1373
f 974/1678/1354 973/1670/1353 993/1664/1373 994/1671/1374
f 975/1685/1355 974/1678/1354 994/1671/1374 995/1679/1375
f 976/1767/1356 975/1768/1355 995/1771/1375 996/1772/1376
f 977/1457/1357 976/1465/1356 996/1458/1376 997/1451/1377
f 978/1450/1358 977/1457/1357 997/1451/1377 998/1444/1378
f 979/1443/1359 978/1450/1358 998/1444/1378 999/1439/1379
f 980/1442/1360 979/1443/1359 999/1439/1379 1000/1438/1380
f 961/1731/1341 980/1739/1360 1000/1748/1380 981/1749/1361
f 982/1607/1362 981/1608/1361 1001/1609/1381 1002/1610/1382
f 983/1615/1363 982/1607/1362 1002/1610/1382 1003/1616/1383
f 984/1621/1364 983/1615/1363 1003/1616/1383 1004/1622/1384
f 985/1628/1365 984/1621/1364 1004/1622/1384 1005/1629/1385
f 986/1380/1366 985/1385/1365 1005/1386/1385 1006/1381/1386
f 987/1379/1367 986/1380/1366 1006/1381/1386 1007/1382/1387
f 988/1389/1368 987/1379/1367 1007/1382/1387 1008/1390/1388
f 989/1396/1369 988/1389/1368 1008/1390/1388 1009/1397/1389
f 990/1404/1370 989/1396/1369 1009/1397/1389 1010/1405/1390
f 991/1413/1371 990/1404/1370 1010/1405/1390 1011/1414/1391
f 992/1656/1372 991/1657/1371 1011/1653/1391 1012/1652/1392
f 993/1664/1373 992/1656/1372 1012/1652/1392 1013/1660/1393
f 994/1671/1374 993/1664/1373 1013/1660/1393 1014/1668/1394
f 995/1679/1375 994/1671/1374 1014/1668/1394 1015/1676/1395
f 996/1458/1376 995/1466/1375 1015/1467/1395 1016/1459/1396
f 997/1451/1377 996/1458/1376 1016/1459/1396 1017/1452/1397
f 998/1444/1378 997/1451/1377 1017/1452/1397 1018/1445/1398
f 999/1439/1379 998/1444/1378 1018/1445/1398 1019/1440/1399
f 1000/1438/1380 999/1439/1379 1019/1440/1399 1020/1441/1400
f 981/1448/1361 1000/1438/1380 1020/1441/1400 1001/1449/1381
f 1002/1610/1382 1001/1609/1381 1021/1613/1401 1022/1614/1402
f 1003/1616/1383 1002/1610/1382 1022/1614/1402 1023/1620/1403
f 1004/1622/1384 1003/1616/1383 1023/1620/1403 1024/1627/1404
f 1005/1629/1385 1004/1622/1384 1024/1627/1404 1025/1635/1405
f 1006/1381/1386 1005/1386/1385 1025/1392/1405 1026/1387/1406
f 1007/1382/1387 1006/1381/1386 1026/1387/1406 1027/1388/1407
f 1008/1390/1388 1007/1382/1387 1027/1388/1407 1028/1395/1408
f 1009/1397/1389 1008/1390/1388 1028/1395/1408 1029/1403/1409
f 1010/1405/1390 1009/1397/1389 1029/1403/1409 1030/1412/1410
f 1011/1414/1391 1010/1405/1390 1030/1412/1410 1031/1421/1411
f 1012/1652/1392 1011/1653/1391 1031/1654/1411 1032/1655/1412
f 1013/1660/1393 1012/1652/1392 1032/1655/1412 1033/1661/1413
f 1014/1668/1394 1013/1660/1393 1033/1661/1413 1034/1669/1414
f 1015/1676/1395 1014/1668/1394 1034/1669/1414 1035/1677/1415
f 1016/1459/1396 1015/1467/1395 1035/1474/1415 1036/1468/1416
f 1017/1452/1397 1016/1459/1396 1036/1468/1416 1037/1460/1417
f 1018/1445/1398 1017/1452/1397 1037/1460/1417 1038/1453/1418
f 1019/1440/1399 1018/1445/1398 1038/1453/1418 1039/1446/1419
f 1020/1441/1400 1019/1440/1399 1039/1446/1419 1040/1447/1420
f 1001/1449/1381 1020/1441/1400 1040/1447/1420 1021/1456/1401
f 1022/1614/1402 1021/1613/1401 1041/1618/1421 1042/1619/1422
f 1023/1620/1403 1022/1614/1402 1042/1619/1422 1043/1626/1423
f 1024/1627/1404 1023/1620/1403 1043/1626/1423 1044/1634/1424
f 1025/1635/1405 1024/1627/1404 1044/1634/1424 1045/1640/1425
f 1026/1387/1406 1025/1392/1405 1045/1399/1425 1046/1393/1426
f 1027/1388/1407 1026/1387/1406 1046/1393/1426 1047/1394/1427
f 1028/1395/1408 1027/1388/1407 1047/1394/1427 1048/1402/1428
f 1029/1403/1409 1028/1395/1408 1048/1402/1428 1049/1411/1429
f 1030/1412/1410 1029/1403/1409 1049/1411/1429 1050/1420/1430
f 1031/1421/1411 1030/1412/1410 1050/1420/1430 1051/1428/1431
f 1032/1655/1412 1031/1654/1411 1051/1658/1431 1052/1659/1432
f 1033/1661/1413 1032/1655/1412 1052/1659/1432 1053/1667/1433
f 1034/1669/1414 1033/1661/1413 1053/1667/1433 1054/1675/1434
f 1035/1677/1415 1034/1669/1414 1054/1675/1434 1055/1684/1435
f 1036/1468/1416 1035/1474/1415 1055/1481/1435 1056/1475/1436
f 1037/1460/1417 1036/1468/1416 1056/1475/1436 1057/1469/1437
f 1038/1453/1418 1037/1460/1417 1057/1469/1437 1058/1461/1438
f 1039/1446/1419 1038/1453/1418 1058/1461/1438 1059/1454/1439
f 1040/1447/1420 1039/1446/1419 1059/1454/1439 1060/1455/1440
f 1021/1456/1401 1040/1447/1420 1060/1455/1440 1041/1464/1421
f 1042/1619/1422 1041/1618/1421 1061/1624/1441 1062/1625/1442
f 1043/1626/1423 1042/1619/1422 1062/1625/1442 1063/1633/1443
f 1044/1634/1424 1043/1626/1423 1063/1633/1443 1064/1639/1444
f 1045/1640/1425 1044/1634/1424 1064/1639/1444 1065/1645/1445
f 1046/1393/1426 1045/1399/1425 1065/1407/1445 1066/1400/1446
f 1047/1394/1427 1046/1393/1426 1066/1400/1446 1067/1401/1447
f 1048/1402/1428 1047/1394/1427 1067/1401/1447 1068/1410/1448
f 1049/1411/1429 1048/1402/1428 1068/1410/1448 1069/1419/1449
f 1050/1420/1430 1049/1411/1429 1069/1419/1449 1070/1427/1450
f 1051/1428/1431 1050/1420/1430 1070/1427/1450 1071/1432/1451
f 1052/1659/1432 1051/1658/1431 1071/1665/1451 1072/1666/1452
f 1053/1667/1433 1052/1659/1432 1072/1666/1452 1073/1674/1453
f 1054/1675/1434 1053/1667/1433 1073/1674/1453 1074/1683/1454
f 1055/1684/1435 1054/1675/1434 1074/1683/1454 1075/1690/1455
f 1056/1475/1436 1055/1481/1435 1075/1488/1455 1076/1482/1456
f 1057/1469/1437 1056/1475/1436 1076/1482/1456 1077/1476/1457
f 1058/1461/1438 1057/1469/1437 1077/1476/1457 1078/1470/1458
f 1059/1454/1439 1058/1461/1438 1078/1470/1458 1079/1462/1459
f 1060/1455/1440 1059/1454/1439 1079/1462/1459 1080/1463/1460
f 1041/1464/1421 1060/1455/1440 1080/1463/1460 1061/1473/1441
f 1062/1625/1442 1061/1624/1441 1081/1631/1461 1082/1632/1462
f 1063/1633/1443 1062/1625/1442 1082/1632/1462 1083/1638/1463
f 1064/1639/1444 1063/1633/1443 1083/1638/1463 1084/1644/1464
f 1065/1645/1445 1064/1639/1444 1084/1644/1464 1085/1648/1465
f 1066/1400/1446 1065/1407/1445 1085/1415/1465 1086/1408/1466
f 1067/1401/1447 1066/1400/1446 1086/1408/1466 1087/1409/1467
f 1068/1410/1448 1067/1401/1447 1087/1409/1467 1088/1418/1468
f 1069/1419/1449 1068/1410/1448 1088/1418/1468 1089/1426/1469
f 1070/1427/1450 1069/1419/1449 1089/1426/1469 1090/1431/1470
f 1071/1432/1451 1070/1427/1450 1090/1431/1470 1091/1435/1471
f 1072/1666/1452 1071/1665/1451 1091/1672/1471 1092/1673/1472
f 1073/1674/1453 1072/1666/1452 1092/1673/1472 1093/1682/1473
f 1074/1683/1454 1073/1674/1453 1093/1682/1473 1094/1689/1474
f 1075/1690/1455 1074/1683/1454 1094/1689/1474 1095/1693/1475
f 1076/1482/1456 1075/1488/1455 1095/1492/1475 1096/1489/1476
f 1077/1476/1457 1076/1482/1456 1096/1489/1476 1097/1483/1477
f 1078/1470/1458 1077/1476/1457 1097/1483/1477 1098/1477/1478
f 1079/1462/1459 1078/1470/1458 1098/1477/1478 1099/1471/1479
f 1080/1463/1460 1079/1462/1459 1099/1471/1479 1100/1472/1480
f 1061/1473/1441 1080/1463/1460 1100/1472/1480 1081/1480/1461
f 1082/1632/1462 1081/1631/1461 1101/1636/1481 1102/1637/1482
f 1083/1638/1463 1082/1632/1462 1102/1637/1482 1103/1643/1483
f 1084/1644/1464 1083/1638/1463 1103/1643/1483 1104/1647/1484
f 1085/1648/1465 1084/1644/1464 1104/1647/1484 1105/1650/1485
f 1086/1408/1466 1085/1415/1465 1105/1422/1485 1106/1416/1486
f 1087/1409/1467 1086/1408/1466 1106/1416/1486 1107/1417/1487
f 1088/1418/1468 1087/1409/1467 1107/1417/1487 1108/1425/1488
f 1089/1426/1469 1088/1418/1468 1108/1425/1488 1109/1430/1489
f 1090/1431/1470 1089/1426/1469 1109/1430/1489 1110/1434/1490
f 1091/1435/1471 1090/1431/1470 1110/1434/1490 1111/1437/1491
f 1092/1673/1472 1091/1672/1471 1111/1680/1491 1112/1681/1492
f 1093/1682/1473 1092/1673/1472 1112/1681/1492 1113/1688/1493
f 1094/1689/1474 1093/1682/1473 1113/1688/1493 1114/1692/1494
f 1095/1693/1475 1094/1689/1474 1114/1692/1494 1115/1695/1495
f 1096/1489/1476 1095/1492/1475 1115/1495/1495 1116/1493/1496
f 1097/1483/1477 1096/1489/1476 1116/1493/1496 1117/1490/1497
f 1098/1477/1478 1097/1483/1477 1117/1490/1497 1118/1484/1498
f 1099/1471/1479 1098/1477/1478 1118/1484/1498 1119/1478/1499
f 1100/1472/1480 1099/1471/1479 1119/1478/1499 1120/1479/1500
f 1081/1480/1461 1100/1472/1480 1120/1479/1500 1101/1487/1481
f 1102/1637/1482 1101/1636/1481 1121/1641/1501 1122/1642/1502
f 1103/1643/1483 1102/1637/1482 1122/1642/1502 1123/1646/1503
f 1104/1647/1484 1103/1643/1483 1123/1646/1503 1124/1649/1504
f 1105/1650/1485 1104/1647/1484 1124/1649/1504 1125/1651/1505
f 1106/1773/1486 1105/1774/1485 1125/1775/1505 1126/1776/1506
f 1107/1417/1487 1106/1416/1486 1126/1423/1506 1127/1424/1507
f 1108/1425/1488 1107/1417/1487 1127/1424/1507 1128/1429/1508
f 1109/1430/1489 1108/1425/1488 1128/1429/1508 1129/1433/1509
f 1110/1434/1490 1109/1430/1489 1129/1433/1509 1130/1436/1510
f 1111/1817/1491 1110/1818/1490 1130/1803/1510 1131/1809/1511
f 1112/1681/1492 1111/1680/1491 1131/1686/1511 1132/1687/1512
f 1113/1688/1493 1112/1681/1492 1132/1687/1512 1133/1691/1513
f 1114/1692/1494 1113/1688/1493 1133/1691/1513 1134/1694/1514
f 1115/1695/1495 1114/1692/1494 1134/1694/1514 1135/1696/1515
f 1116/1845/1496 1115/1846/1495 1135/1841/1515 1136/1837/1516
f 1117/1490/1497 1116/1493/1496 1136/1496/1516 1137/1494/1517
f 1118/1484/1498 1117/1490/1497 1137/1494/1517 1138/1491/1518
f 1119/1478/1499 1118/1484/1498 1138/1491/1518 1139/1485/1519
f 1120/1479/1500 1119/1478/1499 1139/1485/1519 1140/1486/1520
f 1101/1811/1481 1120/1812/1500 1140/1805/1520 1121/1799/1501
f 1122/1793/1502 1121/1799/1501 1141/1800/1521 1142/1794/1522
f 1123/1785/1503 1122/1793/1502 1142/1794/1522 1143/1786/1523
f 1124/1779/1504 1123/1785/1503 1143/1786/1523 1144/1780/1524
f 1125/1775/1505 1124/1779/1504 1144/1780/1524 1145/1777/1525
f 1126/1776/1506 1125/1775/1505 1145/1777/1525 1146/1778/1526
f 1127/1783/1507 1126/1776/1506 1146/1778/1526 1147/1784/1527
f 1128/1791/1508 1127/1783/1507 1147/1784/1527 1148/1792/1528
f 1129/1797/1509 1128/1791/1508 1148/1792/1528 1149/1798/1529
f 1130/1803/1510 1129/1797/1509 1149/1798/1529 1150/1804/1530
f 1131/1809/1511 1130/1803/1510 1150/1804/1530 1151/1810/1531
f 1132/1819/1512 1131/1809/1511 1151/1810/1531 1152/1820/1532
f 1133/1829/1513 1132/1819/1512 1152/1820/1532 1153/1830/1533
f 1134/1835/1514 1133/1829/1513 1153/1830/1533 1154/1836/1534
f 1135/1841/1515 1134/1835/1514 1154/1836/1534 1155/1842/1535
f 1136/1837/1516 1135/1841/1515 1155/1842/1535 1156/1838/1536
f 1137/1831/1517 1136/1837/1516 1156/1838/1536 1157/1832/1537
f 1138/1821/1518 1137/1831/1517 1157/1832/1537 1158/1822/1538
f 1139/1813/1519 1138/1821/1518 1158/1822/1538 1159/1814/1539
f 1140/1805/1520 1139/1813/1519 1159/1814/1539 1160/1806/1540
f 1121/1799/1501 1140/1805/1520 1160/1806/1540 1141/1800/1521
f 1142/1794/1522 1141/1800/1521 1161/1807/1541 1162/1801/1542
f 1143/1786/1523 1142/1794/1522 1162/1801/1542 1163/1795/1543
f 1144/1780/1524 1143/1786/1523 1163/1795/1543 1164/1787/1544
f 1145/1777/1525 1144/1780/1524 1164/1787/1544 1165/1781/1545
f 1146/1778/1526 1145/1777/1525 1165/1781/1545 1166/1782/1546
f 1147/1784/1527 1146/1778/1526 1166/1782/1546 1167/1790/1547
f 1148/1792/1528 1147/1784/1527 1167/1790/1547 1168/1796/1548
f 1149/1798/1529 1148/1792/1528 1168/1796/1548 1169/1802/1549
f 1150/1804/1530 1149/1798/1529 1169/1802/1549 1170/1808/1550
f 1151/1810/1531 1150/1804/1530 1170/1808/1550 1171/1816/1551
f 1152/1820/1532 1151/1810/1531 1171/1816/1551 1172/1828/1552
f 1153/1830/1533 1152/1820/1532 1172/1828/1552 1173/1834/1553
f 1154/1836/1534 1153/1830/1533 1173/1834/1553 1174/1840/1554
f 1155/1842/1535 1154/1836/1534 1174/1840/1554 1175/1844/1555
f 1156/1838/1536 1155/1842/1535 1175/1844/1555 1176/1843/1556
f 1157/1832/1537 1156/1838/1536 1176/1843/1556 1177/1839/1557
f 1158/1822/1538 1157/1832/1537 1177/1839/1557 1178/1833/1558
f 1159/1814/1539 1158/1822/1538 1178/1833/1558 1179/1823/1559
f 1160/1806/1540 1159/1814/1539 1179/1823/1559 1180/1815/1560
f 1141/1800/1521 1160/1806/1540 1180/1815/1560 1161/1807/1541
f 1162/1535/1542 1161/1536/1541 1181/1526/1561 1182/1525/1562
f 1163/1543/1543 1162/1535/1542 1182/1525/1562 1183/1537/1563
f 1164/1548/1544 1163/1543/1543 1183/1537/1563 1184/1544/1564
f 1165/1551/1545 1164/1548/1544 1184/1544/1564 1185/1549/1565
f 1166/1782/1546 1165/1781/1545 1185/1788/1565 1186/1789/1566
f 1167/1280/1547 1166/1281/1546 1186/1267/1566 1187/1266/1567
f 1168/1292/1548 1167/1280/1547 1187/1266/1567 1188/1284/1568
f 1169/1298/1549 1168/1292/1548 1188/1284/1568 1189/1293/1569
f 1170/1303/1550 1169/1298/1549 1189/1293/1569 1190/1299/1570
f 1171/1816/1551 1170/1808/1550 1190/1826/1570 1191/1827/1571
f 1172/1590/1552 1171/1591/1551 1191/1581/1571 1192/1580/1572
f 1173/1598/1553 1172/1590/1552 1192/1580/1572 1193/1592/1573
f 1174/1603/1554 1173/1598/1553 1193/1592/1573 1194/1599/1574
f 1175/1606/1555 1174/1603/1554 1194/1599/1574 1195/1604/1575
f 1176/1843/1556 1175/1844/1555 1195/1847/1575 1196/1848/1576
f 1177/1353/1557 1176/1354/1556 1196/1340/1576 1197/1339/1577
f 1178/1365/1558 1177/1353/1557 1197/1339/1577 1198/1357/1578
f 1179/1371/1559 1178/1365/1558 1198/1357/1578 1199/1366/1579
f 1180/1376/1560 1179/1371/1559 1199/1366/1579 1200/1372/1580
f 1161/1807/1541 1180/1815/1560 1200/1824/1580 1181/1825/1561
f 1182/1525/1562 1181/1526/1561 1201/1516/1581 1202/1515/1582
f 1183/1537/1563 1182/1525/1562 1202/1515/1582 1203/1527/1583
f 1184/1544/1564 1183/1537/1563 1203/1527/1583 1204/1538/1584
f 1185/1549/1565 1184/1544/1564 1204/1538/1584 1205/1545/1585
f 1186/1267/1566 1185/1282/1565 1205/1283/1585 1206/1256/1586
f 1187/1266/1567 1186/1267/1566 1206/1256/1586 1207/1255/1587
f 1188/1284/1568 1187/1266/1567 1207/1255/1587 1208/1268/1588
f 1189/1293/1569 1188/1284/1568 1208/1268/1588 1209/1285/1589
f 1190/1299/1570 1189/1293/1569 1209/1285/1589 1210/1294/1590
f 1191/1304/1571 1190/1299/1570 1210/1294/1590 1211/1305/1591
f 1192/1580/1572 1191/1581/1571 1211/1571/1591 1212/1570/1592
f 1193/1592/1573 1192/1580/1572 1212/1570/1592 1213/1582/1593
f 1194/1599/1574 1193/1592/1573 1213/1582/1593 1214/1593/1594
f 1195/1604/1575 1194/1599/1574 1214/1593/1594 1215/1600/1595
f 1196/1340/1576 1195/1355/1575 1215/1356/1595 1216/1329/1596
f 1197/1339/1577 1196/1340/1576 1216/1329/1596 1217/1328/1597
f 1198/1357/1578 1197/1339/1577 1217/1328/1597 1218/1341/1598
f 1199/1366/1579 1198/1357/1578 1218/1341/1598 1219/1358/1599
f 1200/1372/1580 1199/1366/1579 1219/1358/1599 1220/1367/1600
f 1181/1377/1561 1200/1372/1580 1220/1367/1600 1201/1378/1581
s 1
f 1282/1507/1601 1281/1508/1602 1283/1502/1603 1284/1501/1604
f 1285/1517/1605 1282/1507/1601 1284/1501/1604 1286/1509/1606
f 1287/1528/1607 1285/1517/1605 1286/1509/1606 1288/1518/1608
f 1289/1539/1609 1287/1528/1607 1288/1518/1608 1290/1529/1610
f 1291/1246/1611 1289/1257/1609 1290/1247/1610 1292/1238/1612
f 1293/1245/1613 1291/1246/1611 1292/1238/1612 1294/1237/1614
f 1295/1258/1615 1293/1245/1613 1294/1237/1614 1296/1248/1616
f 1297/1269/1617 1295/1258/1615 1296/1248/1616 1298/1259/1618
f 1299/1286/1619 1297/1269/1617 1298/1259/1618 1300/1270/1620
f 1301/1295/1621 1299/1286/1619 1300/1270/1620 1302/1287/1622
f 1303/1562/1623 1301/1563/1621 1302/1557/1622 1304/1556/1624
f 1305/1572/1625 1303/1562/1623 1304/1556/1624 1306/1564/1626
f 1307/1583/1627 1305/1572/1625 1306/1564/1626 1308/1573/1628
f 1309/1594/1629 1307/1583/1627 1308/1573/1628 1310/1584/1630
f 1311/1319/1631 1309/1330/1629 1310/1320/1630 1312/1311/1632
f 1313/1318/1633 1311/1319/1631 1312/1311/1632 1314/1310/1634
f 1315/1331/1635 1313/1318/1633 1314/1310/1634 1316/1321/1636
f 1317/1342/1637 1315/1331/1635 1316/1321/1636 1318/1332/1638
f 1319/1359/1639 1317/1342/1637 1318/1332/1638 1320/1343/1640
f 1281/1368/1602 1319/1359/1639 1320/1343/1640 1283/1360/1603
f 1284/1501/1604 1283/1502/1603 1221/1498/1202 1222/1497/1201
f 1286/1509/1606 1284/1501/1604 1222/1497/1201 1225/1505/1205
f 1288/1518/1608 1286/1509/1606 1225/1505/1205 1227/1513/1207
f 1290/1529/1610 1288/1518/1608 1227/1513/1207 1229/1523/1209
f 1292/1238/1612 1290/1247/1610 1229/1239/1209 1231/1234/1211
f 1294/1237/1614 1292/1238/1612 1231/1234/1211 1233/1233/1213
f 1296/1248/1616 1294/1237/1614 1233/1233/1213 1235/1243/1215
f 1298/1259/1618 1296/1248/1616 1235/1243/1215 1237/1253/1217
f 1300/1270/1620 1298/1259/1618 1237/1253/1217 1239/1264/1219
f 1302/1287/1622 1300/1270/1620 1239/1264/1219 1241/1278/1221
f 1304/1556/1624 1302/1557/1622 1241/1553/1221 1243/1552/1223
f 1306/1564/1626 1304/1556/1624 1243/1552/1223 1245/1560/1225
f 1308/1573/1628 1306/1564/1626 1245/1560/1225 1247/1568/1227
f 1310/1584/1630 1308/1573/1628 1247/1568/1227 1249/1578/1229
f 1312/1311/1632 1310/1320/1630 1249/1312/1229 1251/1307/1231
f 1314/1310/1634 1312/1311/1632 1251/1307/1231 1253/1306/1233
f 1316/1321/1636 1314/1310/1634 1253/1306/1233 1255/1316/1235
f 1318/1332/1638 1316/1321/1636 1255/1316/1235 1257/1326/1237
f 1320/1343/1640 1318/1332/1638 1257/1326/1237 1259/1337/1239
f 1283/1360/1603 1320/1343/1640 1259/1337/1239 1221/1351/1202
s off
f 881/1510/1641 882/1511/1642 1262/1504/1643 1261/1503/1644
f 882/1511/1645 883/1521/1646 1263/1512/1647 1262/1504/1648
f 883/1521/1649 884/1533/1650 1264/1522/1651 1263/1512/1652
f 884/1533/1653 885/1542/1654 1265/1534/1655 1264/1522/1656
f 885/1271/1657 886/1250/1658 1266/1241/1659 1265/1249/1660
f 886/1250/1661 887/1251/1662 1267/1242/1663 1266/1241/1664
f 887/1251/1665 888/1262/1666 1268/1252/1667 1267/1242/1668
f 888/1262/1669 889/1276/1670 1269/1263/1671 1268/1252/1672
f 889/1276/1673 890/1290/1674 1270/1277/1675 1269/1263/1676
f 890/1290/1677 891/1301/1678 1271/1291/1679 1270/1277/1680
f 891/1565/1681 892/1566/1682 1272/1559/1683 1271/1558/1684
f 892/1566/1685 893/1576/1686 1273/1567/1687 1272/1559/1688
f 893/1576/1689 894/1588/1690 1274/1577/1691 1273/1567/1692
f 894/1588/1693 895/1597/1694 1275/1589/1695 1274/1577/1696
f 895/1344/1697 896/1323/1698 1276/1314/1699 1275/1322/1700
f 896/1323/1701 897/1324/1702 1277/1315/1703 1276/1314/1704
f 897/1324/1705 898/1335/1706 1278/1325/1707 1277/1315/1708
f 898/1335/1709 899/1349/1710 1279/1336/1711 1278/1325/1712
f 899/1349/1713 900/1363/1714 1280/1350/1715 1279/1336/1716
f 900/1363/1717 881/1374/1718 1261/1364/1719 1280/1350/1720
f 1202/1515/1721 1201/1516/1722 1281/1508/1723 1282/1507/1724
f 1203/1527/1725 1202/1515/1726 1282/1507/1727 1285/1517/1728
f 1204/1538/1729 1203/1527/1730 1285/1517/1731 1287/1528/1732
f 1205/1545/1733 1204/1538/1734 1287/1528/1735 1289/1539/1736
f 1206/1256/1737 1205/1283/1738 1289/1257/1739 1291/1246/1740
f 1207/1255/1741 1206/1256/1742 1291/1246/1743 1293/1245/1744
f 1208/1268/1745 1207/1255/1746 1293/1245/1747 1295/1258/1748
f 1209/1285/1749 1208/1268/1750 1295/1258/1751 1297/1269/1752
f 1210/1294/1753 1209/1285/1754 1297/1269/1755 1299/1286/1756
f 1211/1305/1757 1210/1294/1758 1299/1286/1759 1301/1295/1760
f 1212/1570/1761 1211/1571/1762 1301/1563/1763 1303/1562/1764
f 1213/1582/1765 1212/1570/1766 1303/1562/1767 1305/1572/1768
f 1214/1593/1769 1213/1582/1770 1305/1572/1771 1307/1583/1772
f 1215/1600/1773 1214/1593/1774 1307/1583/1775 1309/1594/1776
f 1216/1329/1777 1215/1356/1778 1309/1330/1779 1311/1319/1780
f 1217/1328/1781 1216/1329/1782 1311/1319/1783 1313/1318/1784
f 1218/1341/1785 1217/1328/1786 1313/1318/1787 1315/1331/1788
f 1219/1358/1789 1218/1341/1790 1315/1331/1791 1317/1342/1792
f 1220/1367/1793 1219/1358/1794 1317/1342/1795 1319/1359/1796
f 1201/1378/1797 1220/1367/1798 1319/1359/1799 1281/1368/1800
g default
v -72.515872 35.559254 56.220369
v -83.214113 36.040676 38.957131
v -70.512778 38.502438 55.061104
v -81.211019 38.983860 37.797866
v -77.679036 23.188189 27.719753
v -80.820105 26.600653 30.187971
v -81.971235 29.516901 32.619409
v -75.591079 26.256052 26.511374
v -78.732162 29.668514 28.979598
v -79.880146 32.589371 31.409220
v -58.226108 25.474619 54.532389
v -61.748884 28.904261 56.384650
v -64.361781 31.891037 56.450442
v -60.314052 22.406756 55.740760
v -63.836841 25.836397 57.593029
v -66.452869 28.818568 57.660633
v -79.368648 37.920315 48.579715
v -74.451640 29.286019 45.291795
v -72.402416 26.109886 43.933294
v -69.070480 22.688833 41.773047
v -66.827238 25.984862 40.474798
v -70.159174 29.405915 42.635046
v -72.189596 32.609677 43.982665
v -77.159454 41.166310 47.301172
v -64.286959 10.613926 19.022057
v -62.199001 13.681790 17.813680
v -53.413788 13.409649 31.811622
v -44.791259 12.898445 45.903714
v -46.879216 9.830582 47.112093
v -55.657030 10.113621 33.109870
v -57.598941 24.517809 56.888767
v -61.149005 27.948679 58.697044
v -63.836550 30.890190 58.574013
v -71.025487 38.304722 56.224340
v -78.598951 41.608731 48.205585
v -82.485408 38.820423 37.732048
v -81.571834 31.688286 29.955474
v -80.558458 28.822111 27.376976
v -77.444636 25.410876 24.864753
v -64.055622 12.836764 16.162138
v -44.161052 11.941498 48.265031
v -58.504941 23.186610 57.413105
v -62.055006 26.617480 59.221382
v -64.742551 29.558991 59.098351
v -71.941622 36.958641 56.754542
v -79.565717 40.188244 48.765088
v -83.401532 37.474343 38.262240
v -82.477835 30.357086 30.479812
v -81.464459 27.490912 27.901314
v -78.350637 24.079676 25.389090
v -64.961610 11.505549 16.686468
v -45.067042 10.610286 48.789357
v -76.563432 32.709236 36.788070
v -80.888106 36.264206 34.527098
v -79.984679 40.615353 41.781153
v -82.105134 39.578591 43.495072
v -56.743461 3.561115 14.150571
v -65.308555 10.995796 16.887257
v -57.418124 4.452739 11.814990
v -54.655503 6.628979 12.942193
v -58.387417 13.633454 23.785890
v -45.870277 6.356825 26.940126
v -48.440132 13.185822 39.837336
v -37.247747 5.845622 41.032220
v -37.523543 3.557474 43.917871
v -45.413974 10.100532 48.990138
v -39.335704 2.777758 42.240599
v -50.683388 9.889805 41.135593
v -48.113519 3.060798 28.238375
v -60.630660 10.337425 25.084139
v -71.830456 17.666748 23.893547
v -72.505121 18.558373 21.557963
v -69.742513 20.734612 22.685174
v -60.957286 20.462460 36.683109
v -52.334756 19.951256 50.775202
v -52.610553 17.663109 53.660852
v -54.422713 16.883393 51.983582
v -63.200528 17.166432 37.981357
v -60.779837 28.491095 58.483392
v -60.195098 26.982647 58.402539
v -57.229786 25.060230 56.675123
v -63.467396 31.432606 58.360370
v -62.116658 28.975760 58.791522
v -67.047132 34.518250 57.932538
v -70.652210 38.853203 56.008311
v -78.205023 42.187523 47.977603
v -75.048666 40.694363 52.806630
v -81.158623 40.969311 42.947291
v -82.112118 39.368904 37.516011
v -81.202666 32.230702 29.741823
v -82.337002 35.206303 33.260057
v -81.048330 29.827694 28.242430
v -80.189290 29.364527 27.163324
v -79.894156 27.869114 26.615150
v -77.075479 25.953297 24.651112
v -63.686467 13.379179 15.948495
v -71.599121 19.889572 21.033625
v -56.512123 5.783940 11.290652
v -36.617555 4.888675 43.393541
v -43.791897 12.483915 48.051387
v -51.704551 18.994309 53.136517
v -61.605718 27.277636 58.961361
v -58.055654 23.846770 57.153084
v -64.293264 30.219147 58.838331
v -71.487300 37.626179 56.491609
v -79.086278 40.892674 48.487618
v -82.947221 38.141880 37.999317
v -82.028534 31.017243 30.219784
v -81.015158 28.151068 27.641285
v -77.901349 24.739836 25.129070
v -64.512322 12.165707 16.426448
v -44.617754 11.270443 48.529337
v -79.935915 39.644291 48.979335
v -75.659759 37.136513 53.514887
v -72.292425 36.443192 56.957565
v -75.995177 39.303639 53.354412
v -77.035677 33.675812 47.015575
v -69.951571 28.995739 52.402845
v -69.609981 32.575878 57.331165
v -65.089483 29.049237 59.299132
v -67.953133 33.187050 58.456875
v -67.695790 32.310189 51.097340
v -74.717216 37.082375 45.673795
v -73.490969 40.323132 52.259726
v -67.509485 35.662163 56.115530
v -82.824767 29.847332 30.680593
v -82.988602 33.177922 35.742734
v -83.752346 36.958889 38.465273
v -83.242990 33.875099 33.784386
v -80.137705 25.646839 29.455346
v -81.811391 26.981156 28.102095
v -80.800157 26.537915 27.139487
v -78.697580 23.569926 25.589883
v -81.339846 27.607579 31.005244
v -81.954331 28.496493 28.766768
v -69.350072 28.446400 42.106877
v -65.306816 29.187556 50.465061
v -60.813081 27.939045 56.060937
v -61.865821 25.761599 48.480806
v -70.887945 30.422245 43.115013
v -62.686682 29.929997 56.527317
v -61.101099 25.651448 58.926877
v -62.401938 26.107723 59.422163
v -62.901038 24.871182 57.269316
v -58.851886 22.676859 57.613894
v -63.022659 27.644560 59.315860
v -64.774639 26.862137 57.735696
v -73.131187 27.126219 44.413262
v -67.550058 25.891527 51.763310
v -71.593314 25.150372 43.405125
v -65.828138 22.542931 47.005059
v -78.819213 29.394787 38.093575
v -82.153456 37.428734 43.036307
v -77.254778 26.328245 36.103272
v -78.049760 28.714703 28.246976
v -75.011536 29.624274 34.805023
v -71.788673 26.208132 32.468791
v -79.251902 30.675442 29.796873
v -76.357620 38.771096 53.564171
v -72.948214 33.140763 53.009349
v -68.300065 32.677296 58.657657
v -70.654830 36.510479 51.682083
v -83.589935 33.365345 33.985176
v -81.147089 26.028158 27.340269
v -82.301263 27.986738 28.967549
v -64.425318 28.224783 50.053729
v -66.155033 30.209263 50.752290
v -61.448031 25.141691 59.127658
v -63.369591 27.134806 59.516641
v -68.398263 26.913235 52.050530
v -68.378260 25.005694 48.593094
v -80.593152 33.484787 40.673104
v -77.864102 27.339203 36.775980
v -74.274844 28.668017 34.160024
v -75.620859 30.635227 35.477731
v -78.299756 36.854504 39.345828
v -82.467576 39.046044 43.704832
v -57.765056 3.942984 12.015771
v -50.843919 6.580642 18.914404
v -40.896634 6.133010 34.965850
v -37.870488 3.047720 44.118660
v -43.139876 2.836982 36.264099
v -53.087161 3.284614 20.212653
v -72.852053 18.048617 21.758744
v -65.930928 20.686276 28.657386
v -55.983643 20.238644 44.708832
v -52.957483 17.153353 53.861636
v -58.226886 16.942616 46.007080
v -68.174171 17.390248 29.955634
v -59.825931 27.525063 58.188887
v -61.747504 29.518175 58.577878
v -66.677977 35.060665 57.718894
v -74.662996 41.261036 52.583429
v -80.772953 41.535984 42.724089
v -81.967834 35.748715 33.046406
v -80.679175 30.370110 28.028787
v -79.524988 28.411530 26.401498
v -71.229966 20.431988 20.819981
v -56.142956 6.326355 11.077000
v -36.248388 5.431091 43.179889
v -51.335396 19.536724 52.922873
v -60.651799 26.311604 58.666848
v -62.573371 28.304716 59.055839
v -67.503845 33.847206 58.196855
v -75.525793 39.993317 53.082762
v -81.635750 40.268265 43.223422
v -82.793702 34.535256 33.524367
v -81.505030 29.156649 28.506740
v -80.350856 27.198071 26.879459
v -72.055834 19.218529 21.297942
v -56.968824 5.112895 11.554961
v -37.074256 4.217631 43.657850
v -52.161251 18.323265 53.400826
v -73.098231 23.080731 43.707770
v -73.865977 21.644017 44.143486
v -70.655771 20.789763 42.130257
v -71.747423 19.597176 42.773510
v -67.963947 20.689343 46.526514
v -64.646209 20.192415 54.509550
v -70.294984 22.811411 47.867751
v -65.855393 21.270014 55.214312
v -74.333775 20.956673 44.414218
v -72.215221 18.909830 43.044242
v -65.537274 18.832146 55.058705
v -66.714282 19.878956 55.741029
v -69.980886 19.697298 49.036945
v -73.302628 19.891854 43.745508
v -68.945415 18.665920 48.460666
v -66.350105 19.111881 55.541345
v -71.068180 20.634552 49.716219
v -68.764339 21.412092 44.146512
v -67.165785 22.603121 44.846568
v -67.268359 21.336827 46.593646
v -69.358622 20.741749 44.249718
v -70.186683 21.457796 41.858187
v -68.730204 19.993551 46.632173
v -66.473210 19.991034 50.108127
v -71.263411 20.102654 42.487658
v -68.506105 22.512295 47.341379
v -67.103173 23.774290 47.799060
v -69.708935 23.629250 48.058287
v -69.129479 21.750387 47.197139
v -67.595132 20.998587 50.717188
v -68.702255 21.997320 51.349336
v -65.035371 21.044136 54.730968
v -71.226510 23.749991 45.682798
v -69.919426 25.075047 46.106199
v -72.669336 23.834055 43.462987
v -71.745358 22.948263 45.709083
v -70.939550 22.057783 48.009572
v -73.559891 22.248114 43.970647
v -68.534060 19.270329 48.222599
v -64.847986 19.295492 54.642825
v -71.867774 19.420346 42.843162
v -66.512492 20.775877 55.607745
v -70.656825 21.238959 49.478153
v -73.986328 21.467186 44.213138
v -61.590162 23.622404 56.494764
v -60.132514 23.892712 58.360603
v -59.785571 24.402462 58.159810
v -59.336281 25.062622 57.899793
v -58.879570 25.733662 57.635472
v -58.510413 26.276081 57.421832
v -59.502205 26.690268 55.286385
v -63.128363 26.976637 49.256694
v -68.071695 27.199085 41.279866
v -73.015045 27.421541 33.303039
v -76.803898 27.468851 27.367511
v -78.283766 27.165890 25.514539
v -78.652936 26.623471 25.728187
v -79.109647 25.952431 25.992508
v -79.558937 25.292271 26.252525
v -79.905867 24.782521 26.453309
v -78.891842 24.400988 28.575882
v -61.170483 17.075079 41.257123
v -44.238755 6.283406 29.572834
v -51.782253 13.336220 34.444321
v -59.325764 20.389040 39.315816
v -65.198892 25.911585 43.102378
v -66.448049 27.126021 43.899854
v -67.731268 28.373553 44.719074
v -68.559203 29.333914 45.216855
v -69.319035 30.351643 45.646686
v -70.682845 32.516552 46.378384
v -73.322715 36.918427 47.781761
v -75.867454 40.931828 49.136116
v -76.945865 41.931336 49.720781
v -77.337653 41.355702 49.947524
v -77.822324 40.643543 50.228021
v -78.299146 39.942955 50.503976
v -78.667323 39.401966 50.717053
v -78.066131 37.701275 50.408573
v -75.634662 33.521446 49.119772
v -72.943263 29.195286 47.686573
v -71.464675 27.051226 47.102423
v -70.727459 26.034512 46.636096
v -46.140977 2.972033 31.421357
v -53.684488 10.024856 36.292852
v -74.273785 26.194100 40.913567
v -74.956481 27.208359 41.467861
v -76.136012 29.327927 42.515702
v -78.407639 33.602116 44.569522
v -80.442648 37.730744 46.441845
v -80.912273 39.413571 46.945162
v -80.545073 39.953125 46.732651
v -80.069506 40.651863 46.457422
v -79.586117 41.362129 46.177667
v -79.195373 41.936249 45.951529
v -78.249045 40.953842 45.172324
v -76.098836 36.994469 43.233331
v -73.876373 32.648037 41.207963
v -72.713252 30.504383 40.169621
v -72.030543 29.490128 39.615318
v -71.249359 28.531868 39.042089
v -69.978155 27.284880 38.203523
v -68.740668 26.070967 37.387197
v -62.875424 20.548777 33.587904
v -55.331913 13.495957 28.716409
v -47.788415 6.443143 23.844922
v -50.136801 3.151847 24.973503
v -57.605644 10.201301 29.965445
v -65.074518 17.250761 34.957397
v -66.667794 24.963686 51.302578
v -65.382786 23.726910 50.512682
v -64.108516 22.500460 49.729388
v -76.424514 25.394516 35.570556
v -75.175223 24.160486 34.725876
v -73.933914 22.934345 33.886593
v -66.969747 18.941260 52.126289
v -68.568978 20.341320 52.873822
v -67.877196 19.450653 52.576983
v -65.962163 20.073370 51.467841
v -67.898366 21.753283 52.374301
v -66.858163 21.006169 51.872853
v -66.485154 19.300791 51.826825
v -68.420542 20.972039 52.733644
v -67.272917 19.282059 53.721825
v -66.144950 21.002918 52.988732
v -65.812502 19.303034 52.990324
v -67.703938 20.896713 53.796160
v -66.385648 18.904150 53.352276
v -67.839068 20.150969 53.972350
v -65.437030 20.127573 52.714769
v -67.143850 21.583140 53.453235
v -69.149619 21.059065 51.672288
v -69.388770 20.494156 51.772245
v -68.517202 19.665911 51.300122
v -67.610295 18.899456 50.850871
v -67.186648 19.290346 50.592773
v -73.426428 25.232863 40.447125
v -75.259536 25.315354 37.489133
v -74.011736 24.085179 36.651058
v -72.763988 22.855047 35.813015
v -70.917239 22.771939 38.793037
v -65.070042 20.121723 54.903811
v -65.174300 19.658238 54.972673
v -65.297629 20.555794 55.034474
v -65.694876 20.678566 55.267993
v -66.034443 20.423229 55.471306
v -66.138702 19.959738 55.540167
v -65.950524 19.563360 55.436986
v -65.530513 19.418820 55.187595
v -64.811993 20.165245 54.665797
v -64.975203 19.439751 54.773592
v -65.532746 19.064978 55.109989
v -66.190195 19.291226 55.500364
v -66.484781 19.911703 55.661891
v -66.321574 20.637192 55.554091
v -65.790063 21.036879 55.235853
v -65.147379 20.825201 54.856849
v -64.955000 20.116547 55.089437
v -65.059269 19.653061 55.158309
v -65.182587 20.550617 55.220099
v -65.501719 20.057560 55.442011
v -65.579847 20.673388 55.453626
v -65.919401 20.418051 55.656932
v -66.023671 19.954561 55.725803
v -65.835482 19.558184 55.622612
v -65.415469 19.413643 55.373223
v -77.632804 20.929962 39.123205
v -76.564014 19.993542 38.414074
v -71.602441 21.539809 39.566791
v -71.976217 20.859543 40.025838
v -73.847339 20.223826 38.374905
v -73.128293 21.600525 37.137759
v -74.319416 22.773896 37.960734
v -75.953240 20.417639 34.810659
v -73.394163 20.933705 37.764066
v -74.486961 21.991476 38.552045
v -76.972869 21.420588 35.584810
v -75.468852 23.888449 38.763788
v -74.015614 23.875502 41.182152
v -78.006772 22.416029 36.335098
v -75.579735 23.049227 39.340005
v -74.290231 23.062784 41.602566
v -76.012536 22.286070 39.823549
v -75.201490 19.570366 37.463723
v -79.851930 20.318737 31.288125
v -79.732293 20.781533 31.244071
v -79.939747 21.214695 31.407192
v -80.292796 20.723164 31.574384
v -75.612832 18.965958 37.701781
v -77.938494 20.089873 36.097431
v -77.151649 19.328821 35.454446
v -78.006853 19.437933 34.316258
v -78.801642 19.942257 34.948730
v -80.783126 19.761376 32.251476
v -81.104887 20.526539 32.519606
v -80.016047 20.698939 34.322955
v -79.561385 19.835045 33.892543
v -78.572195 22.233610 35.150461
v -77.678784 21.493101 34.412139
v -79.424088 21.691635 31.512593
v -79.073863 20.841666 31.228349
v -77.821334 20.684874 32.730823
v -78.359961 21.552599 33.277972
v -77.221462 21.534369 38.885147
v -80.216250 21.916258 32.040906
v -79.206067 22.125944 33.989013
v -79.779562 21.440121 34.310314
v -80.873349 21.422121 32.434339
v -79.305401 19.946081 31.313616
v -78.255756 19.862986 32.911258
v -79.996157 19.482802 31.727126
v -78.844916 19.464823 33.247375
v -80.322607 21.336819 31.663946
v -80.662174 21.081482 31.867260
v -80.781808 20.618685 31.911317
v -80.615536 20.223292 31.772759
v -80.208890 20.079354 31.501811
v -78.518471 21.480667 36.554233
v -78.728543 20.914450 36.701125
v -79.353180 20.826615 35.471897
v -79.145856 21.454682 35.426710
v -76.940547 20.567402 33.752563
v -76.722240 19.719450 35.205683
v -77.514036 19.797095 34.030048
v -79.288224 20.816681 31.306229
v -79.475493 20.092270 31.375197
v -79.592104 21.475222 31.548107
v -80.212253 21.685885 31.963477
v -80.743764 21.286198 32.281715
v -80.931037 20.561793 32.350677
v -80.670753 19.942858 32.133779
v -80.034226 19.717551 31.709671
v -79.617250 20.776354 31.429697
v -79.736887 20.313561 31.473750
v -80.093846 20.074177 31.687440
v -80.500507 20.218115 31.958391
v -80.666765 20.613508 32.096944
v -80.547132 21.076306 32.052885
v -80.207565 21.331642 31.849571
v -79.824717 21.209519 31.592827
v -54.388219 1.359079 12.629587
v -43.515047 4.154790 25.419152
v -52.300261 4.426943 11.421210
v -34.892518 3.643586 39.511244
v -36.980464 0.575723 40.719612
v -45.758277 0.858762 26.717392
v -54.156882 3.581903 9.769668
v -34.262312 2.686639 41.872560
v -55.062883 2.250703 10.294006
v -35.168314 1.355438 42.396895
v -55.409815 1.740948 10.494787
v -48.488689 4.378607 17.393429
v -38.541404 3.930974 33.444875
v -35.515245 0.845684 42.597679
v -40.784634 0.634946 34.743116
v -50.731919 1.082578 18.691670
v -53.787714 4.124319 9.556017
v -33.893144 3.229055 41.658909
v -54.613582 2.910859 10.033978
v -34.719012 2.015595 42.136870
v -41.883526 4.081371 28.051859
v -43.785748 0.769997 29.900382
v -45.433186 4.241107 22.323947
v -47.804875 0.950860 23.414921
v -4.207270 -28.306049 12.107618
v -14.905524 -27.824623 -5.155612
v -2.204177 -25.362867 10.948352
v -12.902430 -24.881441 -6.314877
v -31.026130 -20.430063 -2.408050
v -27.248909 -23.485880 -4.407569
v -23.644515 -25.015819 -5.047180
v -28.938185 -17.362200 -3.616420
v -25.160964 -20.418016 -5.615938
v -21.553426 -21.943350 -6.257371
v -11.573201 -18.143633 24.404587
v -8.177701 -21.182272 21.789119
v -6.035061 -22.641683 18.783852
v -13.661158 -21.211496 25.612966
v -10.265645 -24.250135 22.997490
v -8.126150 -25.714153 19.994043
v -7.458375 -29.312382 2.141054
v -15.733700 -25.612480 7.372560
v -18.831220 -23.976646 9.337756
v -22.417587 -20.929418 11.645252
v -20.174344 -17.633390 10.347004
v -16.587977 -20.680618 8.039507
v -13.471657 -22.288816 6.063431
v -5.249188 -26.066383 0.862515
v -44.489489 -7.895768 6.237128
v -42.401533 -4.827904 5.028748
v -33.616294 -5.100069 19.026674
v -24.993764 -5.611273 33.118768
v -27.081721 -8.679136 34.327147
v -35.859536 -8.396096 20.324922
v -10.946047 -19.100443 26.760972
v -7.577809 -22.137853 24.101504
v -5.588048 -23.569406 20.957937
v -1.774945 -26.441250 11.503297
v -4.561219 -27.613041 0.393040
v -13.234866 -25.925548 -6.988996
v -23.323319 -22.771311 -7.660610
v -26.987260 -21.264421 -7.218560
v -30.791740 -18.207378 -5.263039
v -44.258141 -5.672956 3.377198
v -24.363558 -6.568220 35.480082
v -11.852048 -20.431642 27.285310
v -8.483810 -23.469053 24.625842
v -6.494050 -24.900606 21.482273
v -2.691080 -27.787330 12.033499
v -5.527984 -29.033527 0.952543
v -14.150990 -27.271629 -6.458804
v -24.229321 -24.102510 -7.136275
v -27.893263 -22.595621 -6.694226
v -31.697743 -19.538576 -4.738705
v -45.164142 -7.004144 3.901536
v -25.269574 -7.899409 36.004425
v -18.001955 -22.042976 -1.030123
v -16.924769 -23.538486 -6.779542
v -9.169604 -25.593384 -3.950244
v -9.319062 -28.472940 -3.509168
v -52.032988 -0.842956 11.108615
v -45.511087 -7.513899 4.102325
v -52.707641 0.048667 8.773023
v -49.945032 2.224907 9.900234
v -38.589949 -4.876241 11.000959
v -41.159805 1.952754 23.898169
v -28.642664 -5.323873 27.052405
v -32.537276 1.441550 37.990262
v -32.813071 -0.846598 40.875915
v -25.616504 -8.409163 36.205209
v -34.625233 -1.626313 39.198641
v -30.885893 -8.619912 28.350646
v -43.403047 -1.343274 25.196417
v -40.833191 -8.172268 12.299208
v -36.945980 -14.948591 1.365631
v -37.620644 -14.056968 -0.969950
v -34.858022 -11.880728 0.157253
v -26.072796 -12.152880 14.155187
v -17.450267 -12.664084 28.247280
v -17.726063 -14.952232 31.132930
v -19.538224 -15.731948 29.455659
v -28.316038 -15.448909 15.453435
v -7.208654 -21.595438 23.887861
v -8.411014 -21.433025 24.961091
v -10.576879 -18.558029 26.547320
v -5.218881 -23.026989 20.744285
v -6.809287 -22.734018 23.074784
v -3.396695 -24.991899 16.827963
v -1.401668 -25.892771 11.287268
v -4.167304 -27.034237 0.165067
v -2.262594 -27.357164 5.802391
v -8.372551 -27.082212 -4.056949
v -12.861576 -25.377069 -7.205033
v -22.954164 -22.228893 -7.874253
v -18.686551 -24.303850 -7.844524
v -25.740957 -21.882086 -7.474304
v -26.618092 -20.722006 -7.432212
v -28.110058 -20.546558 -6.826306
v -30.422573 -17.664964 -5.476691
v -43.888974 -5.130539 3.163547
v -36.714643 -12.725767 -1.494288
v -51.801640 1.379867 8.248685
v -31.907070 0.484603 40.351577
v -23.994404 -6.025804 35.266439
v -16.820075 -13.621032 30.608601
v -8.034509 -22.808897 24.365814
v -11.402747 -19.771490 27.025281
v -6.044749 -24.240450 21.222246
v -2.236758 -27.119795 11.770565
v -5.048572 -28.329086 0.675090
v -13.696679 -26.604093 -6.721727
v -23.780032 -23.442354 -7.396292
v -27.443960 -21.935465 -6.954251
v -31.248441 -18.878423 -4.998730
v -44.714855 -6.343988 3.641516
v -24.820284 -7.239252 35.744408
v -5.898209 -29.577465 1.166807
v -4.844684 -29.072223 7.783489
v -3.041896 -28.302784 12.236530
v -3.209105 -28.747888 6.350172
v -11.507704 -27.589744 4.698515
v -11.390094 -25.756473 14.584651
v -5.646631 -27.226816 16.024518
v -6.840981 -25.410360 21.683056
v -4.302696 -26.323101 17.352300
v -9.134313 -22.442024 13.279146
v -9.189231 -24.183182 3.356727
v -2.675906 -25.885605 6.528337
v -3.546136 -24.140529 14.808882
v -24.576251 -24.612264 -6.935491
v -19.025265 -26.624773 -5.563906
v -14.501804 -27.787082 -6.255771
v -19.592553 -25.635051 -7.320188
v -28.353620 -22.768833 -3.986102
v -28.240193 -23.105377 -6.493441
v -29.016059 -21.877758 -6.301968
v -32.044673 -20.048334 -4.537920
v -26.032474 -24.102199 -4.711492
v -26.646958 -23.213285 -6.949967
v -17.565987 -19.969272 8.665429
v -11.735619 -20.898977 15.869522
v -9.028995 -20.476627 22.619490
v -15.212914 -17.856661 18.353004
v -15.580573 -21.287533 7.398276
v -7.379311 -21.779779 20.810580
v -9.317014 -22.764225 25.485429
v -8.830742 -23.978809 24.826623
v -11.116952 -23.544491 23.827869
v -12.198980 -20.941400 27.486091
v -7.715288 -24.065218 23.599122
v -9.467268 -24.847641 22.018959
v -17.823816 -24.583559 8.696525
v -13.978862 -24.195005 17.167771
v -19.809229 -23.265301 9.963678
v -19.175231 -21.075329 16.877256
v -20.257736 -25.357425 0.275382
v -11.338394 -28.780002 -2.695084
v -23.683582 -23.758287 1.507733
v -26.265675 -19.700969 -5.194472
v -21.440340 -20.462259 0.209484
v -25.135766 -17.410127 2.340988
v -23.944518 -21.034338 -5.919873
v -3.571548 -29.280439 6.559931
v -8.046129 -27.539612 11.096479
v -4.649628 -26.832855 17.553082
v -5.752745 -24.169895 9.769212
v -19.939484 -26.144806 -7.119405
v -29.362991 -22.387514 -6.101187
v -26.993890 -23.723039 -6.749185
v -12.641219 -20.190889 16.612274
v -10.847649 -21.500517 15.035545
v -9.663946 -23.273981 25.686210
v -8.062220 -24.574972 23.799903
v -13.090891 -24.796543 16.333794
v -16.594175 -23.409979 15.151647
v -15.691068 -27.195587 -1.239767
v -22.556730 -24.370575 1.059243
v -22.490759 -19.747656 0.718576
v -20.313487 -21.074548 -0.239005
v -13.397671 -23.825870 -2.567042
v -9.681504 -29.005487 -3.299409
v -53.054573 -0.461087 8.973804
v -46.133447 2.176571 15.872446
v -36.186162 1.728938 31.923892
v -33.160003 -1.356352 41.076696
v -38.429405 -1.567090 33.222141
v -48.376690 -1.119458 17.170695
v -37.967576 -14.566723 -0.769169
v -31.046438 -11.929065 6.129464
v -21.099153 -12.376696 22.180910
v -18.073008 -15.461986 31.333720
v -23.342395 -15.672724 23.479158
v -33.289680 -15.225093 7.427712
v -8.041846 -20.890610 24.747439
v -6.440133 -22.191601 22.861140
v -3.027540 -24.449484 16.614320
v -1.876924 -26.790497 5.579189
v -7.986881 -26.515545 -4.280151
v -18.317383 -23.761434 -8.058176
v -25.371789 -21.339668 -7.687956
v -27.740903 -20.004143 -7.039950
v -36.345475 -12.183351 -1.707940
v -51.432485 1.922283 8.035041
v -31.537915 1.027019 40.137933
v -16.450907 -13.078615 30.394949
v -8.867714 -22.104069 25.225400
v -7.266001 -23.405061 23.339101
v -3.853395 -25.662943 17.092273
v -2.739721 -28.058216 6.078521
v -8.849678 -27.783264 -3.780818
v -19.143264 -24.974893 -7.580207
v -26.197657 -22.553129 -7.209995
v -28.566771 -21.217602 -6.561989
v -37.171343 -13.396810 -1.229979
v -52.258353 0.708823 8.513002
v -32.363770 -0.186441 40.615886
v -17.276775 -14.292075 30.872910
v -21.518967 -25.143436 10.398594
v -22.543471 -26.340097 11.000120
v -23.967570 -22.861498 11.979662
v -24.717014 -24.374035 12.401921
v -21.229207 -23.005436 16.345864
v -16.712963 -24.622907 23.554921
v -19.037478 -25.111933 14.766361
v -15.589879 -25.725862 22.753538
v -23.011269 -27.027443 11.270853
v -25.184813 -25.061380 12.672654
v -17.626785 -25.961895 24.118773
v -16.537396 -27.034048 23.337490
v -20.879993 -26.209711 17.328267
v -24.126222 -26.085758 11.988065
v -21.915007 -25.305290 18.089078
v -17.229712 -26.813350 23.820073
v -19.870329 -27.233013 16.653353
v -22.082701 -22.233024 14.000155
v -20.512879 -21.015131 14.718766
v -20.574529 -22.319692 16.439415
v -22.647138 -22.931278 14.084087
v -23.516123 -22.176965 11.718984
v -21.834886 -23.851351 16.347825
v -19.590649 -23.841936 19.832016
v -24.404106 -23.708580 12.226566
v -19.350968 -23.445427 15.597670
v -17.884729 -22.242632 16.014468
v -18.188120 -24.540275 14.786856
v -20.133331 -24.058697 15.556103
v -18.567598 -24.839844 19.055884
v -17.536840 -25.839916 18.307417
v -15.942491 -24.855381 23.027464
v -19.621541 -24.498209 12.357021
v -18.135328 -23.340626 12.664744
v -20.987649 -24.485876 10.087667
v -20.326979 -25.125490 12.503805
v -19.654506 -25.891302 14.890399
v -22.108987 -25.856043 10.744364
v -21.503652 -24.700889 17.851011
v -17.395473 -25.070362 23.998648
v -24.837353 -24.550865 12.471565
v -15.854887 -26.586595 22.893763
v -19.458986 -26.628607 16.415295
v -22.663822 -26.516927 11.069772
v -12.406153 -22.362314 24.732412
v -10.948493 -22.092014 26.598241
v -10.601563 -21.582256 26.397456
v -10.152273 -20.922104 26.137439
v -9.695573 -20.251056 25.873130
v -9.326405 -19.708645 25.659478
v -10.318196 -19.294451 23.524033
v -13.944354 -19.008089 17.494341
v -18.887700 -18.785633 9.517521
v -23.831036 -18.563184 1.540685
v -27.619889 -18.515867 -4.394842
v -29.099758 -18.818836 -6.247815
v -29.468926 -19.361248 -6.034164
v -29.925626 -20.032295 -5.769854
v -30.374929 -20.692447 -5.509829
v -30.721859 -21.202205 -5.309045
v -29.707834 -21.583730 -3.186472
v -26.286006 -15.540261 18.729209
v -39.528283 1.879335 26.530877
v -31.984785 -5.173478 21.659390
v -24.441274 -12.226300 16.787894
v -18.545998 -17.706667 12.974583
v -17.264054 -18.858698 12.137509
v -15.947169 -20.042120 11.277619
v -14.988007 -20.752619 10.621316
v -14.011664 -21.358135 9.929949
v -12.005662 -22.343851 8.485470
v -7.957525 -24.194935 5.569824
v -4.241977 -26.034593 2.881373
v -3.233712 -26.986044 2.118490
v -3.625473 -27.561693 2.345217
v -4.110170 -28.273836 2.625730
v -4.586980 -28.974437 2.901677
v -4.955170 -29.515413 3.114762
v -6.440654 -29.265146 4.153829
v -10.269472 -27.591915 6.907835
v -14.266068 -25.665115 9.793651
v -16.157304 -24.658552 11.385686
v -17.156262 -24.052021 12.040557
v -41.430505 -1.432039 28.379400
v -33.886994 -8.484861 23.507904
v -20.702589 -23.892433 6.318028
v -19.649110 -24.501419 5.751125
v -17.478470 -25.514086 4.635471
v -13.121090 -27.437713 2.408370
v -8.954736 -29.107071 0.275939
v -7.357274 -29.356878 -0.555640
v -6.990055 -28.817333 -0.768164
v -6.514501 -28.118585 -1.043385
v -6.031105 -27.408319 -1.323144
v -5.640361 -26.834200 -1.549282
v -6.761133 -25.883974 -0.993582
v -10.812288 -24.045360 1.072180
v -15.218844 -22.193977 3.327741
v -17.405867 -21.205393 4.452876
v -18.459346 -20.596405 5.019780
v -19.465274 -19.883804 5.600642
v -20.794147 -18.699846 6.441169
v -22.087775 -17.547285 7.259403
v -27.990934 -12.066563 11.059982
v -35.534445 -5.013742 15.931478
v -43.077943 2.039071 20.802965
v -45.426329 -1.252225 21.931546
v -37.808176 -8.308397 17.180514
v -30.190028 -15.364578 12.429475
v -14.883695 -23.451986 17.861123
v -16.175047 -22.279995 18.735004
v -17.455610 -21.117792 19.601585
v -24.640416 -23.021156 2.129101
v -25.964945 -21.848789 2.946558
v -27.281007 -20.683914 3.758790
v -19.372835 -25.559591 21.388862
v -18.012053 -26.927027 20.224857
v -18.818368 -26.417030 20.895469
v -18.692010 -24.121982 20.941429
v -17.056055 -25.781862 19.541038
v -17.816284 -24.845661 20.202285
v -19.186642 -24.921079 21.282099
v -17.557449 -26.582538 19.886961
v -18.233793 -26.567199 22.053037
v -17.099250 -24.852482 21.315696
v -18.443452 -24.984796 22.400045
v -16.928896 -26.575538 21.006339
v -18.637788 -25.737844 22.517367
v -17.455387 -26.955393 21.435264
v -17.878119 -24.337751 22.001881
v -16.490822 -25.775041 20.742209
v -18.177384 -26.597563 18.755123
v -18.612472 -26.979282 18.981614
v -19.443810 -26.215385 19.609203
v -20.207334 -25.420059 20.238693
v -19.979969 -24.845670 20.107352
v -21.642329 -23.182810 7.005670
v -23.475437 -23.100319 4.047678
v -24.793292 -21.931743 4.866466
v -26.111082 -20.763212 5.685212
v -24.264333 -20.846313 8.665234
v -16.602267 -25.193350 23.603992
v -16.954963 -25.424570 23.833290
v -16.203274 -25.345100 23.330018
v -16.021916 -25.763300 23.189881
v -16.158855 -26.208084 23.262339
v -16.511550 -26.439298 23.491637
v -16.869298 -26.325256 23.741009
v -17.074469 -25.885277 23.895352
v -16.668118 -24.847000 23.575147
v -17.220201 -25.208919 23.934072
v -17.407281 -25.930055 24.031228
v -17.086123 -26.618759 23.789632
v -16.526128 -26.797281 23.399282
v -15.974060 -26.435352 23.040362
v -15.759704 -25.739139 22.926938
v -16.064435 -25.065037 23.159761
v -16.487225 -25.198526 23.789618
v -16.839919 -25.429746 24.018919
v -16.088232 -25.350277 23.515643
v -16.406095 -25.844526 23.736736
v -15.906887 -25.768478 23.375514
v -16.043812 -26.213262 23.447964
v -16.396507 -26.444475 23.677265
v -16.754268 -26.330433 23.926642
v -16.959439 -25.890453 24.080988
v -26.434952 -26.937603 6.060340
v -27.463121 -25.913467 6.705396
v -24.920816 -22.105308 9.420442
v -25.264733 -22.813484 9.860207
v -26.952021 -23.621076 8.090556
v -26.434463 -22.055994 6.983529
v -25.164279 -23.183826 6.217026
v -29.070679 -23.415331 4.534547
v -26.659410 -22.761074 7.583408
v -25.490800 -23.817608 6.911001
v -27.945323 -24.417843 3.923498
v -23.948038 -24.281076 5.492357
v -22.410645 -24.372698 7.856376
v -26.841356 -25.421207 3.293179
v -24.322229 -24.874117 6.238616
v -22.871853 -25.010969 8.397287
v -24.727492 -25.663015 6.704375
v -28.171069 -24.400852 7.092126
v -31.632579 -24.764070 0.148735
v -31.264518 -24.533540 -0.055747
v -30.845392 -24.686199 -0.297264
v -31.197172 -25.178922 -0.130892
v -28.582424 -25.005253 7.330193
v -28.865114 -25.791424 4.406519
v -29.748701 -24.990694 4.842276
v -30.409942 -25.062917 3.578829
v -29.742814 -25.925426 3.267216
v -31.662747 -26.163856 0.530212
v -30.928015 -26.386465 0.116075
v -29.632366 -26.407423 1.785869
v -30.522261 -26.014213 2.223755
v -27.729896 -25.301534 2.317207
v -28.636904 -24.358728 2.741570
v -30.331209 -24.207882 -0.190910
v -31.140617 -23.973657 0.273720
v -30.262436 -23.780451 2.017943
v -29.314261 -24.302801 1.604936
v -26.023610 -26.333196 5.822281
v -29.950736 -25.079618 -0.419869
v -28.553038 -25.232237 1.277987
v -29.004520 -26.032131 1.520493
v -30.215744 -25.940351 -0.279644
v -31.852889 -24.419773 0.669438
v -30.886705 -24.424845 2.320979
v -32.085668 -25.311239 0.787194
v -31.097055 -25.177171 2.412466
v -30.649647 -25.105047 -0.414164
v -30.786586 -25.549831 -0.341707
v -31.154657 -25.780351 -0.137212
v -31.534323 -25.665325 0.076788
v -31.752859 -25.224743 0.209576
v -27.546236 -26.175960 3.637068
v -27.952232 -26.558988 3.910484
v -28.796242 -26.441732 2.822924
v -28.282776 -26.099895 2.580035
v -29.670393 -23.627950 3.226151
v -29.515548 -24.416567 4.720254
v -30.215523 -24.424776 3.485322
v -31.144349 -24.195564 0.215578
v -31.720478 -24.556400 0.535668
v -30.509160 -24.415016 -0.148981
v -30.181894 -25.090133 -0.345438
v -30.396250 -25.786346 -0.232014
v -30.972384 -26.147192 0.088068
v -31.566694 -25.967127 0.423055
v -31.908761 -25.277483 0.630911
v -31.149476 -24.538719 0.129879
v -31.517550 -24.769247 0.334369
v -31.637815 -25.229919 0.395205
v -31.419281 -25.670501 0.262414
v -31.039614 -25.785528 0.048415
v -30.671544 -25.555008 -0.156083
v -30.534606 -25.110224 -0.228540
v -30.730362 -24.691375 -0.111629
vt 1.521957 0.770420
vt 1.521270 0.763711
vt 1.555761 0.756742
vt 1.557461 0.763068
vt 1.522241 0.745765
vt 1.559037 0.739895
vt 1.596967 0.722197
vt 1.603899 0.731010
vt 1.606792 0.736639
vt 1.525648 0.696894
vt 1.570167 0.694234
vt 1.529446 0.645351
vt 1.582232 0.645943
vt 1.642174 0.647617
vt 1.621976 0.689775
vt 1.662845 0.649156
vt 1.639804 0.689972
vt 1.667491 0.653489
vt 1.643748 0.694938
vt 3.280007 0.659027
vt 3.341689 0.661586
vt 3.352547 0.710899
vt 3.299639 0.702838
vt 3.396255 0.663103
vt 3.398576 0.715027
vt 3.400683 0.763297
vt 3.362673 0.756458
vt 3.323996 0.736476
vt 1.337841 0.648552
vt 1.342621 0.644369
vt 1.364388 0.685835
vt 1.360290 0.690673
vt 1.363336 0.643465
vt 1.382219 0.686184
vt 1.406213 0.719330
vt 1.399011 0.727923
vt 1.395944 0.733459
vt 1.323813 0.579327
vt 1.346814 0.576493
vt 1.348513 0.595182
vt 1.326630 0.597472
vt 1.351052 0.608094
vt 1.329567 0.609759
vt 1.324140 0.612503
vt 1.320928 0.599556
vt 1.317602 0.580767
vt 1.354648 0.620828
vt 1.333420 0.621999
vt 1.328312 0.625405
vt 3.333030 0.590850
vt 3.394692 0.591597
vt 3.394528 0.610797
vt 3.333104 0.610075
vt 3.394707 0.624084
vt 3.334286 0.623387
vt 3.266635 0.622539
vt 3.264449 0.609179
vt 3.264195 0.589908
vt 3.395123 0.637158
vt 3.336364 0.636489
vt 3.270406 0.635687
vt 1.683643 0.584639
vt 1.689806 0.586269
vt 1.685909 0.604977
vt 1.680276 0.602716
vt 1.682301 0.617836
vt 1.676962 0.614924
vt 1.655544 0.612602
vt 1.658479 0.599761
vt 1.660747 0.581113
vt 1.677732 0.630620
vt 1.672733 0.627054
vt 1.651557 0.625233
vt 1.533119 0.619602
vt 1.588155 0.621289
vt 1.533555 0.606545
vt 1.590649 0.608335
vt 1.503376 0.606069
vt 1.503572 0.592886
vt 1.533821 0.593342
vt 1.591995 0.595176
vt 1.593125 0.576237
vt 1.423315 0.643610
vt 1.433878 0.692219
vt 1.472181 0.644415
vt 1.475772 0.695609
vt 1.478944 0.744315
vt 1.443598 0.738156
vt 1.418155 0.618804
vt 1.416061 0.605788
vt 1.469653 0.605703
vt 1.470370 0.618750
vt 1.416091 0.592568
vt 5.403315 0.777175
vt 5.385545 0.813240
vt 5.426785 0.773529
vt 1.415591 0.573622
vt 1.415016 0.554895
vt 5.450513 0.776965
vt 3.516674 0.593312
vt 3.585509 0.594216
vt 3.584738 0.613473
vt 3.516084 0.612529
vt 3.582195 0.626770
vt 3.514545 0.625805
vt 3.459166 0.624953
vt 3.459871 0.611678
vt 3.460264 0.592480
vt 3.578073 0.639813
vt 3.512116 0.638846
vt 3.567849 0.662887
vt 3.506120 0.663792
vt 3.455594 0.663752
vt 3.458120 0.638007
vt 3.445721 0.762855
vt 3.450457 0.715120
vt 3.493943 0.712797
vt 3.482598 0.758064
vt 3.547049 0.706157
vt 3.521798 0.739129
vt 1.446326 0.755056
vt 1.479769 0.762346
vt 1.478834 0.769080
vt 1.444454 0.761314
vt 1.318285 0.249263
vt 1.341971 0.248544
vt 1.342498 0.360076
vt 1.318895 0.360993
vt 1.311901 0.249464
vt 1.312526 0.361251
vt 3.464818 0.263851
vt 4.488298 0.760403
vt 4.544949 0.760412
vt 3.521468 0.264600
vt 3.590643 0.265508
vt 3.589169 0.376998
vt 3.519989 0.376099
vt 3.463331 0.375351
vt 3.337049 0.262126
vt 3.399010 0.262969
vt 3.397508 0.374469
vt 3.335536 0.373627
vt 3.267871 0.261177
vt 3.266355 0.372668
vt 1.698003 0.253574
vt 1.704381 0.253930
vt 1.701125 0.366104
vt 1.694766 0.365676
vt 1.674319 0.252289
vt 1.671183 0.364139
vt 1.603517 0.249016
vt 1.600966 0.360296
vt 1.508141 0.246378
vt 1.546043 0.247021
vt 1.544200 0.358470
vt 1.506845 0.357719
vt 1.412734 0.246749
vt 1.469256 0.246185
vt 1.469939 0.357458
vt 1.412706 0.358012
vt 1.319012 0.473383
vt 1.312658 0.473867
vt 1.342559 0.471808
vt 1.345265 0.558295
vt 1.322012 0.560998
vt 1.315721 0.561976
vt 3.461858 0.486849
vt 3.518539 0.487611
vt 3.587731 0.488484
vt 3.586302 0.575486
vt 3.517241 0.574599
vt 3.460641 0.573788
vt 3.333995 0.485136
vt 3.264808 0.484157
vt 3.395994 0.485965
vt 3.394859 0.572903
vt 3.332963 0.572129
vt 3.263905 0.571164
vt 1.691466 0.478718
vt 1.668000 0.476488
vt 1.697811 0.479374
vt 1.692241 0.567514
vt 1.685999 0.566342
vt 1.662842 0.562946
vt 1.543374 0.469105
vt 1.505424 0.468274
vt 1.598418 0.471335
vt 1.594317 0.557547
vt 1.412384 0.468772
vt 1.470394 0.468108
vt 5.468920 0.814185
vt 3.240852 0.589406
vt 1.706853 0.614261
vt 3.243702 0.621809
vt 1.696295 0.625959
vt 1.700715 0.611502
vt 1.705703 0.590975
vt 1.696086 0.644578
vt 3.259073 0.657327
vt 1.679393 0.665064
vt 1.690838 0.640286
vt 1.614228 0.751529
vt 1.653818 0.708146
vt 3.281447 0.699377
vt 3.316579 0.743147
vt 1.524418 0.794950
vt 3.365729 0.771132
vt 1.523670 0.787849
vt 1.561880 0.779663
vt 1.388051 0.748107
vt 1.439552 0.777749
vt 1.437500 0.784485
vt 3.529033 0.745998
vt 1.476488 0.786494
vt 3.444247 0.778132
vt 3.588821 0.661749
vt 1.345615 0.708903
vt 1.325580 0.659740
vt 1.349810 0.703553
vt 1.309896 0.620179
vt 1.314909 0.634648
vt 3.600444 0.639546
vt 3.605139 0.626655
vt 1.295040 0.586740
vt 1.301564 0.584979
vt 1.305924 0.605614
vt 3.608025 0.613481
vt 3.612650 0.377300
vt 1.289355 0.475655
vt 1.295938 0.361934
vt 1.296081 0.475139
vt 1.299362 0.564664
vt 1.292673 0.565686
vt 3.614125 0.265816
vt 1.295287 0.249997
vt 1.717686 0.367226
vt 1.720978 0.254865
vt 1.727717 0.255244
vt 3.242874 0.372341
vt 2.673484 0.780292
vt 2.680227 0.779896
vt 4.291344 0.760442
vt 1.708511 0.570694
vt 1.714350 0.481109
vt 3.241324 0.483809
vt 3.240479 0.570745
vt 1.697708 0.588554
vt 1.693221 0.608135
vt 1.689221 0.621763
vt 1.684243 0.635307
vt 1.673447 0.659160
vt 1.648781 0.701443
vt 1.610496 0.743989
vt 1.522803 0.779071
vt 1.559645 0.771283
vt 1.442036 0.769448
vt 1.392014 0.740689
vt 1.477668 0.777737
vt 1.331710 0.654030
vt 1.355055 0.697015
vt 1.321657 0.629884
vt 1.317099 0.616210
vt 1.309631 0.582807
vt 1.313520 0.602486
vt 1.304293 0.361590
vt 1.304430 0.474495
vt 1.307606 0.563314
vt 1.303652 0.249728
vt 1.712622 0.254394
vt 1.709345 0.366661
vt 2.656851 0.781271
vt 2.665115 0.780784
vt 1.706021 0.480230
vt 1.700312 0.569095
vt 5.454006 0.847472
vt 5.469822 0.852845
vt 1.538832 0.555610
vt 5.452711 0.874026
vt 5.444524 0.900345
vt 5.448428 0.918355
vt 1.562454 0.574899
vt 5.426139 0.902715
vt 5.408461 0.899897
vt 1.561637 0.594010
vt 5.400446 0.873333
vt 5.413155 0.892550
vt 5.399079 0.846968
vt 5.408256 0.846990
vt 4.422490 0.760405
vt 4.452738 0.760403
vt 3.429258 0.263375
vt 3.427763 0.374876
vt 3.426268 0.486371
vt 3.425103 0.573300
vt 3.424852 0.591990
vt 3.424595 0.611187
vt 3.424417 0.624468
vt 3.424242 0.637534
vt 3.423890 0.663778
vt 3.423183 0.716615
vt 3.422518 0.765772
vt 3.422309 0.781487
vt 1.500554 0.789323
vt 1.500703 0.780566
vt 1.500859 0.772000
vt 1.500997 0.765419
vt 1.501170 0.747539
vt 1.501935 0.697782
vt 1.502768 0.645218
vt 1.503176 0.619095
vt 2.497355 0.788594
vt 2.555457 0.786412
vt 2.419096 0.789407
vt 2.458931 0.789232
vt 5.453845 0.820670
vt 5.445325 0.824076
vt 5.445156 0.794204
vt 5.427181 0.791247
vt 5.427872 0.800814
vt 5.441531 0.801530
vt 5.409631 0.793883
vt 5.400755 0.820374
vt 5.409568 0.824299
vt 5.414062 0.801303
vt 2.261104 0.785863
vt 2.267499 0.786075
vt 2.291278 0.786858
vt 4.614129 0.760428
vt 4.360526 0.760419
vt 2.626661 0.782999
vt 2.650451 0.781643
vt 2.362464 0.788778
vt 4.637612 0.760434
vt 2.244469 0.785296
vt 2.252842 0.785584
vt 2.472097 0.230483
vt 2.507494 0.237761
vt 2.505808 0.244092
vt 2.471419 0.237195
vt 2.509099 0.260931
vt 2.472403 0.255144
vt 2.553858 0.269655
vt 2.546961 0.278495
vt 2.556733 0.264014
vt 2.520261 0.306557
vt 2.475840 0.304031
vt 2.532384 0.354773
vt 2.479660 0.355607
vt 2.571991 0.310802
vt 2.592271 0.352852
vt 2.589787 0.310519
vt 2.612910 0.351210
vt 2.593709 0.305533
vt 2.617536 0.346851
vt 4.308790 0.327975
vt 4.329006 0.284431
vt 4.382018 0.277078
vt 4.370500 0.326241
vt 4.428098 0.273566
vt 4.425082 0.325454
vt 4.392752 0.231659
vt 4.430851 0.225328
vt 4.353812 0.251122
vt 2.288325 0.351951
vt 2.310819 0.309936
vt 2.314901 0.314791
vt 2.293090 0.356156
vt 2.332703 0.314509
vt 2.313777 0.357142
vt 2.349510 0.272840
vt 2.356689 0.281452
vt 2.346455 0.267295
vt 2.274164 0.421133
vt 2.277010 0.402992
vt 2.298876 0.405368
vt 2.297153 0.424052
vt 2.279972 0.390714
vt 2.301436 0.392464
vt 2.271317 0.400880
vt 2.274556 0.387943
vt 2.267958 0.419665
vt 2.283850 0.378488
vt 2.305053 0.379743
vt 2.278756 0.375057
vt 4.360896 0.396856
vt 4.361228 0.377633
vt 4.422656 0.377732
vt 4.422564 0.396933
vt 4.362588 0.364338
vt 4.423013 0.364450
vt 4.292568 0.377611
vt 4.294932 0.364281
vt 4.292056 0.396876
vt 4.364841 0.351265
vt 4.423602 0.351383
vt 4.298878 0.351185
vt 2.633892 0.415636
vt 2.630475 0.397567
vt 2.636096 0.395274
vt 2.640046 0.413971
vt 2.627124 0.385373
vt 2.632448 0.382429
vt 2.608701 0.400632
vt 2.605731 0.387803
vt 2.611014 0.419273
vt 2.622859 0.373262
vt 2.627839 0.369666
vt 2.601711 0.375189
vt 2.538358 0.379369
vt 2.483359 0.381348
vt 2.540885 0.392294
vt 2.483826 0.394393
vt 2.453680 0.395119
vt 5.496972 0.373070
vt 5.502629 0.337294
vt 2.542264 0.405440
vt 2.543426 0.424367
vt 2.384285 0.308638
vt 2.373711 0.357182
vt 2.426090 0.305336
vt 2.422528 0.356561
vt 2.393991 0.262725
vt 2.429237 0.256614
vt 2.368522 0.381936
vt 2.366407 0.394924
vt 2.420712 0.382230
vt 2.419974 0.395268
vt 5.501360 0.298563
vt 5.485312 0.262053
vt 2.366416 0.408134
vt 5.462000 0.257444
vt 5.438148 0.259974
vt 2.365309 0.445794
vt 2.365904 0.427067
vt 4.544556 0.396850
vt 4.544225 0.377626
vt 4.612885 0.377601
vt 4.613398 0.396867
vt 4.542864 0.364331
vt 4.610519 0.364271
vt 4.488006 0.377726
vt 4.487476 0.364443
vt 4.488141 0.396927
vt 4.540609 0.351259
vt 4.606572 0.351175
vt 4.534947 0.326235
vt 4.596658 0.327965
vt 4.486607 0.351376
vt 4.484425 0.325600
vt 4.475878 0.226373
vt 4.512688 0.231656
vt 4.523427 0.277071
vt 4.479976 0.274167
vt 4.576439 0.284422
vt 4.551630 0.251114
vt 2.396715 0.245831
vt 2.430054 0.238580
vt 2.394850 0.239569
vt 2.429120 0.231843
vt 2.268456 0.751274
vt 2.269140 0.639538
vt 2.292752 0.640510
vt 2.292156 0.752042
vt 2.262069 0.751059
vt 2.262770 0.639263
vt 4.488299 0.725588
vt 4.544953 0.725597
vt 4.544966 0.614088
vt 4.614151 0.614115
vt 4.614135 0.725614
vt 4.488303 0.614078
vt 4.360518 0.725604
vt 4.360497 0.614093
vt 4.422475 0.614079
vt 4.422485 0.725590
vt 4.291334 0.725627
vt 4.291309 0.614126
vt 2.648744 0.746823
vt 2.645345 0.634696
vt 2.651705 0.634247
vt 2.655124 0.746447
vt 2.625045 0.748176
vt 2.621757 0.636311
vt 2.554153 0.751621
vt 2.551492 0.640354
vt 2.458595 0.754387
vt 2.457259 0.643055
vt 2.494662 0.642271
vt 2.496575 0.753716
vt 2.363007 0.753964
vt 2.363011 0.642711
vt 2.420307 0.643319
vt 2.419632 0.754579
vt 2.262926 0.526603
vt 2.269280 0.527108
vt 2.292828 0.528757
vt 2.272341 0.439465
vt 2.295587 0.442251
vt 2.266053 0.438461
vt 4.488322 0.502570
vt 4.545009 0.502567
vt 4.614206 0.502619
vt 4.544873 0.415569
vt 4.613940 0.415606
vt 4.488268 0.415623
vt 4.291254 0.502626
vt 4.360448 0.502573
vt 4.422452 0.502573
vt 4.360579 0.415574
vt 4.422480 0.415628
vt 4.291514 0.415615
vt 2.618444 0.523909
vt 2.641907 0.521582
vt 2.648251 0.520900
vt 2.636287 0.433933
vt 2.642525 0.432729
vt 2.613145 0.437437
vt 2.455800 0.532606
vt 2.493796 0.531702
vt 2.548858 0.529317
vt 2.544661 0.443056
vt 2.362678 0.531965
vt 2.420719 0.532737
vt 5.418760 0.296021
vt 4.268707 0.397066
vt 2.656982 0.385846
vt 2.652112 0.370585
vt 2.650863 0.388651
vt 2.646395 0.374211
vt 2.655916 0.409168
vt 2.646115 0.355581
vt 2.634064 0.330252
vt 2.640892 0.359913
vt 2.629379 0.335201
vt 2.564118 0.249092
vt 2.567101 0.242934
vt 4.310770 0.287648
vt 2.603722 0.292271
vt 4.396004 0.217027
vt 2.474524 0.205945
vt 2.511873 0.221151
vt 2.473786 0.213048
vt 2.338596 0.252623
vt 2.335417 0.246566
vt 4.509433 0.217025
vt 2.389969 0.223124
vt 4.474609 0.211078
vt 2.426778 0.214425
vt 4.594676 0.287637
vt 2.271265 0.335910
vt 2.300381 0.297011
vt 2.276109 0.340699
vt 2.260348 0.380187
vt 2.254517 0.376751
vt 4.628938 0.351740
vt 2.265393 0.365739
vt 2.245425 0.413571
vt 4.636170 0.377905
vt 2.256342 0.394739
vt 2.251939 0.415370
vt 4.637692 0.502653
vt 2.239439 0.638245
vt 2.246349 0.525275
vt 2.246181 0.638539
vt 4.637370 0.415710
vt 2.249703 0.435698
vt 2.238704 0.750258
vt 2.245451 0.750491
vt 2.668265 0.633068
vt 2.674995 0.632589
vt 4.267850 0.725636
vt 2.671722 0.745463
vt 2.658780 0.429456
vt 2.665429 0.428193
vt 4.267767 0.502660
vt 2.664786 0.519092
vt 2.647935 0.411640
vt 2.643390 0.392069
vt 2.639346 0.378457
vt 2.634325 0.364937
vt 2.623463 0.341143
vt 2.560412 0.256648
vt 2.598715 0.299001
vt 2.509659 0.229538
vt 2.472931 0.221830
vt 2.342542 0.260053
vt 2.392442 0.231430
vt 2.427956 0.223184
vt 2.305604 0.303572
vt 2.282215 0.346443
vt 2.267532 0.384199
vt 2.272119 0.370543
vt 2.259996 0.417586
vt 2.263923 0.397912
vt 2.254697 0.525947
vt 2.254535 0.638905
vt 2.257942 0.437086
vt 2.253818 0.750778
vt 2.659925 0.633662
vt 2.663366 0.745959
vt 2.650589 0.431103
vt 2.656460 0.520008
vt 5.431780 0.329811
vt 5.431467 0.356515
vt 2.489199 0.445275
vt 2.454482 0.446138
vt 5.439954 0.353396
vt 5.440789 0.330215
vt 5.438803 0.383384
vt 5.457142 0.386516
vt 2.512755 0.425696
vt 2.513616 0.444463
vt 5.456661 0.377019
vt 5.442814 0.376080
vt 5.474988 0.384467
vt 5.484438 0.358078
vt 2.511909 0.406708
vt 5.475712 0.354036
vt 5.470665 0.376897
vt 5.486681 0.331640
vt 4.452736 0.725588
vt 4.452731 0.614077
vt 4.452728 0.502572
vt 4.452726 0.415635
vt 4.452725 0.396944
vt 4.452725 0.377745
vt 4.452725 0.364463
vt 4.452725 0.351395
vt 4.452724 0.325149
vt 4.452724 0.272308
vt 4.452718 0.223146
vt 2.450627 0.204474
vt 2.450753 0.211596
vt 2.450908 0.220355
vt 2.451068 0.228922
vt 2.451211 0.235505
vt 2.451394 0.253390
vt 2.452186 0.303169
vt 2.453046 0.355806
vt 2.453470 0.382020
vt 5.433549 0.303198
vt 5.441974 0.306919
vt 5.442919 0.277373
vt 5.460898 0.275146
vt 5.446315 0.284819
vt 5.459799 0.284786
vt 5.478280 0.278455
vt 5.485855 0.305053
vt 5.473514 0.285672
vt 5.476843 0.308520
vt 1.287621 0.215410
vt 4.637619 0.725621
vt 4.452718 0.207429
vt 2.425792 0.207364
vt 4.431678 0.209894
vt 4.636746 0.397056
vt 2.243019 0.434644
vt 2.662368 0.407158
vt 4.268085 0.415720
vt 4.267826 0.614139
vt 2.671491 0.518352
vt 3.244865 0.226044
vt 2.678461 0.745064
vt 4.637635 0.614126
vt 2.239625 0.524735
vt 4.633461 0.364693
vt 2.250135 0.392136
vt 4.617612 0.329384
vt 2.260031 0.361583
vt 4.558958 0.244343
vt 2.296203 0.291642
vt 2.387927 0.216384
vt 4.346485 0.244351
vt 2.513697 0.214347
vt 4.287836 0.329395
vt 2.607723 0.286766
vt 4.276513 0.351752
vt 4.271991 0.364705
vt 4.269282 0.377916
vt 3.244390 0.260855
vt 1.288540 0.250216
vt 1.475501 0.793555
vt 3.479147 0.772651
vt 3.401304 0.778741
vt 1.563720 0.786461
vt 3.608857 0.594339
vt 3.609730 0.575695
vt 1.712168 0.592939
vt 1.715165 0.571919
vt 1.724418 0.367682
vt 1.721058 0.481818
vt 1.289197 0.362212
vt 3.611216 0.488764
vt 1.304047 0.623575
vt 1.299702 0.608177
vt 1.320717 0.664502
vt 1.309527 0.638769
vt 1.384857 0.754154
vt 3.565327 0.703185
vt 1.500432 0.796444
vt 1.617232 0.757674
vt 1.684104 0.669981
vt 1.657842 0.713628
vt 3.248050 0.634821
vt 1.702035 0.629542
vt 3.241170 0.608562
vt 1.470498 0.554721
vt 1.504136 0.555118
vt 1.436798 0.554588
vt 1.437101 0.573270
vt 1.437375 0.592364
vt 1.470455 0.592506
vt 5.382973 0.852050
vt 5.387192 0.887662
vt 5.402615 0.917339
vt 5.425366 0.921026
vt 5.464340 0.892588
vt 1.563260 0.556214
vt 5.445000 0.847272
vt 5.409403 0.869744
vt 5.427041 0.893161
vt 5.444318 0.870558
vt 5.440768 0.892897
vt 5.091243 0.884080
vt 5.082254 0.883401
vt 5.084020 0.864780
vt 5.093294 0.864983
vt 5.073226 0.882720
vt 5.076339 0.864413
vt 5.084923 0.851662
vt 5.094754 0.851693
vt 5.100413 0.885834
vt 5.104532 0.866260
vt 5.078342 0.851448
vt 5.085435 0.837796
vt 5.096202 0.837485
vt 5.107949 0.853878
vt 5.079290 0.837663
vt 5.086335 0.811150
vt 5.096161 0.797079
vt 5.111614 0.841028
vt 5.121202 0.856194
vt 5.116504 0.868165
vt 5.078836 0.810875
vt 5.088304 0.749392
vt 5.090498 0.749462
vt 5.097869 0.749699
vt 5.106658 0.774246
vt 5.105793 0.800279
vt 5.121992 0.804262
vt 5.126980 0.844705
vt 5.081974 0.749188
vt 5.099205 0.702307
vt 5.090302 0.687635
vt 5.107469 0.750008
vt 5.138218 0.808231
vt 5.082801 0.687428
vt 5.108215 0.725767
vt 5.101840 0.661987
vt 5.091114 0.660985
vt 5.084974 0.660724
vt 5.109023 0.699732
vt 5.101307 0.647716
vt 5.091493 0.647116
vt 5.084913 0.646906
vt 5.117448 0.659441
vt 5.125444 0.696797
vt 5.114615 0.646382
vt 5.100703 0.634359
vt 5.091434 0.633967
vt 5.083745 0.633840
vt 5.133017 0.656757
vt 5.141892 0.693877
vt 5.127988 0.644921
vt 5.112000 0.633806
vt 5.099882 0.615170
vt 5.090867 0.615271
vt 5.081814 0.615371
vt 5.124068 0.632673
vt 5.109145 0.614009
vt 5.263287 0.673895
vt 5.257114 0.674398
vt 5.256137 0.660786
vt 5.262659 0.661286
vt 5.257925 0.700101
vt 5.265289 0.699805
vt 5.244816 0.659013
vt 5.244390 0.673067
vt 5.254939 0.647685
vt 5.262465 0.648711
vt 5.272535 0.661473
vt 5.274090 0.674105
vt 5.242712 0.699449
vt 5.274806 0.713285
vt 5.266302 0.760343
vt 5.259914 0.760426
vt 5.244582 0.646416
vt 5.232032 0.671486
vt 5.233808 0.657698
vt 5.253222 0.627072
vt 5.262238 0.627485
vt 5.271739 0.648730
vt 5.243878 0.760634
vt 5.227506 0.698349
vt 5.284298 0.711039
vt 5.284679 0.736505
vt 5.275350 0.760226
vt 5.268506 0.760314
vt 5.266860 0.820887
vt 5.259490 0.820781
vt 5.244735 0.626487
vt 5.271101 0.627312
vt 5.244300 0.821828
vt 5.227957 0.760840
vt 5.285006 0.760100
vt 5.276025 0.807164
vt 5.265530 0.846840
vt 5.259348 0.846498
vt 5.246662 0.848158
vt 5.229127 0.823322
vt 5.285291 0.783696
vt 5.276325 0.846349
vt 5.265230 0.859461
vt 5.258723 0.860130
vt 5.234349 0.850059
vt 5.247453 0.862196
vt 5.285571 0.809164
vt 5.275098 0.859018
vt 5.265362 0.872037
vt 5.257865 0.873258
vt 5.236482 0.863796
vt 5.247546 0.874795
vt 5.274632 0.871778
vt 5.265687 0.893262
vt 5.256685 0.893909
vt 5.248215 0.894714
vt 5.274551 0.893205
vt 5.727928 0.171264
vt 5.727949 0.175941
vt 5.725821 0.175886
vt 5.725800 0.171208
vt 5.728006 0.180884
vt 5.725878 0.180829
vt 5.665294 0.183429
vt 5.665064 0.178739
vt 5.667194 0.178569
vt 5.667424 0.183259
vt 5.664917 0.174332
vt 5.667048 0.174162
vt 5.665659 0.188022
vt 5.667789 0.187852
vt 5.741580 0.171186
vt 5.743712 0.171220
vt 5.743495 0.175903
vt 5.741362 0.175869
vt 5.743230 0.180848
vt 5.741097 0.180814
vt 5.683080 0.183345
vt 5.680944 0.183276
vt 5.680953 0.178581
vt 5.683087 0.178650
vt 5.682931 0.187948
vt 5.680796 0.187879
vt 5.680892 0.174174
vt 5.683026 0.174243
vt 5.463343 0.123504
vt 5.453393 0.121890
vt 5.454941 0.103343
vt 5.464560 0.103561
vt 5.463019 0.136240
vt 5.452013 0.135076
vt 5.739612 0.089398
vt 5.751602 0.087746
vt 5.749412 0.109064
vt 5.739909 0.109481
vt 5.757147 0.170014
vt 5.757056 0.165357
vt 5.759190 0.165377
vt 5.759280 0.170034
vt 5.698739 0.171206
vt 5.698542 0.176171
vt 5.696411 0.176139
vt 5.696609 0.171175
vt 5.698480 0.180852
vt 5.696349 0.180820
vt 5.410006 0.116086
vt 5.411159 0.136033
vt 5.401539 0.136220
vt 5.400051 0.117667
vt 5.409724 0.103348
vt 5.398714 0.104476
vt 5.692203 0.108378
vt 5.692238 0.088292
vt 5.701746 0.088584
vt 5.704216 0.109874
vt 5.772748 0.170027
vt 5.770612 0.170026
vt 5.770748 0.165364
vt 5.772884 0.165365
vt 5.711144 0.171173
vt 5.713279 0.171184
vt 5.713377 0.176159
vt 5.711243 0.176148
vt 5.713345 0.180848
vt 5.711211 0.180837
vt 5.576620 0.186002
vt 5.575399 0.181473
vt 5.577963 0.177231
vt 5.581753 0.182052
vt 5.582466 0.176031
vt 5.586334 0.178525
vt 5.585458 0.186928
vt 5.580685 0.188342
vt 5.587554 0.183054
vt 5.523454 0.110537
vt 5.521070 0.101701
vt 5.523298 0.101980
vt 5.525216 0.109098
vt 5.525489 0.093320
vt 5.527082 0.095500
vt 5.526719 0.102417
vt 5.527931 0.106929
vt 5.531383 0.115095
vt 5.531604 0.112774
vt 5.534856 0.091107
vt 5.534406 0.093438
vt 5.529274 0.098199
vt 5.531976 0.109261
vt 5.540681 0.112333
vt 5.539100 0.110550
vt 5.542400 0.095960
vt 5.540485 0.097353
vt 5.533756 0.097003
vt 5.536731 0.107857
vt 5.544765 0.104786
vt 5.542395 0.104467
vt 5.537606 0.099490
vt 5.538821 0.104001
vt 5.628154 0.178336
vt 5.633287 0.182285
vt 5.629500 0.187107
vt 5.626935 0.182865
vt 5.636992 0.177407
vt 5.632219 0.175995
vt 5.637872 0.185811
vt 5.634003 0.188306
vt 5.639090 0.181281
vt 5.617373 0.095683
vt 5.619135 0.097121
vt 5.617222 0.104237
vt 5.614993 0.104515
vt 5.625297 0.091123
vt 5.625520 0.093443
vt 5.621851 0.099289
vt 5.620643 0.103799
vt 5.621003 0.110716
vt 5.619410 0.112897
vt 5.634596 0.093877
vt 5.633018 0.095661
vt 5.625895 0.096956
vt 5.623196 0.108018
vt 5.628328 0.112779
vt 5.628779 0.115110
vt 5.638688 0.101423
vt 5.636318 0.101744
vt 5.630650 0.098357
vt 5.627679 0.109214
vt 5.634409 0.108862
vt 5.636324 0.110254
vt 5.632746 0.102212
vt 5.631529 0.106725
vt 2.420807 0.446242
vt 5.415622 0.334196
vt 2.387408 0.427377
vt 2.387696 0.408390
vt 5.457109 0.404833
vt 5.479995 0.402185
vt 5.419116 0.374658
vt 5.434205 0.401216
vt 2.484146 0.407607
vt 2.387086 0.446129
vt 2.453891 0.408389
vt 2.420732 0.408481
vt 5.477506 0.331351
vt 5.266547 0.407145
vt 5.257710 0.406235
vt 5.259821 0.385161
vt 5.269041 0.385750
vt 5.260783 0.372679
vt 5.270720 0.372807
vt 5.280371 0.390031
vt 5.275759 0.409621
vt 5.252265 0.385767
vt 5.254297 0.372982
vt 5.261405 0.360128
vt 5.271986 0.359807
vt 5.283468 0.377506
vt 5.255364 0.359694
vt 5.262377 0.334078
vt 5.272043 0.320534
vt 5.287009 0.364632
vt 5.295854 0.382205
vt 5.290797 0.394333
vt 5.254879 0.333809
vt 5.264555 0.273266
vt 5.266749 0.273333
vt 5.273566 0.273541
vt 5.282383 0.297419
vt 5.281538 0.322798
vt 5.297410 0.327877
vt 5.302103 0.369603
vt 5.258224 0.273072
vt 5.274914 0.226543
vt 5.266093 0.212434
vt 5.283201 0.273836
vt 5.313306 0.332912
vt 5.258592 0.212245
vt 5.283825 0.250247
vt 5.266714 0.186374
vt 5.277255 0.187340
vt 5.260658 0.186438
vt 5.284530 0.224863
vt 5.266858 0.173807
vt 5.276786 0.174287
vt 5.260403 0.173109
vt 5.300683 0.220762
vt 5.292544 0.183441
vt 5.266660 0.161291
vt 5.275899 0.161266
vt 5.289796 0.170375
vt 5.259156 0.160224
vt 5.307913 0.179401
vt 5.316857 0.216707
vt 5.274716 0.139759
vt 5.265839 0.140127
vt 5.287469 0.157684
vt 5.302445 0.166441
vt 5.284062 0.137849
vt 5.298138 0.154026
vt 5.104711 0.134227
vt 5.104873 0.152931
vt 5.097206 0.152749
vt 5.095691 0.134156
vt 5.113741 0.134278
vt 5.114096 0.153344
vt 5.105006 0.166109
vt 5.098379 0.166091
vt 5.087256 0.154204
vt 5.086106 0.134322
vt 5.114799 0.166353
vt 5.105508 0.180007
vt 5.099217 0.180209
vt 5.087270 0.166787
vt 5.116526 0.180184
vt 5.107293 0.206450
vt 5.099923 0.206720
vt 5.086565 0.180815
vt 5.116907 0.220496
vt 5.107917 0.268020
vt 5.101526 0.268126
vt 5.084834 0.207316
vt 5.073837 0.181197
vt 5.075933 0.167915
vt 5.126890 0.243460
vt 5.126534 0.217349
vt 5.117530 0.267861
vt 5.110124 0.267984
vt 5.101956 0.329551
vt 5.109330 0.329578
vt 5.085586 0.268390
vt 5.069396 0.207391
vt 5.127158 0.267702
vt 5.118475 0.315221
vt 5.086855 0.329455
vt 5.108422 0.356064
vt 5.102128 0.356071
vt 5.069709 0.268652
vt 5.127692 0.291939
vt 5.119428 0.355524
vt 5.089462 0.355884
vt 5.071424 0.329891
vt 5.108380 0.369972
vt 5.101757 0.370209
vt 5.128200 0.318047
vt 5.118160 0.369404
vt 5.090631 0.369881
vt 5.076729 0.355924
vt 5.108683 0.383147
vt 5.101026 0.383582
vt 5.117887 0.382429
vt 5.091033 0.382457
vt 5.079262 0.369128
vt 5.109140 0.401846
vt 5.100127 0.402216
vt 5.118164 0.401497
vt 5.090542 0.402366
vt 5.677415 0.683687
vt 5.675286 0.683661
vt 5.675478 0.679018
vt 5.677606 0.679044
vt 5.675535 0.674429
vt 5.677664 0.674455
vt 5.620203 0.644131
vt 5.622340 0.644109
vt 5.622381 0.648803
vt 5.620245 0.648825
vt 5.620028 0.639152
vt 5.622164 0.639130
vt 5.669466 0.648385
vt 5.669475 0.643729
vt 5.671607 0.643794
vt 5.671598 0.648449
vt 5.669615 0.639133
vt 5.671747 0.639198
vt 5.607059 0.644113
vt 5.607155 0.648783
vt 5.605029 0.648824
vt 5.604934 0.644153
vt 5.607089 0.639156
vt 5.604964 0.639196
vt 5.428370 0.581898
vt 5.427787 0.601875
vt 5.417399 0.602628
vt 5.419859 0.582142
vt 5.426858 0.614585
vt 5.415511 0.615499
vt 5.409844 0.603408
vt 5.410791 0.582229
vt 5.731699 0.584307
vt 5.731885 0.564211
vt 5.743071 0.565596
vt 5.741055 0.584578
vt 5.636838 0.639238
vt 5.638962 0.639197
vt 5.638910 0.643864
vt 5.636787 0.643905
vt 5.638819 0.648795
vt 5.636696 0.648836
vt 5.662753 0.684758
vt 5.660615 0.684723
vt 5.660550 0.680027
vt 5.662686 0.680062
vt 5.660418 0.675618
vt 5.662556 0.675653
vt 5.498450 0.615447
vt 5.489939 0.615213
vt 5.487455 0.594733
vt 5.497843 0.595474
vt 5.479899 0.593963
vt 5.480872 0.615137
vt 5.485551 0.581866
vt 5.496898 0.582766
vt 5.777709 0.564008
vt 5.787063 0.563704
vt 5.789145 0.582674
vt 5.777966 0.584098
vt 5.655446 0.639184
vt 5.655515 0.643900
vt 5.653368 0.643866
vt 5.653299 0.639150
vt 5.655623 0.648883
vt 5.653477 0.648849
vt 5.645392 0.684734
vt 5.645486 0.680057
vt 5.647616 0.680035
vt 5.647521 0.684713
vt 5.645645 0.675666
vt 5.647774 0.675644
vt 5.569061 0.645932
vt 5.573107 0.650981
vt 5.568289 0.654763
vt 5.566805 0.650039
vt 5.577858 0.647125
vt 5.573561 0.644624
vt 5.576719 0.655488
vt 5.572375 0.656993
vt 5.578976 0.651381
vt 5.658788 0.571074
vt 5.660161 0.572885
vt 5.656626 0.579346
vt 5.654396 0.579091
vt 5.667559 0.568511
vt 5.667229 0.570817
vt 5.662288 0.575631
vt 5.660052 0.579727
vt 5.658772 0.586530
vt 5.656711 0.588272
vt 5.675941 0.573376
vt 5.673987 0.574738
vt 5.666765 0.574318
vt 5.661537 0.584426
vt 5.665401 0.590259
vt 5.665289 0.592628
vt 5.678138 0.581670
vt 5.675761 0.581423
vt 5.671053 0.576798
vt 5.665611 0.586643
vt 5.672230 0.587887
vt 5.673762 0.589690
vt 5.672181 0.581036
vt 5.669936 0.585133
vt 5.835108 0.554088
vt 5.837363 0.558201
vt 5.835873 0.562929
vt 5.831053 0.559139
vt 5.831780 0.565158
vt 5.827433 0.563648
vt 5.826301 0.555275
vt 5.830606 0.552774
vt 5.825178 0.559534
vt 5.579753 0.570995
vt 5.584150 0.579022
vt 5.581919 0.579276
vt 5.578380 0.572808
vt 5.581828 0.588209
vt 5.579766 0.586464
vt 5.578491 0.579655
vt 5.576252 0.575555
vt 5.570974 0.568431
vt 5.571305 0.570739
vt 5.573245 0.592563
vt 5.573134 0.590192
vt 5.577001 0.584357
vt 5.571771 0.574241
vt 5.562587 0.573303
vt 5.564543 0.574664
vt 5.564770 0.589622
vt 5.566304 0.587818
vt 5.572926 0.586575
vt 5.567480 0.576724
vt 5.560393 0.581600
vt 5.562772 0.581352
vt 5.568599 0.585063
vt 5.566355 0.580965
vt 1.468737 0.211359
vt 1.508468 0.211535
vt 1.546788 0.212148
vt 1.604754 0.214223
vt 1.714282 0.219567
vt 1.722650 0.220035
vt 1.706021 0.219105
vt 1.311000 0.214658
vt 1.302741 0.214920
vt 1.294370 0.215190
vt 1.729393 0.220410
vt 2.237720 0.785061
vt 1.412233 0.211935
vt 1.341153 0.213727
vt 1.675852 0.217465
vt 1.699624 0.218752
vt 1.317392 0.214460
vt 3.465283 0.229039
vt 3.429725 0.228563
vt 3.399481 0.228157
vt 4.267860 0.760450
vt 3.268347 0.226366
vt 3.614584 0.231005
vt 3.591103 0.230697
vt 3.337522 0.227315
vt 3.521928 0.229788
vn -0.567205 0.605788 0.557941
vn -0.796174 -0.094003 0.597722
vn -0.717183 -0.027585 0.696338
vn -0.426736 0.567721 0.703981
vn -0.729882 -0.500203 0.465906
vn -0.718871 -0.484402 0.498577
vn -0.696531 -0.467591 0.544245
vn -0.543673 -0.034223 0.838599
vn -0.189691 0.468886 0.862649
vn -0.705789 -0.561696 0.431694
vn -0.701937 -0.552550 0.449414
vn -0.698279 -0.579696 0.419951
vn -0.695601 -0.571813 0.434937
vn -0.678060 -0.545865 0.492206
vn -0.686038 -0.519391 0.509494
vn -0.500518 -0.339549 0.796360
vn -0.491089 -0.241971 0.836828
vn 0.144948 0.275642 0.950269
vn 0.045298 0.339258 0.939602
vn 0.727894 0.592717 -0.344756
vn 0.711202 0.570300 -0.411034
vn 0.709986 0.573465 -0.408726
vn 0.725100 0.597149 -0.342991
vn 0.706148 0.568094 -0.422640
vn 0.704458 0.570967 -0.421587
vn 0.670016 0.633867 -0.386383
vn 0.679329 0.641543 -0.356279
vn 0.698885 0.645223 -0.308620
vn -0.779064 0.317223 -0.540768
vn -0.944129 -0.319587 0.080527
vn -0.973714 -0.220254 0.058040
vn -0.812306 0.377856 -0.444279
vn -0.756127 -0.542352 0.366232
vn -0.774493 -0.515411 0.366759
vn -0.808974 -0.462533 0.362800
vn -0.993533 -0.013977 0.112685
vn -0.844851 0.498372 -0.194556
vn -0.726154 -0.685372 -0.054455
vn -0.577452 -0.769666 0.272328
vn -0.602727 -0.745268 0.285123
vn -0.763327 -0.645135 -0.033662
vn -0.664298 -0.674323 0.322485
vn -0.844253 -0.535310 0.026066
vn -0.681720 0.185191 -0.707787
vn -0.591898 0.087233 -0.801278
vn -0.549949 0.045814 -0.833941
vn -0.724703 -0.590101 0.355790
vn -0.908370 -0.411812 0.072634
vn -0.750576 0.273997 -0.601300
vn 0.554261 0.773054 -0.308515
vn 0.548478 0.773198 -0.318336
vn 0.573403 0.747881 -0.334488
vn 0.578933 0.748154 -0.324195
vn 0.630859 0.680927 -0.371962
vn 0.635674 0.682292 -0.361104
vn 0.653763 0.692016 -0.306117
vn 0.602492 0.749872 -0.273305
vn 0.580068 0.771329 -0.261866
vn 0.683837 0.605629 -0.406915
vn 0.687963 0.608792 -0.395069
vn 0.702426 0.629565 -0.332034
vn -0.291762 -0.704918 0.646503
vn 0.502607 -0.001553 0.864513
vn 0.455723 0.040086 0.889219
vn -0.325921 -0.664820 0.672153
vn 0.334488 0.139459 0.932024
vn -0.412678 -0.554733 0.722474
vn -0.600702 -0.678022 0.423608
vn -0.541966 -0.748476 0.382174
vn -0.520375 -0.772254 0.364463
vn 0.210733 0.230737 0.949922
vn -0.479829 -0.431096 0.764147
vn -0.655909 -0.593201 0.466794
vn -0.680076 -0.611205 0.404878
vn -0.676395 -0.607720 0.416133
vn -0.628588 -0.683068 0.371881
vn -0.622541 -0.684363 0.379593
vn -0.630886 -0.680891 0.371980
vn -0.607972 -0.709173 0.356991
vn -0.603600 -0.712944 0.356900
vn -0.546418 -0.781294 0.301674
vn -0.539679 -0.781664 0.312647
vn -0.539679 -0.781664 0.312647
vn -0.546418 -0.781294 0.301674
vn -0.567488 -0.747524 0.345202
vn -0.541555 -0.773257 0.329836
vn -0.713728 -0.570598 0.406215
vn -0.729080 -0.550627 0.406512
vn -0.701395 -0.579395 0.415147
vn -0.714776 -0.561116 0.417425
vn -0.753976 -0.499974 0.426082
vn -0.779165 -0.479613 0.403576
vn -0.689130 -0.606951 0.395866
vn -0.635160 -0.682729 0.361182
vn -0.630408 -0.682108 0.370560
vn -0.680473 -0.611219 0.404188
vn -0.582410 -0.745054 0.325106
vn -0.596017 -0.726182 0.342671
vn -0.607176 -0.711151 0.354403
vn -0.556270 -0.772627 0.305958
vn -0.556337 -0.772563 0.305999
vn -0.545241 -0.781599 0.303012
vn -0.539674 -0.783231 0.308709
vn 0.541993 0.773614 -0.328277
vn 0.511953 0.774399 -0.371767
vn 0.531650 0.753057 -0.387625
vn 0.566439 0.748678 -0.344424
vn 0.582404 0.695227 -0.421266
vn 0.623112 0.682800 -0.381467
vn 0.630856 0.680930 -0.371960
vn 0.573402 0.747883 -0.334488
vn 0.548473 0.773201 -0.318334
vn 0.625712 0.633019 -0.455820
vn 0.674961 0.609312 -0.416133
vn 0.647523 0.596332 -0.474449
vn 0.698603 0.570841 -0.431387
vn 0.706945 0.568029 -0.421392
vn 0.683844 0.605649 -0.406875
vn 0.661263 0.632892 -0.402714
vn 0.705404 0.570771 -0.420269
vn 0.695876 0.574335 -0.431158
vn 0.635684 0.645279 -0.423699
vn 0.644809 0.600762 -0.472553
vn 0.603574 0.649509 -0.462424
vn -0.941635 -0.011538 0.336439
vn -0.891676 -0.094734 0.442649
vn -0.736881 0.613422 0.284113
vn -0.803730 0.586493 0.100221
vn -0.704031 -0.707044 -0.066551
vn -0.564851 -0.783349 0.259438
vn -0.564852 -0.783348 0.259438
vn -0.704031 -0.707044 -0.066551
vn -0.526615 0.023698 -0.849774
vn -0.526615 0.023698 -0.849774
vn 0.534995 0.786076 -0.309621
vn 0.534995 0.786076 -0.309621
vn 0.528745 0.786300 -0.319627
vn 0.528744 0.786301 -0.319627
vn 0.500045 0.785974 -0.363592
vn 0.500045 0.785974 -0.363592
vn 0.528743 0.786301 -0.319627
vn 0.534995 0.786076 -0.309621
vn 0.540923 0.785757 -0.299981
vn 0.534995 0.786076 -0.309622
vn 0.534994 0.786076 -0.309621
vn 0.540922 0.785758 -0.299981
vn 0.567732 0.782928 -0.254370
vn 0.567732 0.782928 -0.254370
vn -0.271625 -0.726502 0.631201
vn 0.526616 -0.023698 0.849773
vn 0.526616 -0.023698 0.849773
vn -0.271625 -0.726502 0.631200
vn -0.503309 -0.786118 0.358747
vn -0.503309 -0.786118 0.358747
vn -0.529270 -0.786286 0.318791
vn -0.529258 -0.786287 0.318810
vn -0.534995 -0.786076 0.309622
vn -0.534995 -0.786076 0.309622
vn -0.534995 -0.786076 0.309621
vn -0.534995 -0.786076 0.309622
vn -0.540677 -0.785773 0.300382
vn -0.534995 -0.786076 0.309621
vn -0.534995 -0.786076 0.309622
vn -0.540637 -0.785775 0.300449
vn -0.705500 -0.705637 -0.065928
vn -0.528122 0.025108 -0.848797
vn -0.565801 -0.782119 0.261073
vn -0.568811 -0.778647 0.264882
vn -0.710626 -0.700738 -0.063070
vn -0.533606 0.030259 -0.845192
vn 0.535859 0.785266 -0.310180
vn 0.529589 0.785503 -0.320189
vn 0.500755 0.785243 -0.364195
vn 0.503532 0.782590 -0.366071
vn 0.532691 0.782574 -0.322210
vn 0.539014 0.782294 -0.312218
vn 0.541782 0.784959 -0.300519
vn 0.568568 0.782192 -0.254767
vn 0.535859 0.785266 -0.310180
vn 0.539015 0.782293 -0.312219
vn 0.544902 0.782026 -0.302518
vn 0.571420 0.779534 -0.256527
vn -0.272802 -0.725108 0.632295
vn -0.505309 -0.784761 0.358907
vn 0.525106 -0.022288 0.850745
vn 0.519567 -0.017134 0.854258
vn -0.277520 -0.720227 0.635811
vn -0.510144 -0.781137 0.359969
vn -0.535572 -0.785058 0.311203
vn -0.535849 -0.785276 0.310174
vn -0.530701 -0.784925 0.319765
vn -0.533935 -0.781711 0.322244
vn -0.541912 -0.784558 0.301329
vn -0.536401 -0.785120 0.309614
vn -0.538206 -0.783885 0.309610
vn 0.713942 0.693935 0.093493
vn 0.718247 0.687170 0.109177
vn 0.723632 0.681133 0.111420
vn 0.333344 0.140349 0.932300
vn 0.455151 0.040584 0.889489
vn 0.502608 -0.001553 0.864513
vn 0.721690 0.673854 0.158382
vn 0.718733 0.667186 0.195666
vn 0.144282 0.276089 0.950241
vn 0.209008 0.231947 0.950009
vn -0.194024 0.471001 0.860531
vn 0.042182 0.341171 0.939055
vn 0.663413 0.704421 0.252339
vn 0.384876 0.836716 0.389585
vn 0.255981 0.966648 -0.008106
vn 0.253402 0.952526 0.168764
vn -0.567314 0.605827 0.557789
vn -0.428088 0.568177 0.702792
vn -0.844834 0.500287 -0.189653
vn -0.803225 0.586867 0.102062
vn -0.018629 0.966963 -0.254236
vn -0.156388 0.861076 -0.483830
vn -0.736890 0.613409 0.284117
vn 0.149170 0.970372 -0.190071
vn 0.161621 0.692253 -0.703324
vn 0.087186 0.730350 -0.677486
vn -0.779326 0.317651 -0.540138
vn -0.813160 0.379659 -0.441169
vn -0.682457 0.186056 -0.706849
vn -0.751395 0.275163 -0.599742
vn 0.196472 0.697489 -0.689136
vn 0.239554 0.702910 -0.669725
vn 0.251596 0.714746 -0.652562
vn -0.549947 0.045813 -0.833942
vn -0.592383 0.087721 -0.800867
vn 0.239312 0.708720 -0.663661
vn 0.251309 0.717507 -0.649636
vn 0.250889 0.717130 -0.650215
vn -0.526615 0.023698 -0.849774
vn -0.528122 0.025109 -0.848797
vn -0.533614 0.030270 -0.845186
vn 0.251038 0.716576 -0.650768
vn 0.251308 0.717507 -0.649636
vn -0.526616 0.023698 -0.849773
vn 0.526615 -0.023699 0.849774
vn 0.526615 -0.023699 0.849774
vn 0.711259 0.696809 0.092564
vn 0.711259 0.696808 0.092564
vn 0.526615 -0.023698 0.849773
vn 0.711257 0.696811 0.092563
vn 0.567732 0.782928 -0.254371
vn 0.519556 -0.017124 0.854265
vn 0.525105 -0.022288 0.850746
vn 0.711580 0.696399 0.093181
vn 0.712127 0.695827 0.093268
vn 0.502608 -0.001552 0.864513
vn 0.455429 0.040342 0.889358
vn 0.333899 0.139916 0.932167
vn 0.209842 0.231363 0.949967
vn 0.144605 0.275872 0.950255
vn 0.043705 0.340240 0.939322
vn -0.191867 0.469957 0.861584
vn -0.567258 0.605804 0.557871
vn -0.427393 0.567944 0.703403
vn -0.803486 0.586674 0.101117
vn -0.844846 0.499337 -0.192090
vn -0.736883 0.613419 0.284114
vn -0.779199 0.317447 -0.540441
vn -0.812745 0.378781 -0.442685
vn -0.751000 0.274601 -0.600495
vn -0.682099 0.185636 -0.707305
vn -0.549948 0.045814 -0.833941
vn -0.592147 0.087484 -0.801067
vn -0.526615 0.023697 -0.849773
vn -0.528123 0.025108 -0.848797
vn -0.533610 0.030264 -0.845189
vn -0.526615 0.023697 -0.849773
vn 0.526615 -0.023698 0.849774
vn 0.526615 -0.023699 0.849774
vn 0.526615 -0.023698 0.849773
vn 0.526615 -0.023698 0.849774
vn 0.525105 -0.022288 0.850745
vn 0.519561 -0.017129 0.854262
vn 0.654382 -0.626574 -0.423308
vn 0.654563 -0.626719 -0.422814
vn 0.654946 -0.627026 -0.421763
vn 0.654946 -0.627026 -0.421763
vn 0.586410 -0.713582 -0.383306
vn 0.611241 -0.684164 -0.397874
vn 0.608231 -0.691564 -0.389607
vn 0.589459 -0.713716 -0.378349
vn 0.116519 -0.446609 0.887110
vn 0.116519 -0.446609 0.887110
vn 0.116519 -0.446609 0.887110
vn 0.116519 -0.446609 0.887110
vn 0.631248 0.767424 -0.112187
vn 0.708573 0.691874 0.138689
vn 0.711862 0.684976 0.155112
vn 0.631248 0.767424 -0.112187
vn -0.709749 0.527335 0.467092
vn -0.709749 0.527335 0.467092
vn -0.709749 0.527335 0.467092
vn -0.709749 0.527335 0.467092
vn -0.635618 0.628123 0.448833
vn -0.673827 0.568908 0.471487
vn -0.711216 0.500919 0.493206
vn -0.635618 0.628123 0.448833
vn 0.592836 -0.705933 -0.387561
vn 0.592836 -0.705933 -0.387561
vn 0.593048 -0.705949 -0.387207
vn 0.593048 -0.705949 -0.387207
vn 0.593048 -0.705949 -0.387207
vn 0.528087 -0.003085 0.849185
vn 0.540644 0.016378 0.841092
vn 0.523292 0.030932 0.851592
vn 0.510146 0.012494 0.859997
vn -0.545393 -0.776192 0.316341
vn -0.545393 -0.776192 0.316341
vn -0.550918 -0.775898 0.307363
vn -0.550918 -0.775898 0.307363
vn -0.538674 -0.781249 0.315406
vn -0.521563 -0.797047 0.304447
vn -0.498655 -0.845096 0.192757
vn -0.568488 -0.787987 0.236428
vn -0.533461 -0.786118 0.312151
vn -0.731447 -0.533823 0.424286
vn -0.760934 -0.534094 0.368406
vn -0.586528 -0.768836 0.254709
vn 0.651813 -0.631717 -0.419610
vn 0.651813 -0.631717 -0.419610
vn 0.651813 -0.631717 -0.419610
vn 0.651813 -0.631717 -0.419610
vn 0.645407 -0.642999 -0.412314
vn 0.609969 -0.688331 -0.392604
vn 0.630144 -0.663193 -0.403849
vn 0.645407 -0.642999 -0.412314
vn 0.649111 -0.634269 -0.419951
vn 0.651796 -0.634361 -0.415631
vn 0.591714 -0.709691 -0.382378
vn 0.591714 -0.709691 -0.382378
vn 0.113174 -0.450396 0.885627
vn 0.113174 -0.450396 0.885627
vn 0.113174 -0.450396 0.885627
vn 0.113174 -0.450396 0.885627
vn 0.209201 -0.353385 0.911786
vn 0.715839 0.675445 0.177054
vn 0.703678 0.700932 0.116329
vn 0.209201 -0.353385 0.911786
vn 0.219967 -0.342822 0.913284
vn 0.219967 -0.342822 0.913284
vn 0.631862 0.767144 -0.110635
vn 0.631862 0.767144 -0.110635
vn 0.514616 0.811923 -0.275594
vn 0.514616 0.811923 -0.275594
vn 0.546797 0.783456 -0.295311
vn 0.544182 0.785877 -0.293706
vn 0.572443 0.788089 -0.226329
vn 0.748453 0.567516 -0.343138
vn 0.716328 0.570341 -0.401976
vn 0.523838 0.805972 -0.275687
vn -0.691265 0.560566 0.455981
vn -0.694637 0.562570 0.448325
vn -0.696103 0.563438 0.444949
vn -0.691265 0.560566 0.455981
vn -0.722001 0.515222 0.461802
vn -0.703637 0.548791 0.451358
vn -0.681964 0.552915 0.478758
vn -0.702758 0.514053 0.491813
vn -0.735195 0.450141 0.506815
vn -0.735195 0.450141 0.506815
vn -0.691033 0.570270 0.444146
vn -0.672652 0.569143 0.472880
vn -0.688284 0.558667 0.462770
vn -0.697626 0.559182 0.447922
vn -0.697626 0.559182 0.447922
vn -0.697626 0.559182 0.447922
vn -0.688284 0.558667 0.462770
vn -0.443204 0.758020 0.478515
vn -0.482519 0.764321 0.427771
vn -0.482519 0.764321 0.427771
vn -0.442950 0.757970 0.478829
vn 0.859103 -0.370950 -0.352617
vn 0.858855 -0.371004 -0.353164
vn 0.828126 -0.376341 -0.415421
vn 0.828126 -0.376341 -0.415421
vn 0.474231 -0.861120 -0.183242
vn 0.474855 -0.861020 -0.182092
vn 0.433595 -0.864424 -0.254492
vn 0.433595 -0.864424 -0.254493
vn 0.660647 -0.617679 -0.426637
vn 0.660654 -0.617667 -0.426642
vn 0.660654 -0.617667 -0.426642
vn 0.660647 -0.617679 -0.426637
vn 0.503058 0.047545 0.862944
vn 0.490138 0.030138 0.871124
vn 0.475910 0.011347 0.879421
vn 0.497577 -0.007143 0.867390
vn 0.515233 -0.022513 0.856755
vn -0.660646 0.617680 0.426636
vn -0.660646 0.617680 0.426636
vn -0.652590 0.617265 0.439442
vn -0.652590 0.617265 0.439442
vn -0.690554 0.470648 0.549204
vn -0.689215 0.473310 0.548599
vn -0.741092 0.354747 0.570032
vn -0.741092 0.354747 0.570032
vn -0.536327 -0.783759 0.313170
vn -0.536968 -0.784225 0.310897
vn 0.534995 0.786076 -0.309621
vn 0.534994 0.786076 -0.309621
vn 0.534995 0.786076 -0.309621
vn 0.534995 0.786076 -0.309621
vn 0.535859 0.785266 -0.310180
vn 0.539013 0.782295 -0.312218
vn 0.548477 0.773198 -0.318336
vn 0.573319 0.747970 -0.334434
vn 0.630707 0.681122 -0.371862
vn 0.683811 0.605687 -0.406872
vn 0.706402 0.568427 -0.421767
vn 0.704603 0.571549 -0.420556
vn 0.663213 0.635553 -0.395248
vn 0.197113 0.973624 -0.114902
vn -0.674600 0.618091 0.403582
vn -0.674633 0.618089 0.403530
vn -0.674660 0.618090 0.403483
vn -0.855241 -0.092635 0.509884
vn -0.743495 -0.501708 0.442159
vn -0.709732 -0.563767 0.422430
vn -0.699021 -0.581351 0.416414
vn -0.679731 -0.612109 0.404090
vn -0.534994 -0.786076 0.309621
vn -0.529271 -0.786285 0.318791
vn -0.534994 -0.786076 0.309621
vn -0.534995 -0.786076 0.309622
vn -0.585413 -0.731422 0.349734
vn -0.541504 -0.773307 0.329802
vn -0.536225 -0.782851 0.315606
vn -0.642557 -0.711562 0.284254
vn -0.546808 -0.770893 0.326687
vn 0.572755 0.758323 -0.311283
vn 0.572755 0.758323 -0.311283
vn -0.619334 0.565363 0.544785
vn -0.619334 0.565363 0.544785
vn -0.662666 0.558377 0.499088
vn -0.660346 0.558821 0.501660
vn 0.601318 -0.725010 -0.335823
vn 0.603959 -0.724140 -0.332949
vn 0.581844 -0.730981 -0.356545
vn 0.581844 -0.730981 -0.356545
vn 0.601824 -0.738684 -0.303569
vn 0.600796 -0.739740 -0.303034
vn 0.639465 -0.697591 -0.323190
vn 0.639465 -0.697591 -0.323190
vn -0.317515 -0.943514 0.094690
vn -0.281461 -0.946756 0.156309
vn 0.331726 0.930582 -0.154840
vn 0.358900 0.927657 -0.103164
vn -0.795875 0.265704 0.544045
vn -0.795875 0.265704 0.544045
vn -0.747903 0.264390 0.608883
vn -0.752292 0.264574 0.603372
vn -0.677352 0.555371 0.482450
vn -0.677352 0.555371 0.482450
vn -0.662325 0.523445 0.536032
vn -0.662325 0.523445 0.536032
vn -0.511102 -0.789180 0.340543
vn -0.519941 -0.780962 0.346063
vn -0.529064 -0.772242 0.351757
vn 0.650889 -0.706037 -0.279025
vn 0.650889 -0.706037 -0.279025
vn 0.515818 -0.816656 -0.258853
vn 0.515818 -0.816656 -0.258853
vn 0.686028 -0.046446 0.726091
vn 0.686089 -0.046468 0.726033
vn 0.658743 0.115887 0.743390
vn 0.658721 0.115813 0.743420
vn 0.543944 0.213771 0.811435
vn 0.544047 0.214054 0.811291
vn 0.394993 0.190338 0.898750
vn 0.394955 0.190393 0.898756
vn 0.318873 0.068726 0.945303
vn 0.318918 0.068714 0.945288
vn 0.337762 -0.083696 0.937503
vn 0.337739 -0.083709 0.937510
vn 0.449203 -0.197921 0.871231
vn 0.449169 -0.198013 0.871228
vn 0.594288 -0.180673 0.783695
vn 0.594333 -0.180793 0.783634
vn 0.681387 -0.044739 0.730555
vn 0.681387 -0.044739 0.730555
vn 0.592621 -0.176133 0.785988
vn 0.592621 -0.176133 0.785988
vn 0.450652 -0.193959 0.871374
vn 0.450652 -0.193959 0.871374
vn 0.340785 -0.082008 0.936558
vn 0.340785 -0.082008 0.936558
vn 0.322654 0.067687 0.944094
vn 0.322654 0.067687 0.944094
vn 0.397816 0.186273 0.898357
vn 0.397815 0.186273 0.898357
vn 0.546848 0.221807 0.807316
vn 0.546848 0.221807 0.807316
vn 0.660548 0.122071 0.740793
vn 0.660548 0.122071 0.740793
vn -0.778931 0.288423 0.556847
vn -0.778931 0.288423 0.556847
vn -0.778931 0.288423 0.556847
vn -0.778931 0.288423 0.556847
vn -0.559189 -0.798946 0.221345
vn -0.717180 -0.614790 0.328156
vn -0.717180 -0.614790 0.328156
vn -0.585775 -0.774555 0.238606
vn -0.395668 -0.910609 0.119320
vn -0.395668 -0.910609 0.119320
vn 0.455022 -0.854143 -0.251782
vn 0.455022 -0.854143 -0.251782
vn 0.455022 -0.854143 -0.251782
vn 0.455022 -0.854143 -0.251782
vn 0.746039 -0.561759 -0.357566
vn 0.746039 -0.561759 -0.357566
vn 0.746039 -0.561759 -0.357566
vn 0.746039 -0.561759 -0.357566
vn 0.553354 0.778316 -0.296688
vn 0.633219 0.691931 -0.346793
vn 0.633219 0.691931 -0.346793
vn 0.539897 0.790811 -0.288321
vn 0.450508 0.861782 -0.233184
vn 0.450508 0.861782 -0.233184
vn -0.583349 0.658001 0.476171
vn -0.583349 0.658001 0.476171
vn -0.583349 0.658001 0.476171
vn -0.583349 0.658001 0.476171
vn 0.817455 -0.260260 -0.513841
vn 0.817455 -0.260260 -0.513841
vn 0.817455 -0.260260 -0.513841
vn 0.817455 -0.260260 -0.513841
vn 0.733817 0.517299 -0.440356
vn 0.733818 0.517299 -0.440356
vn 0.733817 0.517299 -0.440356
vn 0.733818 0.517299 -0.440356
vn 0.230467 0.966155 -0.115887
vn 0.230467 0.966155 -0.115887
vn 0.230467 0.966155 -0.115887
vn 0.230467 0.966155 -0.115887
vn -0.450444 0.839967 0.302581
vn -0.450444 0.839967 0.302581
vn -0.450444 0.839967 0.302581
vn -0.450444 0.839967 0.302581
vn -0.817465 0.260223 0.513843
vn -0.817465 0.260223 0.513843
vn -0.817465 0.260223 0.513843
vn -0.817465 0.260223 0.513843
vn -0.753515 -0.475799 0.453686
vn -0.753515 -0.475799 0.453686
vn -0.753515 -0.475799 0.453686
vn -0.753515 -0.475799 0.453686
vn -0.252794 -0.958756 0.129932
vn -0.252794 -0.958756 0.129932
vn -0.252794 -0.958756 0.129932
vn -0.252794 -0.958756 0.129932
vn 0.413259 -0.866416 -0.280249
vn 0.413259 -0.866416 -0.280249
vn 0.413259 -0.866416 -0.280249
vn 0.413259 -0.866416 -0.280249
vn -0.532850 -0.781905 0.323569
vn -0.532850 -0.781904 0.323569
vn 0.653991 -0.626259 -0.424377
vn 0.653991 -0.626259 -0.424377
vn 0.583342 -0.713424 -0.388250
vn 0.602319 -0.691296 -0.399151
vn -0.744649 -0.373168 -0.553392
vn -0.744649 -0.373168 -0.553392
vn -0.744649 -0.373168 -0.553392
vn -0.744649 -0.373168 -0.553392
vn 0.400686 0.777806 -0.484219
vn 0.400686 0.777806 -0.484219
vn 0.195298 0.708231 -0.678430
vn 0.208703 0.714377 -0.667913
vn -0.719134 0.530334 0.448991
vn -0.719134 0.530334 0.448991
vn -0.719134 0.530334 0.448991
vn -0.719134 0.530334 0.448991
vn -0.669130 0.629597 0.394807
vn -0.669130 0.629597 0.394807
vn -0.745658 0.502479 0.437617
vn -0.707885 0.570426 0.416548
vn 0.593261 -0.705965 -0.386853
vn 0.593261 -0.705965 -0.386853
vn -0.524918 0.044300 -0.849999
vn -0.542197 0.059851 -0.838117
vn -0.528359 0.078256 -0.845407
vn -0.511594 0.063725 -0.856861
vn -0.539808 -0.776400 0.325284
vn -0.539808 -0.776400 0.325284
vn -0.541690 -0.781113 0.310539
vn -0.484452 -0.791766 0.372040
vn -0.415694 -0.848825 0.326641
vn -0.524655 -0.796908 0.299457
vn -0.536578 -0.785978 0.307120
vn -0.508371 -0.772353 0.380829
vn -0.681941 -0.537652 0.495869
vn -0.718816 -0.534395 0.444664
vn 0.650601 -0.631083 -0.422437
vn 0.650601 -0.631083 -0.422437
vn 0.650601 -0.631083 -0.422437
vn 0.650601 -0.631083 -0.422437
vn 0.640395 -0.642791 -0.420373
vn 0.640395 -0.642791 -0.420373
vn 0.625523 -0.662994 -0.411290
vn 0.605854 -0.688146 -0.399245
vn 0.646409 -0.634160 -0.424260
vn 0.588045 -0.709519 -0.388313
vn 0.588045 -0.709519 -0.388313
vn -0.745427 -0.377668 -0.549277
vn -0.745427 -0.377668 -0.549277
vn -0.745427 -0.377668 -0.549277
vn -0.745427 -0.377668 -0.549277
vn -0.731708 -0.311039 -0.606513
vn -0.731708 -0.311039 -0.606513
vn 0.226766 0.722387 -0.653249
vn 0.177196 0.699678 -0.692136
vn -0.727990 -0.300158 -0.616389
vn -0.727990 -0.300158 -0.616389
vn 0.399572 0.777592 -0.485482
vn 0.399572 0.777592 -0.485482
vn 0.496115 0.812753 -0.305456
vn 0.524835 0.786751 -0.324917
vn 0.527376 0.784334 -0.326642
vn 0.496115 0.812753 -0.305456
vn 0.477178 0.792374 -0.380060
vn 0.500153 0.807036 -0.313909
vn 0.693028 0.571388 -0.439578
vn 0.654602 0.571737 -0.494584
vn -0.699203 0.565265 0.437711
vn -0.699202 0.565265 0.437711
vn -0.740325 0.515736 0.431202
vn -0.718418 0.554533 0.419962
vn -0.769776 0.451728 0.450984
vn -0.769776 0.451728 0.450984
vn -0.708609 0.570733 0.414895
vn -0.706752 0.559525 0.432936
vn -0.706752 0.559525 0.432936
vn -0.606733 0.765381 0.214632
vn -0.606902 0.765350 0.214263
vn -0.578669 0.768651 0.272614
vn -0.578669 0.768651 0.272614
vn 0.688931 -0.363316 -0.627197
vn 0.731211 -0.372005 -0.571789
vn 0.731211 -0.372005 -0.571789
vn 0.689308 -0.363398 -0.626734
vn 0.353707 -0.855699 -0.377718
vn 0.399296 -0.862883 -0.309832
vn 0.399296 -0.862883 -0.309832
vn 0.352958 -0.855537 -0.378784
vn 0.660662 -0.617656 -0.426646
vn 0.660662 -0.617656 -0.426646
vn -0.560627 0.077424 -0.824441
vn -0.547118 0.094805 -0.831670
vn -0.554902 0.040221 -0.830943
vn -0.574859 0.058633 -0.816149
vn -0.537903 0.024881 -0.842639
vn -0.668550 0.617953 0.413732
vn -0.668550 0.617953 0.413732
vn -0.787342 0.474991 0.393035
vn -0.831379 0.358810 0.424341
vn -0.831379 0.358810 0.424341
vn -0.786138 0.477659 0.392212
vn -0.555151 -0.770518 0.313226
vn -0.558333 -0.715352 0.420161
vn 0.552597 0.759241 -0.343788
vn 0.552597 0.759241 -0.343788
vn -0.749296 0.571216 0.335064
vn -0.729121 0.561929 0.390664
vn -0.727863 0.561325 0.393864
vn -0.749296 0.571216 0.335064
vn 0.550269 -0.722711 -0.418201
vn 0.559994 -0.729995 -0.391809
vn 0.559994 -0.729995 -0.391809
vn 0.548894 -0.721661 -0.421807
vn 0.521285 -0.735061 -0.433530
vn 0.556632 -0.693868 -0.456846
vn 0.556632 -0.693868 -0.456846
vn 0.520322 -0.736119 -0.432890
vn -0.288879 -0.946422 0.144341
vn -0.249706 -0.946565 0.204111
vn 0.275325 0.931417 -0.238029
vn 0.309548 0.931579 -0.190633
vn -0.834731 0.267477 0.481332
vn -0.868447 0.269825 0.415926
vn -0.871430 0.269973 0.409543
vn -0.834731 0.267477 0.481332
vn -0.719586 0.557288 0.414278
vn -0.719586 0.557288 0.414278
vn -0.761666 0.527898 0.375750
vn -0.761667 0.527898 0.375750
vn -0.560777 -0.779126 0.280165
vn -0.552106 -0.787335 0.274376
vn -0.569717 -0.770416 0.286151
vn 0.521984 -0.700237 -0.487033
vn 0.521984 -0.700237 -0.487033
vn 0.441021 -0.813285 -0.379563
vn 0.441021 -0.813285 -0.379563
vn -0.345416 -0.000049 -0.938450
vn -0.345495 -0.000026 -0.938421
vn -0.369113 0.162062 -0.915146
vn -0.369074 0.162134 -0.915149
vn -0.478479 0.260065 -0.838704
vn -0.478661 0.259785 -0.838687
vn -0.623750 0.236230 -0.745072
vn -0.623730 0.236176 -0.745106
vn -0.702296 0.114675 -0.702588
vn -0.702329 0.114687 -0.702553
vn -0.690757 -0.037422 -0.722118
vn -0.690740 -0.037409 -0.722135
vn -0.584659 -0.151489 -0.797010
vn -0.584645 -0.151395 -0.797038
vn -0.441188 -0.134191 -0.887325
vn -0.441259 -0.134069 -0.887308
vn -0.351508 0.001742 -0.936183
vn -0.351508 0.001742 -0.936183
vn -0.443933 -0.129497 -0.886653
vn -0.443933 -0.129497 -0.886653
vn -0.584026 -0.147399 -0.798240
vn -0.584026 -0.147399 -0.798240
vn -0.688501 -0.035680 -0.724357
vn -0.688501 -0.035680 -0.724357
vn -0.699578 0.113695 -0.705453
vn -0.699578 0.113695 -0.705453
vn -0.622220 0.232157 -0.747627
vn -0.622220 0.232157 -0.747627
vn -0.473479 0.267725 -0.839131
vn -0.473479 0.267725 -0.839131
vn -0.365793 0.168254 -0.915361
vn -0.365793 0.168254 -0.915361
vn -0.838067 0.291139 0.461391
vn -0.838067 0.291139 0.461391
vn -0.838067 0.291139 0.461391
vn -0.838067 0.291139 0.461391
vn -0.467081 -0.803091 0.369974
vn -0.493758 -0.778699 0.387081
vn -0.628434 -0.618798 0.471339
vn -0.628434 -0.618798 0.471339
vn -0.305736 -0.914654 0.264451
vn -0.305736 -0.914654 0.264451
vn 0.406647 -0.851987 -0.329783
vn 0.406646 -0.851987 -0.329783
vn 0.406647 -0.851987 -0.329783
vn 0.406647 -0.851987 -0.329783
vn 0.638261 -0.556892 -0.531502
vn 0.638261 -0.556892 -0.531502
vn 0.638261 -0.556892 -0.531502
vn 0.638261 -0.556892 -0.531502
vn 0.531403 0.779302 -0.332114
vn 0.518233 0.791785 -0.323283
vn 0.609665 0.692982 -0.384819
vn 0.609665 0.692982 -0.384819
vn 0.430840 0.862670 -0.264909
vn 0.430840 0.862670 -0.264909
vn -0.669555 0.661873 0.337076
vn -0.669555 0.661873 0.337076
vn -0.669555 0.661873 0.337076
vn -0.669555 0.661873 0.337076
vn 0.817444 -0.260228 -0.513875
vn 0.817444 -0.260228 -0.513875
vn 0.817444 -0.260228 -0.513874
vn 0.817444 -0.260228 -0.513874
vn 0.733844 0.517278 -0.440336
vn 0.733844 0.517278 -0.440336
vn 0.733844 0.517278 -0.440336
vn 0.733844 0.517278 -0.440336
vn 0.230468 0.966156 -0.115878
vn 0.230468 0.966156 -0.115878
vn 0.230468 0.966156 -0.115878
vn 0.230468 0.966156 -0.115878
vn -0.450453 0.839960 0.302588
vn -0.450453 0.839960 0.302588
vn -0.450453 0.839960 0.302588
vn -0.450453 0.839960 0.302588
vn -0.817439 0.260256 0.513869
vn -0.817439 0.260256 0.513869
vn -0.817439 0.260256 0.513869
vn -0.817439 0.260256 0.513869
vn -0.753500 -0.475830 0.453678
vn -0.753500 -0.475830 0.453678
vn -0.753500 -0.475830 0.453678
vn -0.753500 -0.475830 0.453678
vn -0.252788 -0.958759 0.129921
vn -0.252788 -0.958759 0.129921
vn -0.252788 -0.958759 0.129921
vn -0.252788 -0.958759 0.129921
vn 0.413244 -0.866416 -0.280271
vn 0.413244 -0.866416 -0.280271
vn 0.413244 -0.866416 -0.280271
vn 0.413244 -0.866416 -0.280271
vn -0.526615 0.023698 -0.849773
vn -0.704030 -0.707045 -0.066551
vn -0.564851 -0.783349 0.259438
vn 0.500046 0.785973 -0.363593
vn 0.540923 0.785757 -0.299981
vn -0.503310 -0.786116 0.358748
vn -0.271626 -0.726504 0.631198
vn -0.540709 -0.785771 0.300329
vn 0.251307 0.717508 -0.649636
vn -0.526616 0.023698 -0.849773
vn -0.526615 0.023698 -0.849773
vn 0.736845 -0.613427 -0.284196
vn 0.805950 -0.584780 -0.092066
vn 0.278882 -0.958856 0.053097
vn 0.159040 -0.987086 -0.019142
vn -0.205640 -0.964250 0.167138
vn -0.238353 -0.959761 0.148485
vn 0.375711 -0.893800 0.244873
vn -0.163336 -0.966104 0.199913
vn 0.844854 -0.498367 0.194557
vn -0.286817 -0.940667 0.181335
vn -0.304761 -0.936638 0.172716
vn -0.309896 -0.932428 0.185855
vn -0.325118 -0.928584 0.178968
vn -0.223869 -0.951498 0.211031
vn -0.254206 -0.942148 0.218486
vn 0.211841 -0.899179 0.382884
vn 0.108197 -0.908667 0.403260
vn 0.812305 -0.377860 0.444278
vn 0.779063 -0.317226 0.540767
vn 0.381895 0.916209 -0.121315
vn 0.386153 0.914048 -0.124104
vn 0.327847 0.930747 -0.161947
vn 0.324116 0.932206 -0.161061
vn 0.317857 0.932421 -0.171925
vn 0.315132 0.933675 -0.170128
vn 0.409079 0.894215 -0.181755
vn 0.384659 0.900662 -0.202102
vn 0.441434 0.885929 -0.142363
vn -0.144950 -0.275642 -0.950269
vn -0.045299 -0.339262 -0.939601
vn -0.270783 -0.877461 -0.395903
vn -0.335414 -0.888704 -0.312575
vn -0.312325 -0.947517 0.068296
vn -0.332273 -0.938635 0.092512
vn -0.074149 -0.873558 -0.481039
vn -0.275779 -0.961044 0.018468
vn 0.189691 -0.468878 -0.862653
vn -0.682335 -0.726341 -0.082752
vn -0.642502 -0.758101 -0.111690
vn -0.524109 -0.818773 0.234353
vn -0.548021 -0.797183 0.253322
vn -0.529489 -0.829601 -0.177210
vn -0.452975 -0.871901 0.186016
vn -0.455723 -0.040086 -0.889219
vn -0.334490 -0.139457 -0.932024
vn -0.502606 0.001552 -0.864514
vn -0.410586 -0.877213 -0.248832
vn -0.373135 -0.918800 0.128752
vn -0.210736 -0.230736 -0.949922
vn 0.527442 0.798129 -0.291197
vn 0.501415 0.820629 -0.274135
vn 0.494688 0.821476 -0.283656
vn 0.521287 0.798620 -0.300777
vn 0.434070 0.870784 -0.230910
vn 0.426222 0.872254 -0.239810
vn 0.534498 0.813443 -0.229395
vn 0.475300 0.858871 -0.190868
vn 0.555612 0.794194 -0.246073
vn 0.361577 0.913946 -0.184294
vn 0.351793 0.916074 -0.192485
vn 0.415906 0.897448 -0.147003
vn -0.247944 -0.745886 0.618205
vn -0.205099 -0.777783 0.594128
vn 0.591899 -0.087232 0.801278
vn 0.549947 -0.045813 0.833942
vn -0.097907 -0.849026 0.519200
vn 0.681721 -0.185191 0.707786
vn -0.464297 -0.821093 0.332016
vn -0.390905 -0.874173 0.288124
vn -0.490942 -0.799773 0.345455
vn 0.017957 -0.896497 0.442685
vn 0.750578 -0.273993 0.601299
vn -0.304343 -0.921896 0.239758
vn -0.347360 -0.915352 0.203648
vn -0.357021 -0.913248 0.196253
vn -0.423667 -0.870301 0.251163
vn -0.427726 -0.870865 0.242168
vn -0.426188 -0.872276 0.239788
vn -0.457374 -0.849658 0.262469
vn -0.454804 -0.852379 0.258077
vn -0.537026 -0.790075 0.295609
vn -0.537026 -0.790075 0.295609
vn -0.530283 -0.790448 0.306580
vn -0.530283 -0.790448 0.306580
vn -0.487606 -0.822211 0.293614
vn -0.513971 -0.799046 0.312023
vn -0.312885 -0.939751 0.137739
vn -0.327399 -0.931797 0.156730
vn -0.313477 -0.936313 0.158272
vn -0.327976 -0.928524 0.173998
vn -0.262947 -0.962252 0.070209
vn -0.263679 -0.958381 0.109455
vn -0.359775 -0.914882 0.183173
vn -0.434316 -0.870509 0.231480
vn -0.357467 -0.913214 0.195596
vn -0.427917 -0.871427 0.239794
vn -0.457777 -0.850833 0.257922
vn -0.475235 -0.839107 0.264671
vn -0.498812 -0.823214 0.271119
vn -0.528787 -0.798324 0.288207
vn -0.533782 -0.788740 0.304905
vn -0.536368 -0.789894 0.297283
vn -0.528721 -0.798383 0.288165
vn 0.515195 0.798669 -0.310970
vn 0.488849 0.821221 -0.294317
vn 0.463651 0.816633 -0.343712
vn 0.487503 0.797258 -0.355977
vn 0.421407 0.871384 -0.251208
vn 0.403939 0.862084 -0.306015
vn 0.494687 0.821477 -0.283655
vn 0.426225 0.872251 -0.239812
vn 0.521286 0.798621 -0.300776
vn 0.348478 0.914559 -0.205295
vn 0.339194 0.900900 -0.270791
vn 0.311485 0.932778 -0.181392
vn 0.301524 0.919825 -0.251007
vn 0.351834 0.916062 -0.192468
vn 0.315885 0.933652 -0.168852
vn 0.373543 0.901896 -0.216908
vn 0.368574 0.895014 -0.251204
vn 0.314120 0.931258 -0.184625
vn 0.318559 0.932452 -0.170450
vn 0.305862 0.917661 -0.253665
vn 0.346120 0.890218 -0.296164
vn 0.060568 -0.948554 -0.310769
vn 0.058891 -0.983473 -0.171212
vn 0.433007 -0.569800 -0.698451
vn 0.567146 -0.605780 -0.558010
vn -0.704031 -0.707044 -0.066553
vn -0.704031 -0.707044 -0.066552
vn -0.564852 -0.783348 0.259438
vn -0.564852 -0.783348 0.259438
vn -0.526615 0.023698 -0.849773
vn -0.526616 0.023698 -0.849773
vn 0.534995 0.786076 -0.309621
vn 0.528744 0.786301 -0.319627
vn 0.528743 0.786301 -0.319627
vn 0.500045 0.785974 -0.363593
vn 0.500046 0.785974 -0.363593
vn 0.534994 0.786076 -0.309621
vn 0.540922 0.785758 -0.299981
vn 0.540922 0.785757 -0.299981
vn 0.534994 0.786076 -0.309621
vn 0.534994 0.786076 -0.309621
vn 0.567732 0.782928 -0.254370
vn 0.567732 0.782928 -0.254370
vn -0.271625 -0.726503 0.631200
vn -0.271625 -0.726503 0.631200
vn 0.526615 -0.023698 0.849774
vn 0.526615 -0.023698 0.849774
vn -0.503309 -0.786117 0.358747
vn -0.503308 -0.786118 0.358747
vn -0.529270 -0.786286 0.318791
vn -0.529257 -0.786287 0.318810
vn -0.534994 -0.786076 0.309622
vn -0.534995 -0.786076 0.309622
vn -0.534995 -0.786076 0.309621
vn -0.534995 -0.786076 0.309621
vn -0.540677 -0.785773 0.300382
vn -0.540637 -0.785775 0.300449
vn -0.534995 -0.786076 0.309621
vn -0.534995 -0.786076 0.309621
vn -0.525106 0.022288 -0.850745
vn -0.702717 -0.708239 -0.067724
vn -0.563048 -0.784693 0.259296
vn -0.697760 -0.712767 -0.071379
vn -0.558449 -0.788335 0.258191
vn -0.519566 0.017134 -0.854258
vn 0.534129 0.786884 -0.309062
vn 0.527882 0.787098 -0.319088
vn 0.499200 0.786697 -0.363190
vn 0.524748 0.790000 -0.317080
vn 0.496330 0.789324 -0.361420
vn 0.530955 0.789829 -0.307013
vn 0.567013 0.783646 -0.253763
vn 0.540076 0.786554 -0.299417
vn 0.534129 0.786884 -0.309062
vn 0.536953 0.789458 -0.297385
vn 0.530955 0.789829 -0.307013
vn 0.564215 0.786270 -0.251874
vn -0.502366 -0.787512 0.357005
vn -0.270020 -0.727710 0.630498
vn 0.528122 -0.025108 0.848797
vn -0.264653 -0.732257 0.627502
vn 0.533605 -0.030260 0.845192
vn -0.499424 -0.791160 0.353046
vn -0.534139 -0.786875 0.309069
vn -0.533345 -0.787140 0.309765
vn -0.527790 -0.787646 0.317886
vn -0.524182 -0.790830 0.315946
vn -0.539310 -0.786992 0.299649
vn -0.534398 -0.786993 0.308320
vn -0.533621 -0.788172 0.306649
vn 0.709783 0.697824 0.096179
vn 0.713647 0.691471 0.112147
vn 0.710662 0.693259 0.119797
vn 0.592384 -0.087722 0.800866
vn 0.682459 -0.186057 0.706847
vn 0.549947 -0.045812 0.833942
vn 0.730950 0.665196 0.152401
vn 0.746155 0.641548 0.177960
vn 0.751395 -0.275166 0.599742
vn 0.779326 -0.317650 0.540138
vn 0.844839 -0.500279 0.189652
vn 0.951397 0.307050 0.023733
vn 0.801460 0.575352 0.163192
vn 0.813161 -0.379657 0.441169
vn 0.904725 0.343575 -0.251852
vn 0.816876 0.442237 -0.370323
vn 0.805477 -0.585153 -0.093825
vn 0.736765 -0.613444 -0.284365
vn 0.194020 -0.471005 -0.860529
vn 0.410132 0.331404 -0.849684
vn 0.643485 0.347919 -0.681820
vn 0.434416 -0.570273 -0.697188
vn 0.703766 0.451851 -0.548219
vn 0.567144 -0.605784 -0.558008
vn 0.225235 0.601279 -0.766637
vn 0.189039 0.666620 -0.721028
vn -0.042184 -0.341172 -0.939054
vn -0.144282 -0.276089 -0.950241
vn -0.333346 -0.140345 -0.932300
vn 0.226580 0.715041 -0.661345
vn 0.205734 0.688829 -0.695117
vn -0.209007 -0.231947 -0.950009
vn 0.247440 0.718630 -0.649880
vn 0.234711 0.713025 -0.660686
vn -0.455152 -0.040583 -0.889488
vn -0.502608 0.001552 -0.864513
vn 0.250620 0.717378 -0.650045
vn 0.251308 0.717506 -0.649638
vn -0.525105 0.022287 -0.850745
vn -0.526616 0.023698 -0.849773
vn 0.249874 0.717661 -0.650020
vn -0.519556 0.017124 -0.854265
vn 0.251309 0.717507 -0.649637
vn -0.526616 0.023698 -0.849773
vn 0.526616 -0.023698 0.849773
vn 0.711259 0.696809 0.092564
vn 0.711259 0.696809 0.092562
vn 0.526616 -0.023698 0.849773
vn 0.533616 -0.030269 0.845185
vn 0.710967 0.696912 0.094023
vn 0.711314 0.696647 0.093356
vn 0.528123 -0.025108 0.848796
vn 0.549947 -0.045813 0.833942
vn 0.592149 -0.087485 0.801066
vn 0.682101 -0.185637 0.707303
vn 0.751000 -0.274599 0.600495
vn 0.779199 -0.317446 0.540442
vn 0.844847 -0.499334 0.192092
vn 0.812746 -0.378777 0.442688
vn 0.805716 -0.584967 -0.092922
vn 0.736804 -0.613440 -0.284274
vn 0.191868 -0.469944 -0.861591
vn 0.433693 -0.570030 -0.697837
vn 0.567146 -0.605781 -0.558010
vn -0.043705 -0.340233 -0.939325
vn -0.144604 -0.275871 -0.950255
vn -0.333901 -0.139914 -0.932166
vn -0.209842 -0.231359 -0.949968
vn -0.502607 0.001553 -0.864514
vn -0.455429 -0.040341 -0.889357
vn -0.525105 0.022288 -0.850745
vn -0.526616 0.023698 -0.849773
vn -0.519560 0.017129 -0.854262
vn -0.526616 0.023698 -0.849773
vn 0.526615 -0.023699 0.849774
vn 0.526615 -0.023698 0.849773
vn 0.533611 -0.030264 0.845188
vn 0.528123 -0.025108 0.848797
vn -0.666833 0.608692 0.429915
vn -0.666256 0.608239 0.431450
vn -0.666256 0.608239 0.431450
vn -0.666649 0.608547 0.430406
vn -0.723919 0.511543 0.462887
vn -0.720840 0.511403 0.467822
vn -0.706735 0.537879 0.459578
vn -0.704974 0.546442 0.452120
vn 0.150395 -0.478283 0.865232
vn 0.150395 -0.478283 0.865232
vn 0.150395 -0.478283 0.865232
vn 0.150395 -0.478283 0.865232
vn 0.643310 0.756147 -0.119978
vn 0.643310 0.756147 -0.119978
vn 0.736947 0.661523 0.138913
vn 0.732901 0.669129 0.122977
vn 0.603480 -0.700480 -0.380972
vn 0.603480 -0.700480 -0.380972
vn 0.603480 -0.700480 -0.380972
vn 0.603480 -0.700480 -0.380972
vn 0.684863 -0.606479 -0.403913
vn 0.684863 -0.606479 -0.403913
vn 0.596466 -0.721688 -0.351275
vn 0.644455 -0.663626 -0.379840
vn -0.719283 0.520796 0.459787
vn -0.719062 0.520792 0.460136
vn -0.719062 0.520792 0.460136
vn -0.719062 0.520792 0.460136
vn -0.719283 0.520796 0.459787
vn 0.543294 -0.017303 0.839364
vn 0.559824 -0.033951 0.827916
vn 0.571805 -0.014425 0.820263
vn 0.556212 0.001824 0.831039
vn -0.524462 -0.795762 0.302824
vn -0.529988 -0.795467 0.293847
vn -0.529988 -0.795467 0.293846
vn -0.524462 -0.795762 0.302824
vn -0.528264 -0.790982 0.308683
vn -0.582077 -0.775283 0.245200
vn -0.644431 -0.708803 0.286893
vn -0.545164 -0.774981 0.319689
vn -0.533408 -0.786166 0.312121
vn -0.558427 -0.795107 0.236568
vn -0.324917 -0.941747 0.086838
vn -0.289451 -0.947068 0.138851
vn -0.669270 0.603434 0.433526
vn -0.669270 0.603434 0.433526
vn -0.669270 0.603434 0.433526
vn -0.669270 0.603434 0.433526
vn -0.675178 0.591689 0.440498
vn -0.675178 0.591689 0.440498
vn -0.688829 0.569982 0.447923
vn -0.705572 0.541628 0.456954
vn -0.669223 0.600639 0.437461
vn -0.671899 0.600784 0.433140
vn -0.719562 0.516273 0.464427
vn -0.719562 0.516273 0.464427
vn 0.146039 -0.481125 0.864402
vn 0.146039 -0.481125 0.864402
vn 0.146039 -0.481125 0.864402
vn 0.146039 -0.481125 0.864402
vn 0.252167 -0.393559 0.884038
vn 0.252167 -0.393559 0.884038
vn 0.727053 0.679078 0.101233
vn 0.742030 0.650957 0.160144
vn 0.263002 -0.383050 0.885496
vn 0.263002 -0.383050 0.885496
vn 0.644020 0.755777 -0.118486
vn 0.644020 0.755777 -0.118486
vn 0.572671 0.757643 -0.313091
vn 0.544971 0.785138 -0.294219
vn 0.542423 0.787545 -0.292491
vn 0.572671 0.757643 -0.313091
vn 0.588347 0.773221 -0.236596
vn 0.568944 0.763801 -0.304814
vn 0.329900 0.931629 -0.152425
vn 0.364846 0.926167 -0.095406
vn 0.626691 -0.671655 -0.395143
vn 0.626691 -0.671655 -0.395143
vn 0.622203 -0.669110 -0.406393
vn 0.623584 -0.669898 -0.402964
vn 0.589055 -0.710560 -0.384861
vn 0.607461 -0.710954 -0.354310
vn 0.634461 -0.677896 -0.371371
vn 0.612901 -0.682110 -0.398846
vn 0.559656 -0.760457 -0.329380
vn 0.559656 -0.760457 -0.329380
vn 0.645574 -0.663354 -0.378413
vn 0.627970 -0.662930 -0.407649
vn 0.629358 -0.673240 -0.388144
vn 0.629358 -0.673240 -0.388144
vn 0.620212 -0.672927 -0.403120
vn 0.620212 -0.672927 -0.403120
vn 0.620212 -0.672927 -0.403120
vn 0.832057 -0.434322 -0.345030
vn 0.832225 -0.434292 -0.344662
vn 0.803597 -0.438171 -0.402786
vn 0.803597 -0.438171 -0.402786
vn -0.392349 0.799080 0.455559
vn -0.436092 0.805622 0.400996
vn -0.436092 0.805621 0.400996
vn -0.392734 0.799153 0.455099
vn -0.745813 0.279578 0.604647
vn -0.793836 0.283183 0.538175
vn -0.793836 0.283183 0.538175
vn -0.745004 0.279505 0.605679
vn -0.660638 0.617692 0.426631
vn -0.660638 0.617692 0.426631
vn -0.660644 0.617682 0.426635
vn -0.660644 0.617682 0.426635
vn 0.577954 -0.051965 0.814413
vn 0.589192 -0.032988 0.807319
vn 0.546366 -0.052757 0.835883
vn 0.565486 -0.072399 0.821574
vn 0.530071 -0.036387 0.847172
vn 0.660654 -0.617669 -0.426640
vn 0.668542 -0.617966 -0.413726
vn 0.668542 -0.617966 -0.413726
vn 0.660654 -0.617669 -0.426640
vn 0.605934 -0.741534 -0.288048
vn 0.516671 -0.821210 -0.242211
vn 0.516671 -0.821210 -0.242211
vn 0.607935 -0.739491 -0.289081
vn -0.533016 -0.787920 0.308343
vn -0.531272 -0.788485 0.309906
vn 0.534995 0.786076 -0.309621
vn 0.534995 0.786076 -0.309621
vn 0.534129 0.786885 -0.309062
vn 0.530956 0.789828 -0.307014
vn 0.521286 0.798620 -0.300777
vn 0.494781 0.821400 -0.283716
vn 0.426416 0.872125 -0.239934
vn 0.351864 0.916043 -0.192503
vn 0.315931 0.933500 -0.169604
vn 0.318931 0.932134 -0.171493
vn 0.380174 0.900182 -0.212465
vn 0.754886 0.452131 -0.475105
vn 0.646216 -0.616814 -0.449383
vn 0.646184 -0.616811 -0.449433
vn 0.646155 -0.616809 -0.449478
vn 0.103140 -0.988674 -0.109023
vn -0.254697 -0.958711 0.126501
vn -0.312177 -0.935463 0.165694
vn -0.328556 -0.927718 0.177171
vn -0.358154 -0.912768 0.196420
vn -0.474185 -0.835415 0.277905
vn -0.514028 -0.798996 0.312060
vn -0.529146 -0.789470 0.311034
vn -0.514483 -0.801116 0.305810
vn -0.502156 -0.842832 0.193583
vn 0.516215 0.811185 -0.274774
vn 0.516215 0.811185 -0.274774
vn 0.689819 -0.658606 -0.300646
vn 0.654952 -0.670905 -0.347742
vn 0.652845 -0.671549 -0.350451
vn 0.689819 -0.658606 -0.300646
vn -0.704591 0.495963 0.507516
vn -0.723622 0.489572 0.486509
vn -0.723622 0.489572 0.486509
vn -0.701925 0.496811 0.510374
vn -0.697500 0.476146 0.535518
vn -0.670233 0.526956 0.522595
vn -0.670233 0.526956 0.522595
vn -0.698191 0.474774 0.535835
vn -0.720333 -0.536431 0.439730
vn -0.757004 -0.532611 0.378511
vn 0.744545 0.567101 -0.352206
vn 0.714348 0.572852 -0.401930
vn 0.422407 -0.873307 -0.242709
vn 0.460468 -0.869274 -0.179813
vn 0.463984 -0.868640 -0.173734
vn 0.422407 -0.873307 -0.242709
vn 0.639144 -0.675480 -0.367726
vn 0.639144 -0.675480 -0.367726
vn 0.645183 -0.699047 -0.308337
vn 0.645183 -0.699047 -0.308337
vn -0.508366 -0.791784 0.338588
vn -0.517057 -0.783613 0.344388
vn -0.499204 -0.800160 0.332475
vn -0.650783 0.510994 0.561576
vn -0.650783 0.510994 0.561576
vn -0.746870 0.363878 0.556577
vn -0.746870 0.363878 0.556577
vn 0.458545 0.166277 0.872977
vn 0.458589 0.166202 0.872968
vn 0.597308 0.173231 0.783080
vn 0.597353 0.173282 0.783034
vn 0.701176 0.067152 0.709818
vn 0.701013 0.066925 0.710001
vn 0.712218 -0.106244 0.693872
vn 0.712175 -0.106224 0.693919
vn 0.629487 -0.221647 0.744727
vn 0.629500 -0.221689 0.744704
vn 0.503094 -0.238309 0.830726
vn 0.503103 -0.238283 0.830728
vn 0.386602 -0.139518 0.911632
vn 0.386684 -0.139471 0.911605
vn 0.369722 0.029204 0.928683
vn 0.369850 0.029164 0.928634
vn 0.461906 0.160466 0.872292
vn 0.461906 0.160466 0.872292
vn 0.374634 0.027666 0.926760
vn 0.374634 0.027666 0.926760
vn 0.390188 -0.137420 0.910423
vn 0.390187 -0.137420 0.910423
vn 0.504329 -0.234917 0.830943
vn 0.504329 -0.234917 0.830943
vn 0.628457 -0.218208 0.746611
vn 0.628457 -0.218208 0.746611
vn 0.708992 -0.104677 0.697404
vn 0.708992 -0.104677 0.697404
vn 0.705624 0.073372 0.704778
vn 0.705624 0.073372 0.704778
vn 0.601170 0.177595 0.779137
vn 0.601170 0.177595 0.779137
vn 0.450329 -0.860838 -0.236986
vn 0.450329 -0.860838 -0.236986
vn 0.450329 -0.860838 -0.236986
vn 0.450329 -0.860838 -0.236986
vn -0.598341 -0.762340 0.246627
vn -0.572086 -0.787354 0.229764
vn -0.407917 -0.903940 0.128440
vn -0.407917 -0.903940 0.128440
vn -0.726203 -0.601575 0.332772
vn -0.726203 -0.601575 0.332772
vn -0.781220 0.301611 0.546558
vn -0.781220 0.301611 0.546558
vn -0.781220 0.301611 0.546558
vn -0.781220 0.301611 0.546558
vn -0.565205 0.664236 0.489218
vn -0.565205 0.664236 0.489218
vn -0.565205 0.664236 0.489218
vn -0.565205 0.664236 0.489218
vn 0.538284 0.792406 -0.286955
vn 0.551487 0.779975 -0.295805
vn 0.449686 0.863525 -0.228269
vn 0.449686 0.863525 -0.228269
vn 0.629131 0.694779 -0.348536
vn 0.629131 0.694779 -0.348536
vn 0.731308 -0.571140 -0.372811
vn 0.731308 -0.571140 -0.372811
vn 0.731308 -0.571140 -0.372811
vn 0.731308 -0.571140 -0.372811
vn -0.398177 0.876300 0.271208
vn -0.398177 0.876300 0.271208
vn -0.398177 0.876300 0.271208
vn -0.398177 0.876300 0.271208
vn 0.267213 0.953559 -0.139002
vn 0.267213 0.953559 -0.139002
vn 0.267213 0.953559 -0.139002
vn 0.267213 0.953559 -0.139002
vn 0.752482 0.478100 -0.452980
vn 0.752482 0.478099 -0.452980
vn 0.752482 0.478099 -0.452980
vn 0.752482 0.478100 -0.452980
vn 0.798838 -0.328089 -0.504197
vn 0.798838 -0.328089 -0.504197
vn 0.798838 -0.328089 -0.504197
vn 0.798838 -0.328089 -0.504197
vn 0.398158 -0.876312 -0.271196
vn 0.398158 -0.876312 -0.271196
vn 0.398158 -0.876312 -0.271196
vn 0.398158 -0.876312 -0.271196
vn -0.228356 -0.966814 0.114558
vn -0.228356 -0.966814 0.114558
vn -0.228356 -0.966814 0.114558
vn -0.228356 -0.966814 0.114558
vn -0.741367 -0.501992 0.445398
vn -0.741367 -0.501992 0.445398
vn -0.741367 -0.501992 0.445398
vn -0.741367 -0.501992 0.445398
vn -0.812579 0.279692 0.511359
vn -0.812579 0.279692 0.511359
vn -0.812579 0.279692 0.511359
vn -0.812579 0.279692 0.511359
vn -0.523452 -0.790691 0.317499
vn -0.523452 -0.790691 0.317499
vn -0.667232 0.609006 0.428851
vn -0.667232 0.609006 0.428851
vn -0.712645 0.538147 0.450038
vn -0.726974 0.511666 0.457937
vn -0.711145 -0.404494 -0.575028
vn -0.711145 -0.404494 -0.575028
vn -0.711145 -0.404494 -0.575028
vn -0.711145 -0.404494 -0.575028
vn 0.412752 0.766524 -0.492013
vn 0.233035 0.691625 -0.683630
vn 0.220385 0.684771 -0.694636
vn 0.412752 0.766524 -0.492013
vn 0.594531 -0.697888 -0.399356
vn 0.594531 -0.697888 -0.399356
vn 0.594531 -0.697888 -0.399356
vn 0.594531 -0.697888 -0.399356
vn 0.651374 -0.604972 -0.457953
vn 0.610405 -0.662096 -0.434782
vn 0.562016 -0.720142 -0.406858
vn 0.651374 -0.604972 -0.457953
vn -0.718842 0.520788 0.460485
vn -0.718842 0.520788 0.460485
vn -0.509713 0.030087 -0.859818
vn -0.496035 0.049179 -0.866908
vn -0.479849 0.032901 -0.876734
vn -0.492521 0.013405 -0.870197
vn -0.518877 -0.795970 0.311767
vn -0.518877 -0.795969 0.311767
vn -0.531278 -0.790847 0.303816
vn -0.548254 -0.774844 0.314696
vn -0.561454 -0.712551 0.420763
vn -0.498034 -0.779069 0.380807
vn -0.536527 -0.786025 0.307089
vn -0.276825 -0.947634 0.159239
vn -0.245934 -0.945299 0.214304
vn -0.480271 -0.798624 0.362684
vn -0.670505 0.604076 0.430715
vn -0.670505 0.604076 0.430715
vn -0.670505 0.604076 0.430715
vn -0.670505 0.604076 0.430715
vn -0.680190 0.591888 0.432446
vn -0.709691 0.541808 0.450315
vn -0.693451 0.570172 0.440487
vn -0.680190 0.591888 0.432446
vn -0.674557 0.600914 0.428807
vn -0.723237 0.516443 0.458492
vn -0.723237 0.516443 0.458492
vn -0.712597 -0.408364 -0.570478
vn -0.712597 -0.408364 -0.570478
vn -0.712597 -0.408364 -0.570478
vn -0.712597 -0.408364 -0.570478
vn -0.688742 -0.351212 -0.634259
vn 0.203383 0.675196 -0.709045
vn 0.250138 0.700538 -0.668340
vn -0.688742 -0.351212 -0.634259
vn -0.684956 -0.340396 -0.644179
vn -0.684956 -0.340396 -0.644179
vn 0.411726 0.766230 -0.493329
vn 0.411726 0.766230 -0.493329
vn 0.554168 0.758475 -0.342947
vn 0.554168 0.758475 -0.342947
vn 0.523006 0.788419 -0.323821
vn 0.525628 0.786009 -0.325431
vn 0.493077 0.777507 -0.390331
vn 0.270990 0.930390 -0.246856
vn 0.306597 0.932678 -0.190029
vn 0.545255 0.764867 -0.343039
vn 0.619222 -0.667393 -0.413703
vn 0.619222 -0.667393 -0.413703
vn 0.598019 -0.676254 -0.430178
vn 0.569900 -0.709263 -0.414923
vn 0.525057 -0.758905 -0.385200
vn 0.525057 -0.758905 -0.385199
vn 0.609634 -0.661734 -0.436411
vn 0.610876 -0.672407 -0.417972
vn 0.610876 -0.672407 -0.417972
vn 0.668522 -0.426959 -0.608920
vn 0.707445 -0.433841 -0.557946
vn 0.707445 -0.433841 -0.557946
vn 0.668269 -0.426910 -0.609233
vn -0.562517 0.806738 0.180967
vn -0.562274 0.806783 0.181519
vn -0.533001 0.809983 0.244616
vn -0.533001 0.809983 0.244616
vn -0.866334 0.285019 0.410159
vn -0.866897 0.285007 0.408976
vn -0.828134 0.284744 0.482819
vn -0.828134 0.284744 0.482819
vn -0.660651 0.617672 0.426640
vn -0.660651 0.617672 0.426640
vn -0.460981 0.014269 -0.887295
vn -0.472811 -0.004684 -0.881151
vn -0.485285 -0.025121 -0.873995
vn -0.506113 -0.005397 -0.862450
vn -0.523062 0.011008 -0.852223
vn 0.652613 -0.617230 -0.439457
vn 0.652613 -0.617230 -0.439457
vn 0.509157 -0.737173 -0.444225
vn 0.511024 -0.735124 -0.445475
vn 0.426380 -0.817151 -0.387899
vn 0.426380 -0.817151 -0.387899
vn -0.417935 -0.846619 0.329495
vn -0.522823 -0.800742 0.292349
vn 0.496068 0.812092 -0.307283
vn 0.496068 0.812092 -0.307283
vn 0.559850 -0.652761 -0.510363
vn 0.559850 -0.652761 -0.510363
vn 0.587636 -0.668621 -0.455665
vn 0.586165 -0.667816 -0.458728
vn -0.755647 0.498253 0.425137
vn -0.756997 0.499281 0.421515
vn -0.745481 0.490547 0.451244
vn -0.745481 0.490547 0.451244
vn -0.778039 0.479776 0.405550
vn -0.778665 0.478402 0.405971
vn -0.753070 0.530671 0.388939
vn -0.753070 0.530671 0.388939
vn -0.689192 -0.535672 0.487925
vn -0.727748 -0.536105 0.427755
vn 0.692165 0.573848 -0.437728
vn 0.660968 0.570859 -0.487074
vn 0.383548 -0.871558 -0.305413
vn 0.383548 -0.871558 -0.305413
vn 0.340449 -0.863081 -0.373075
vn 0.344306 -0.864047 -0.367255
vn 0.596896 -0.673587 -0.435885
vn 0.596896 -0.673587 -0.435885
vn 0.545860 -0.694566 -0.468631
vn 0.545860 -0.694566 -0.468631
vn -0.558058 -0.781771 0.278219
vn -0.549202 -0.789947 0.272690
vn -0.539861 -0.798329 0.266872
vn -0.779692 0.516789 0.353568
vn -0.779692 0.516789 0.353568
vn -0.821662 0.367297 0.435849
vn -0.821662 0.367297 0.435849
vn -0.572932 0.212616 -0.791545
vn -0.572957 0.212690 -0.791507
vn -0.430465 0.219533 -0.875503
vn -0.430528 0.219482 -0.875485
vn -0.321590 0.112935 -0.940120
vn -0.321348 0.113158 -0.940176
vn -0.306543 -0.060375 -0.949940
vn -0.306483 -0.060396 -0.949958
vn -0.391701 -0.175740 -0.903153
vn -0.391726 -0.175698 -0.903151
vn -0.525393 -0.191999 -0.828914
vn -0.525397 -0.192025 -0.828906
vn -0.647164 -0.092943 -0.756664
vn -0.647226 -0.092992 -0.756605
vn -0.665691 0.075765 -0.742372
vn -0.665790 0.075803 -0.742278
vn -0.570990 0.206944 -0.794446
vn -0.570990 0.206944 -0.794446
vn -0.661926 0.074313 -0.745876
vn -0.661926 0.074313 -0.745876
vn -0.644497 -0.090855 -0.759189
vn -0.644497 -0.090855 -0.759189
vn -0.524955 -0.188589 -0.829974
vn -0.524955 -0.188589 -0.829974
vn -0.393781 -0.172217 -0.902927
vn -0.393781 -0.172217 -0.902927
vn -0.311033 -0.058770 -0.948580
vn -0.311033 -0.058770 -0.948580
vn -0.314706 0.119284 -0.941664
vn -0.314706 0.119284 -0.941664
vn -0.425176 0.223775 -0.877012
vn -0.425176 0.223775 -0.877012
vn 0.391180 -0.858171 -0.332445
vn 0.391180 -0.858172 -0.332445
vn 0.391180 -0.858172 -0.332445
vn 0.391180 -0.858171 -0.332445
vn -0.506231 -0.766487 0.395258
vn -0.319177 -0.907935 0.271623
vn -0.319177 -0.907935 0.271623
vn -0.480067 -0.791498 0.378241
vn -0.636263 -0.605621 0.477904
vn -0.636263 -0.605621 0.477904
vn -0.829554 0.303814 0.468547
vn -0.829554 0.303814 0.468547
vn -0.829554 0.303814 0.468547
vn -0.829554 0.303814 0.468547
vn -0.672994 0.669077 0.315300
vn -0.672994 0.669077 0.315300
vn -0.672994 0.669077 0.315300
vn -0.672994 0.669077 0.315300
vn 0.516333 0.793392 -0.322381
vn 0.426122 0.864586 -0.266292
vn 0.426122 0.864586 -0.266292
vn 0.529825 0.780947 -0.330767
vn 0.609476 0.695656 -0.380265
vn 0.609476 0.695656 -0.380265
vn 0.645114 -0.567254 -0.511910
vn 0.645114 -0.567254 -0.511910
vn 0.645114 -0.567254 -0.511910
vn 0.645114 -0.567254 -0.511910
vn -0.398180 0.876299 0.271205
vn -0.398180 0.876299 0.271205
vn -0.398180 0.876299 0.271205
vn -0.398180 0.876299 0.271205
vn 0.267224 0.953556 -0.139003
vn 0.267224 0.953556 -0.139003
vn 0.267224 0.953556 -0.139003
vn 0.267224 0.953556 -0.139003
vn 0.752476 0.478107 -0.452984
vn 0.752476 0.478107 -0.452984
vn 0.752476 0.478107 -0.452984
vn 0.752476 0.478107 -0.452984
vn 0.798821 -0.328096 -0.504221
vn 0.798821 -0.328096 -0.504221
vn 0.798821 -0.328096 -0.504221
vn 0.798821 -0.328096 -0.504221
vn 0.398166 -0.876307 -0.271201
vn 0.398166 -0.876307 -0.271201
vn 0.398166 -0.876307 -0.271201
vn 0.398166 -0.876307 -0.271201
vn -0.228350 -0.966816 0.114556
vn -0.228350 -0.966816 0.114556
vn -0.228350 -0.966816 0.114556
vn -0.228350 -0.966816 0.114556
vn -0.741342 -0.501983 0.445449
vn -0.741342 -0.501983 0.445449
vn -0.741342 -0.501983 0.445449
vn -0.741342 -0.501983 0.445449
vn -0.812584 0.279672 0.511361
vn -0.812584 0.279672 0.511361
vn -0.812584 0.279672 0.511361
vn -0.812584 0.279672 0.511361
s 1
g _full_skateboard _group1 _group2 _nurbsCircle2 _skateboard
usemtl _lambert2SG
f 1610/1849/1801 1611/1850/1802 1479/1851/1803 1436/1852/1804
f 1611/1850/1802 1612/1853/1805 1434/1854/1806 1479/1851/1803
f 1479/1851/1803 1434/1854/1806 1321/1855/1807 1435/1856/1808
f 1436/1852/1804 1479/1851/1803 1435/1856/1808 1365/1857/1809
f 1612/1853/1805 1613/1858/1810 1480/1859/1811 1434/1854/1806
f 1613/1858/1810 1614/1860/1812 1438/1861/1813 1480/1859/1811
f 1480/1859/1811 1438/1861/1813 1336/1862/1814 1439/1863/1815
f 1434/1854/1806 1480/1859/1811 1439/1863/1815 1321/1855/1807
f 1336/1862/1814 1440/1864/1816 1481/1865/1817 1439/1863/1815
f 1440/1864/1816 1364/1866/1818 1441/1867/1819 1481/1865/1817
f 1481/1865/1817 1441/1867/1819 1365/1857/1809 1435/1856/1808
f 1439/1863/1815 1481/1865/1817 1435/1856/1808 1321/1855/1807
f 1333/1868/1820 1442/1869/1821 1482/1870/1822 1445/1871/1823
f 1442/1869/1821 1604/1872/1824 1605/1873/1825 1482/1870/1822
f 1482/1870/1822 1605/1873/1825 1606/1874/1826 1444/1875/1827
f 1445/1871/1823 1482/1870/1822 1444/1875/1827 1323/1876/1828
f 1368/1877/1829 1446/1878/1830 1483/1879/1831 1449/1880/1832
f 1446/1878/1830 1327/1881/1833 1447/1882/1834 1483/1879/1831
f 1483/1879/1831 1447/1882/1834 1322/1883/1835 1448/1884/1836
f 1449/1880/1832 1483/1879/1831 1448/1884/1836 1367/1885/1837
f 1593/1886/1838 1594/1887/1839 1450/1888/1840 1484/1889/1841
f 1450/1888/1840 1326/1890/1842 1451/1891/1843 1484/1889/1841
f 1484/1889/1841 1451/1891/1843 1369/1892/1844 1452/1893/1845
f 1592/1894/1846 1593/1886/1838 1484/1889/1841 1452/1893/1845
f 1326/1890/1842 1454/1895/1847 1485/1896/1848 1451/1891/1843
f 1454/1895/1847 1327/1881/1833 1446/1878/1830 1485/1896/1848
f 1485/1896/1848 1446/1878/1830 1368/1877/1829 1455/1897/1849
f 1451/1891/1843 1485/1896/1848 1455/1897/1849 1369/1892/1844
f 1585/1898/1850 1600/1899/1851 1601/1900/1852 1486/1901/1853
f 1601/1900/1852 1602/1902/1854 1457/1903/1855 1486/1901/1853
f 1486/1901/1853 1457/1903/1855 1332/1904/1856 1458/1905/1857
f 1584/1906/1858 1585/1898/1850 1486/1901/1853 1458/1905/1857
f 1602/1902/1854 1603/1907/1859 1487/1908/1860 1457/1903/1855
f 1603/1907/1859 1604/1872/1824 1442/1869/1821 1487/1908/1860
f 1487/1908/1860 1442/1869/1821 1333/1868/1820 1461/1909/1861
f 1457/1903/1855 1487/1908/1860 1461/1909/1861 1332/1904/1856
f 1579/1910/1862 1580/1911/1863 1462/1912/1864 1488/1913/1865
f 1462/1912/1864 1363/1914/1866 1463/1915/1867 1488/1913/1865
f 1488/1913/1865 1463/1915/1867 1335/1916/1868 1464/1917/1869
f 1578/1918/1870 1579/1910/1862 1488/1913/1865 1464/1917/1869
f 1363/1914/1866 1466/1919/1871 1489/1920/1872 1463/1915/1867
f 1466/1919/1871 1364/1866/1818 1440/1864/1816 1489/1920/1872
f 1489/1920/1872 1440/1864/1816 1336/1862/1814 1467/1921/1873
f 1463/1915/1867 1489/1920/1872 1467/1921/1873 1335/1916/1868
f 1614/1860/1812 1615/1922/1874 1490/1923/1875 1438/1861/1813
f 1615/1922/1874 1616/1924/1876 1469/1925/1877 1490/1923/1875
f 1490/1923/1875 1469/1925/1877 1335/1916/1868 1467/1921/1873
f 1438/1861/1813 1490/1923/1875 1467/1921/1873 1336/1862/1814
f 1339/1926/1878 1470/1927/1879 1567/1928/1880 1616/1924/1876
s 8
f 1550/2633/1881 1542/2644/1882 1547/2651/1883 1546/2641/1884
s 1
f 1643/1929/1885 1644/1930/1886 1578/1918/1870 1464/1917/1869
f 1327/1881/1833 1472/1931/1887 1492/1932/1888 1447/1882/1834
f 1472/1931/1887 1621/1933/1889 1622/1934/1890 1492/1932/1888
f 1492/1932/1888 1622/1934/1890 1623/1935/1891 1473/1936/1892
f 1447/1882/1834 1492/1932/1888 1473/1936/1892 1322/1883/1835
f 1327/1881/1833 1454/1895/1847 1493/1937/1893 1472/1931/1887
f 1454/1895/1847 1326/1890/1842 1474/1938/1894 1493/1937/1893
f 1493/1937/1893 1474/1938/1894 1619/1939/1895 1620/1940/1896
f 1472/1931/1887 1493/1937/1893 1620/1940/1896 1621/1933/1889
f 1474/1938/1894 1646/1941/1897 1671/2559/1898 1670/2560/1899 1619/1939/1895
f 1672/2558/1900 1647/1945/1901 1648/1946/1902 1673/2557/1903
f 1619/1939/1895 1670/2560/1899 1470/1927/1879 1339/1926/1878
f 1587/1948/1904 1588/1949/1905 1475/1950/1906 1494/1951/1907
f 1475/1950/1906 1329/1952/1908 1476/1953/1909 1494/1951/1907
f 1494/1951/1907 1476/1953/1909 1633/1954/1910 1634/1955/1911
f 1634/1955/1911 1635/1956/1912 1587/1948/1904 1494/1951/1907
f 1329/1952/1908 1478/1957/1913 1495/1958/1914 1476/1953/1909
f 1478/1957/1913 1330/1959/1915 1373/1960/1916 1495/1958/1914
f 1495/1958/1914 1373/1960/1916 1631/1961/1917 1632/1962/1918
f 1476/1953/1909 1495/1958/1914 1632/1962/1918 1633/1954/1910
f 1629/1963/1919 1630/1964/1920 1496/1965/1921 1375/1966/1922
f 1630/1964/1920 1631/1961/1917 1373/1960/1916 1496/1965/1921
f 1496/1965/1921 1373/1960/1916 1330/1959/1915 1374/1967/1923
f 1375/1966/1922 1496/1965/1921 1374/1967/1923 1324/1968/1924
f 1322/1883/1835 1473/1936/1892 1497/1969/1925 1448/1884/1836
f 1473/1936/1892 1623/1935/1891 1624/1970/1926 1497/1969/1925
f 1497/1969/1925 1624/1970/1926 1625/1971/1927 1376/1972/1928
f 1448/1884/1836 1497/1969/1925 1376/1972/1928 1367/1885/1837
f 1498/1973/1929 1377/1974/1930 1345/1975/1931 1378/1976/1932
f 1379/1977/1933 1498/1973/1929 1378/1976/1932 1371/1978/1934
f 1639/1979/1935 1796/3100/1936 1785/3108/1937 1499/1982/1938
f 1499/1982/1938 1380/1983/1939 1346/1984/1940 1381/1985/1941
f 1638/1986/1942 1639/1979/1935 1499/1982/1938 1381/1985/1941
f 1500/1987/1943 1596/1988/1944 1597/1989/1945 1383/1990/1946
f 1384/1991/1947 1500/1987/1943 1383/1990/1946 1348/1992/1948
f 1501/1993/1949 1385/1994/1950 1372/1995/1951 1386/1996/1952
f 1387/1997/1953 1501/1993/1949 1386/1996/1952 1349/1998/1954
f 1502/1999/1955 1387/1997/1953 1349/1998/1954 1388/2000/1956
f 1389/2001/1957 1617/2002/1958 1618/2003/1959 1350/2004/1960
f 1503/2005/1961 1640/2006/1962 1641/2007/1963 1390/2008/1964
f 1377/1974/1930 1503/2005/1961 1390/2008/1964 1345/1975/1931
f 1371/1978/1934 1378/1976/1932 1504/2009/1965 1392/2010/1966
f 1378/1976/1932 1345/1975/1931 1391/2011/1967 1504/2009/1965
f 1504/2009/1965 1391/2011/1967 1325/2012/1968 1453/2013/1969
f 1392/2010/1966 1504/2009/1965 1453/2013/1969 1370/2014/1970
f 1637/2015/1971 1638/1986/1942 1381/1985/1941 1505/2016/1972
f 1381/1985/1941 1346/1984/1940 1393/2017/1973 1505/2016/1972
f 1505/2016/1972 1393/2017/1973 1328/2018/1974 1477/2019/1975
f 1636/2020/1976 1637/2015/1971 1505/2016/1972 1477/2019/1975
f 1348/1992/1948 1383/1990/1946 1506/2021/1977 1395/2022/1978
f 1383/1990/1946 1597/1989/1945 1598/2023/1979 1506/2021/1977
f 1506/2021/1977 1598/2023/1979 1599/2024/1980 1459/2025/1981
f 1395/2022/1978 1506/2021/1977 1459/2025/1981 1331/2026/1982
f 1349/1998/1954 1386/1996/1952 1507/2027/1983 1397/2028/1984
f 1386/1996/1952 1372/1995/1951 1396/2029/1985 1507/2027/1983
f 1507/2027/1983 1396/2029/1985 1362/2030/1986 1465/2031/1987
f 1397/2028/1984 1507/2027/1983 1465/2031/1987 1334/2032/1988
f 1350/2004/1960 1618/2003/1959 1595/2033/1989 1398/2034/1990
f 1388/2000/1956 1349/1998/1954 1397/2028/1984 1508/2035/1991
f 1508/2035/1991 1397/2028/1984 1334/2032/1988 1645/2036/1992
f 1345/1975/1931 1390/2008/1964 1509/2037/1993 1391/2011/1967
f 1390/2008/1964 1641/2007/1963 1642/2038/1994 1509/2037/1993
f 1509/2037/1993 1642/2038/1994 1674/2555/1995 1673/2557/1903 1648/1946/1902
f 1583/2040/1996 1584/1906/1858 1458/1905/1857 1510/2554/1997
f 1458/1905/1857 1332/1904/1856 1399/2042/1998 1510/2554/1997
f 1510/2041/1997 1399/2553/1998 1352/2043/1999 1400/2044/2000
f 1582/2045/2001 1583/2536/1996 1510/2041/1997 1400/2044/2000
f 1332/1904/1856 1461/1909/1861 1511/2552/2002 1399/2042/1998
f 1461/1909/1861 1333/1868/1820 1402/2047/2003 1511/2552/2002
f 1511/2046/2002 1402/2550/2003 1353/2048/2004 1403/2049/2005
f 1399/2553/1998 1511/2046/2002 1403/2049/2005 1352/2043/1999
f 1354/2050/2006 1404/2051/2007 1512/2551/2008 1405/2549/2009
f 1404/2051/2007 1353/2048/2004 1402/2550/2003 1512/2551/2008
f 1512/2052/2008 1402/2047/2003 1333/1868/1820 1445/1871/1823
f 1405/2053/2009 1512/2052/2008 1445/1871/1823 1323/1876/1828
f 1606/1874/1826 1607/2532/2010 1513/2055/2011 1444/1875/1827
f 1607/2054/2010 1608/2056/2012 1407/2057/2013 1513/2533/2011
f 1513/2533/2011 1407/2057/2013 1354/2050/2006 1405/2549/2009
f 1444/1875/1827 1513/2055/2011 1405/2053/2009 1323/1876/1828
f 1356/2058/2014 1408/2059/2015 1514/2060/2016 1409/2546/2017
f 1408/2059/2015 1627/2062/2018 1628/2530/2019 1514/2060/2016
f 1514/2531/2016 1628/2063/2019 1629/1963/1919 1375/1966/1922
f 1409/2061/2017 1514/2531/2016 1375/1966/1922 1324/1968/1924
f 1330/1959/1915 1410/2064/2020 1515/2547/2021 1374/1967/1923
f 1410/2544/2020 1357/2066/2022 1411/2067/2023 1515/2065/2021
f 1515/2065/2021 1411/2067/2023 1356/2058/2014 1409/2546/2017
f 1374/1967/1923 1515/2547/2021 1409/2061/2017 1324/1968/1924
f 1358/2068/2024 1412/2069/2025 1516/2545/2026 1413/2542/2027
f 1412/2069/2025 1357/2066/2022 1410/2544/2020 1516/2545/2026
f 1516/2070/2026 1410/2064/2020 1330/1959/1915 1478/1957/1913
f 1413/2071/2027 1516/2070/2026 1478/1957/1913 1329/1952/1908
f 1589/2072/2028 1590/2073/2029 1414/2074/2030 1517/2543/2031
f 1414/2074/2030 1358/2068/2024 1413/2542/2027 1517/2543/2031
f 1517/2075/2031 1413/2071/2027 1329/1952/1908 1475/1950/1906
f 1588/1949/1905 1589/2534/2028 1517/2075/2031 1475/1950/1906
f 1346/1984/1940 1416/2076/2032 1518/2541/2033 1393/2017/1973
f 1416/2540/2032 1360/2078/2034 1417/2079/2035 1518/2077/2033
f 1518/2077/2033 1417/2079/2035 1359/2080/2036 1415/2081/2037
f 1393/2017/1973 1518/2541/2033 1415/2535/2037 1328/2018/1974
f 1519/2529/2038 1418/2083/2039 1360/2078/2034 1416/2540/2032
f 1380/1983/1939 1519/2082/2038 1416/2076/2032 1346/1984/1940
f 1361/2084/2040 1419/2085/2041 1520/2086/2042 1420/2538/2043
f 1419/2085/2041 1781/3088/2044 1791/3093/2045 1520/2086/2042
f 1520/2528/2042 1791/2510/2045 1777/3104/2046 1384/1991/1947
f 1420/2087/2043 1520/2528/2042 1384/1991/1947 1348/1992/1948
f 1351/2091/2047 1421/2092/2048 1521/2539/2049 1401/2537/2050
f 1421/2092/2048 1361/2084/2040 1420/2538/2043 1521/2539/2049
f 1521/2093/2049 1420/2087/2043 1348/1992/1948 1395/2022/1978
f 1401/2094/2050 1521/2093/2049 1395/2022/1978 1331/2026/1982
f 1581/2095/2051 1582/2045/2001 1400/2044/2000 1522/2096/2052
f 1400/2044/2000 1352/2043/1999 1422/2097/2053 1522/2096/2052
f 1522/2096/2052 1422/2097/2053 1363/1914/1866 1462/1912/1864
f 1580/1911/1863 1581/2095/2051 1522/2096/2052 1462/1912/1864
f 1352/2043/1999 1403/2049/2005 1523/2098/2054 1422/2097/2053
f 1403/2049/2005 1353/2048/2004 1424/2099/2055 1523/2098/2054
f 1523/2098/2054 1424/2099/2055 1364/1866/1818 1466/1919/1871
f 1422/2097/2053 1523/2098/2054 1466/1919/1871 1363/1914/1866
f 1365/1857/1809 1441/1867/1819 1524/2100/2056 1425/2101/2057
f 1441/1867/1819 1364/1866/1818 1424/2099/2055 1524/2100/2056
f 1524/2100/2056 1424/2099/2055 1353/2048/2004 1404/2051/2007
f 1425/2101/2057 1524/2100/2056 1404/2051/2007 1354/2050/2006
f 1608/2056/2012 1609/2102/2058 1525/2103/2059 1407/2057/2013
f 1609/2102/2058 1610/1849/1801 1436/1852/1804 1525/2103/2059
f 1525/2103/2059 1436/1852/1804 1365/1857/1809 1425/2101/2057
f 1407/2057/2013 1525/2103/2059 1425/2101/2057 1354/2050/2006
f 1367/1885/1837 1376/1972/1928 1526/2104/2060 1427/2105/2061
f 1376/1972/1928 1625/1971/1927 1626/2106/2062 1526/2104/2060
f 1526/2104/2060 1626/2106/2062 1627/2062/2018 1408/2059/2015
f 1427/2105/2061 1526/2104/2060 1408/2059/2015 1356/2058/2014
f 1357/2066/2022 1428/2107/2063 1527/2108/2064 1411/2067/2023
f 1428/2107/2063 1368/1877/1829 1449/1880/1832 1527/2108/2064
f 1527/2108/2064 1449/1880/1832 1367/1885/1837 1427/2105/2061
f 1411/2067/2023 1527/2108/2064 1427/2105/2061 1356/2058/2014
f 1369/1892/1844 1455/1897/1849 1528/2109/2065 1429/2110/2066
f 1455/1897/1849 1368/1877/1829 1428/2107/2063 1528/2109/2065
f 1528/2109/2065 1428/2107/2063 1357/2066/2022 1412/2069/2025
f 1429/2110/2066 1528/2109/2065 1412/2069/2025 1358/2068/2024
f 1591/2111/2067 1592/1894/1846 1452/1893/1845 1529/2112/2068
f 1452/1893/1845 1369/1892/1844 1429/2110/2066 1529/2112/2068
f 1529/2112/2068 1429/2110/2066 1358/2068/2024 1414/2074/2030
f 1590/2073/2029 1591/2111/2067 1529/2112/2068 1414/2074/2030
f 1360/2078/2034 1431/2113/2069 1530/2114/2070 1417/2079/2035
f 1431/2113/2069 1371/1978/1934 1392/2010/1966 1530/2114/2070
f 1530/2114/2070 1392/2010/1966 1370/2014/1970 1430/2115/2071
f 1417/2079/2035 1530/2114/2070 1430/2115/2071 1359/2080/2036
f 1531/2116/2072 1379/1977/1933 1371/1978/1934 1431/2113/2069
f 1418/2083/2039 1531/2116/2072 1431/2113/2069 1360/2078/2034
f 1372/1995/1951 1385/1994/1950 1532/2117/2073 1432/2118/2074
f 1385/1994/1950 1783/3089/2075 1793/3087/2076 1532/2117/2073
f 1532/2117/2073 1793/3087/2076 1781/3088/2044 1419/2085/2041
f 1432/2118/2074 1532/2117/2073 1419/2085/2041 1361/2084/2040
f 1362/2030/1986 1396/2029/1985 1533/2121/2077 1423/2122/2078
f 1396/2029/1985 1372/1995/1951 1432/2118/2074 1533/2121/2077
f 1533/2121/2077 1432/2118/2074 1361/2084/2040 1421/2092/2048
f 1423/2122/2078 1533/2121/2077 1421/2092/2048 1351/2091/2047
s 23
f 1555/2123/2079 1340/2124/2080 1552/2565/2081 1551/2126/2082
s 24
f 1558/2595/2083 1536/2603/2084 1554/2596/2085 1556/2588/2086
s off
f 1553/2127/2087 1471/2128/2088 1560/2564/2089 1559/2130/2090
s 25
f 1557/2584/2091 1538/2597/2092 1562/2598/2093 1563/2589/2094
s off
f 1561/2131/2095 1491/2563/2096 1567/2562/2097 1566/2133/2098
s 26
f 1564/2640/2099 1540/2653/2100 1569/2654/2101 1570/2642/2102
s 27
f 1556/2588/2103 1572/2587/2104 1574/2593/2105 1537/2594/2106 1558/2595/2107
s 28
f 1692/2754/2108 1691/2755/2109 1693/2756/2110 1694/2757/2111
s 29
f 1547/2651/2112 1543/2662/2113 1548/2652/2114 1546/2641/2115
s 30
f 1667/2636/2116 1668/2646/2117 1649/2647/2118 1651/2635/2119
s 31
f 1549/2659/2120 1545/2648/2121 1662/2637/2122 1657/2645/2123
s off
f 1552/2565/2124 1471/2128/2125 1553/2127/2126 1551/2126/2127
s 32
f 1553/2127/2128 1538/2571/2129 1554/2570/2130 1551/2126/2131
s 24
f 1554/2570/2085 1536/2567/2084 1555/2123/2132 1551/2126/2133
s 32
f 1554/2596/2130 1538/2597/2129 1557/2584/2134 1556/2588/2135
s off
f 1560/2564/2136 1491/2563/2137 1561/2131/2138 1559/2130/2139
s 33
f 1561/2131/2140 1540/2134/2141 1562/2569/2142 1559/2130/2143
s 25
f 1562/2569/2093 1538/2571/2092 1553/2127/2144 1559/2130/2145
s 33
f 1562/2598/2142 1540/2604/2141 1564/2599/2146 1563/2589/2147
s 34
f 1564/2599/2148 1653/2590/2149 1654/2585/2150 1563/2589/2151
s 35
f 1565/2580/2152 1539/2572/2153 1663/2575/2154 1658/2581/2155
s 36
f 1567/2562/2156 1470/2561/2157 1568/2135/2158 1566/2133/2159
s 37
f 1568/2135/2160 1534/2136/2161 1569/2568/2162 1566/2133/2163
s 26
f 1569/2568/2101 1540/2134/2100 1561/2131/2164 1566/2133/2165
s 37
f 1569/2654/2162 1534/2663/2161 1571/2655/2166 1570/2642/2167
s 38
f 1570/2642/2168 1571/2655/2169 1535/2656/2170 1577/2643/2171 1576/2634/2172
s 39
f 1541/2660/2173 1664/2650/2174 1660/2638/2175 1575/2649/2176
s 40
f 1539/2572/2177 1573/2573/2178 1659/2574/2179 1663/2575/2180
s 41
f 1573/2573/2181 1544/2576/2182 1661/2577/2183 1659/2574/2184
s 42
f 1548/2592/2185 1543/2600/2186 1574/2593/2187 1572/2587/2188
s 28
f 1693/2756/2110 1695/2758/2189 1696/2759/2190 1694/2757/2111
f 1696/2759/2190 1697/2762/2191 1698/2760/2192 1694/2757/2111
f 1698/2760/2192 1699/2761/2193 1692/2754/2108 1694/2757/2111
s 43
f 1577/2643/2194 1542/2644/2195 1550/2633/2196 1576/2634/2197
s 44
f 1665/2629/2198 1666/2630/2199 1650/2631/2200 1656/2632/2201
s 1
f 1465/2031/1987 1579/1910/1862 1578/1918/1870 1334/2032/1988
f 1362/2030/1986 1580/1911/1863 1579/1910/1862 1465/2031/1987
f 1423/2122/2078 1581/2095/2051 1580/1911/1863 1362/2030/1986
f 1351/2091/2047 1582/2045/2001 1581/2095/2051 1423/2122/2078
f 1401/2537/2050 1583/2536/1996 1582/2045/2001 1351/2091/2047
f 1331/2026/1982 1584/1906/1858 1583/2040/1996 1401/2094/2050
f 1459/2025/1981 1585/1898/1850 1584/1906/1858 1331/2026/1982
f 1599/2024/1980 1600/1899/1851 1585/1898/1850 1459/2025/1981
f 1477/2019/1975 1587/1948/1904 1635/1956/1912 1636/2020/1976
f 1328/2018/1974 1588/1949/1905 1587/1948/1904 1477/2019/1975
f 1415/2535/2037 1589/2534/2028 1588/1949/1905 1328/2018/1974
f 1359/2080/2036 1590/2073/2029 1589/2072/2028 1415/2081/2037
f 1430/2115/2071 1591/2111/2067 1590/2073/2029 1359/2080/2036
f 1370/2014/1970 1592/1894/1846 1591/2111/2067 1430/2115/2071
f 1453/2013/1969 1593/1886/1838 1592/1894/1846 1370/2014/1970
f 1325/2012/1968 1594/1887/1839 1593/1886/1838 1453/2013/1969
f 1646/1941/1897 1647/1945/1901 1672/2558/1900 1671/2559/1898
f 1578/1918/1870 1644/1930/1886 1645/2036/1992 1334/2032/1988
f 1398/2034/1990 1595/2033/1989 1552/2125/2202 1340/2556/2203
f 1596/1988/1944 1794/3102/2204 1775/3101/2205 1382/2139/2206
f 1597/1989/1945 1596/1988/1944 1382/2139/2206 1347/2140/2207
f 1598/2023/1979 1597/1989/1945 1347/2140/2207 1394/2141/2208
f 1599/2024/1980 1598/2023/1979 1394/2141/2208 1341/2142/2209
f 1341/2142/2209 1586/2143/2210 1600/1899/1851 1599/2024/1980
f 1601/1900/1852 1600/1899/1851 1586/2143/2210 1456/2144/2211
f 1456/2144/2211 1342/2145/2212 1602/1902/1854 1601/1900/1852
f 1342/2145/2212 1460/2146/2213 1603/1907/1859 1602/1902/1854
f 1460/2146/2213 1343/2147/2214 1604/1872/1824 1603/1907/1859
f 1605/1873/1825 1604/1872/1824 1343/2147/2214 1443/2148/2215
f 1606/1874/1826 1605/1873/1825 1443/2148/2215 1344/2149/2216
f 1344/2149/2216 1406/2150/2217 1607/2532/2010 1606/1874/1826
f 1406/2548/2217 1355/2151/2218 1608/2056/2012 1607/2054/2010
f 1355/2151/2218 1426/2152/2219 1609/2102/2058 1608/2056/2012
f 1426/2152/2219 1366/2153/2220 1610/1849/1801 1609/2102/2058
f 1366/2153/2220 1433/2154/2221 1611/1850/1802 1610/1849/1801
f 1433/2154/2221 1337/2155/2222 1612/1853/1805 1611/1850/1802
f 1337/2155/2222 1437/2156/2223 1613/1858/1810 1612/1853/1805
f 1437/2156/2223 1338/2157/2224 1614/1860/1812 1613/1858/1810
f 1338/2157/2224 1468/2158/2225 1615/1922/1874 1614/1860/1812
f 1468/2158/2225 1339/1926/1878 1616/1924/1876 1615/1922/1874
f 1469/1925/1877 1643/1929/1885 1464/1917/1869 1335/1916/1868
f 1617/2002/1958 1795/3085/2226 1788/3086/2227 1502/1999/1955
f 1618/2003/1959 1617/2002/1958 1502/1999/1955 1388/2000/1956
f 1595/2033/1989 1618/2003/1959 1388/2000/1956 1508/2035/1991
f 1620/1940/1896 1619/1939/1895 1339/1926/1878 1468/2158/2225
f 1621/1933/1889 1620/1940/1896 1468/2158/2225 1338/2157/2224
f 1622/1934/1890 1621/1933/1889 1338/2157/2224 1437/2156/2223
f 1623/1935/1891 1622/1934/1890 1437/2156/2223 1337/2155/2222
f 1624/1970/1926 1623/1935/1891 1337/2155/2222 1433/2154/2221
f 1625/1971/1927 1624/1970/1926 1433/2154/2221 1366/2153/2220
f 1626/2106/2062 1625/1971/1927 1366/2153/2220 1426/2152/2219
f 1627/2062/2018 1626/2106/2062 1426/2152/2219 1355/2151/2218
f 1628/2530/2019 1627/2062/2018 1355/2151/2218 1406/2548/2217
f 1629/1963/1919 1628/2063/2019 1406/2150/2217 1344/2149/2216
f 1344/2149/2216 1443/2148/2215 1630/1964/1920 1629/1963/1919
f 1443/2148/2215 1343/2147/2214 1631/1961/1917 1630/1964/1920
f 1632/1962/1918 1631/1961/1917 1343/2147/2214 1460/2146/2213
f 1633/1954/1910 1632/1962/1918 1460/2146/2213 1342/2145/2212
f 1634/1955/1911 1633/1954/1910 1342/2145/2212 1456/2144/2211
f 1586/2143/2210 1635/1956/1912 1634/1955/1911 1456/2144/2211
f 1636/2020/1976 1635/1956/1912 1586/2143/2210 1341/2142/2209
f 1394/2141/2208 1637/2015/1971 1636/2020/1976 1341/2142/2209
f 1347/2140/2207 1638/1986/1942 1637/2015/1971 1394/2141/2208
f 1382/2139/2206 1639/1979/1935 1638/1986/1942 1347/2140/2207
f 1640/2006/1962 1797/3083/2228 1779/3084/2229 1389/2001/1957
f 1641/2007/1963 1640/2006/1962 1389/2001/1957 1350/2004/1960
f 1642/2038/1994 1641/2007/1963 1350/2004/1960 1398/2034/1990
f 1674/2555/1995 1642/2038/1994 1398/2034/1990 1340/2556/2203
f 1469/1925/1877 1616/1924/1876 1567/1928/1880 1491/2132/2230 1643/1929/1885
f 1491/2132/2230 1560/2129/2231 1644/1930/1886 1643/1929/1885
f 1645/2036/1992 1644/1930/1886 1560/2129/2231 1471/2566/2232
f 1508/2035/1991 1645/2036/1992 1471/2566/2232 1552/2125/2202 1595/2033/1989
f 1474/1938/1894 1326/1890/1842 1450/1888/1840 1646/1941/1897
f 1450/1888/1840 1594/1887/1839 1647/1945/1901 1646/1941/1897
f 1648/1946/1902 1647/1945/1901 1594/1887/1839 1325/2012/1968
f 1509/2037/1993 1648/1946/1902 1325/2012/1968 1391/2011/1967
s 30
f 1651/2635/2119 1650/2631/2233 1666/2630/2234 1667/2636/2116
s 34
f 1654/2585/2150 1652/2579/2235 1557/2584/2236 1563/2589/2151
s 45
f 1656/2632/2237 1653/2639/2238 1564/2640/2239 1665/2629/2240
s 46
f 1557/2584/2241 1669/2583/2242 1572/2587/2243 1556/2588/2244
s 47
f 1669/2583/2245 1668/2586/2246 1548/2592/2247 1572/2587/2248
s 31
f 1657/2714/2123 1661/2715/2249 1544/2716/2250 1549/2717/2120
s 35
f 1658/2720/2155 1664/2721/2251 1541/2722/2252 1565/2723/2152
s 48
f 1660/2638/2253 1662/2637/2254 1545/2648/2255 1575/2649/2256
s 45
f 1665/2629/2240 1564/2640/2239 1570/2642/2257 1576/2634/2258
s 44
f 1550/2633/2259 1666/2630/2199 1665/2629/2198 1576/2634/2260
s 30
f 1667/2636/2116 1666/2630/2234 1550/2633/2261 1546/2641/2262
f 1548/2652/2263 1668/2646/2117 1667/2636/2116 1546/2641/2262
s 46
f 1652/2579/2264 1655/2578/2265 1669/2583/2242 1557/2584/2241
s 47
f 1655/2578/2266 1649/2582/2267 1668/2586/2246 1669/2583/2245
s 40
f 1573/2763/2178 1539/2764/2177 1683/2765/2268 1684/2766/2269
s 35
f 1539/2764/2153 1565/2767/2152 1690/2768/2270 1683/2765/2271
f 1565/2767/2152 1541/2773/2252 1689/2774/2272 1690/2768/2273
s 39
f 1541/2773/2173 1575/2779/2176 1688/2780/2274 1689/2774/2275
s 48
f 1575/2779/2256 1545/2783/2255 1687/2784/2276 1688/2780/2277
s 31
f 1545/2783/2121 1549/2777/2120 1686/2778/2278 1687/2784/2279
f 1549/2777/2120 1544/2771/2250 1685/2772/2280 1686/2778/2281
s 41
f 1544/2771/2182 1573/2763/2181 1684/2766/2282 1685/2772/2283
s 40
f 1684/2766/2269 1683/2765/2268 1675/2769/2284 1676/2770/2285
s 41
f 1685/2772/2283 1684/2766/2282 1676/2770/2286 1682/2776/2287
s 31
f 1686/2778/2281 1685/2772/2280 1682/2776/2288 1681/2782/2289
f 1687/2784/2279 1686/2778/2278 1681/2782/2290 1680/2786/2291
s 48
f 1688/2780/2277 1687/2784/2276 1680/2786/2292 1679/2785/2293
s 39
f 1689/2774/2275 1688/2780/2274 1679/2785/2294 1678/2781/2295
s 35
f 1690/2768/2273 1689/2774/2272 1678/2781/2296 1677/2775/2297
f 1683/2765/2271 1690/2768/2270 1677/2775/2298 1675/2769/2299
s off
f 1656/2632/2300 1650/2631/2301 1662/2637/2302 1660/2638/2303
s 49
f 1657/2645/2304 1662/2637/2305 1650/2631/2306 1651/2635/2307
f 1651/2718/2307 1649/2719/2308 1661/2715/2309 1657/2714/2304
s off
f 1659/2574/2310 1661/2577/2311 1649/2582/2312 1655/2578/2313
f 1663/2575/2314 1659/2574/2315 1655/2578/2316 1652/2579/2317
s 50
f 1658/2581/2318 1663/2575/2319 1652/2579/2320 1654/2585/2321
f 1654/2585/2321 1653/2590/2322 1664/2591/2323 1658/2581/2318
s off
f 1660/2638/2324 1664/2650/2325 1653/2639/2326 1656/2632/2327
f 1676/2686/2328 1675/2687/2329 1691/2688/2330 1692/2689/2331
f 1675/2687/2332 1677/2690/2333 1693/2691/2334 1691/2688/2335
f 1677/2724/2336 1678/2725/2337 1695/2726/2338 1693/2727/2339
f 1678/2698/2340 1679/2692/2341 1696/2695/2342 1695/2699/2343
f 1679/2692/2344 1680/2693/2345 1697/2694/2346 1696/2695/2347
f 1680/2693/2348 1681/2696/2349 1698/2697/2350 1697/2694/2351
f 1681/2728/2352 1682/2729/2353 1699/2730/2354 1698/2731/2355
f 1682/2729/2356 1676/2732/2357 1692/2733/2358 1699/2730/2359
s 8
f 1700/2658/2360 1701/2661/2361 1547/2651/1883 1542/2644/1882
s 23
f 1555/2123/2079 1702/2163/2362 1674/2039/2363 1340/2124/2080
s 24
f 1558/2595/2083 1704/2601/2364 1703/2606/2365 1536/2603/2084
s off
f 1705/2165/2366 1706/2166/2367 1672/1944/2368 1673/1947/2369
s 51
f 1707/2607/2370 1710/2614/2371 1709/2615/2372 1708/2610/2373
s off
f 1711/2169/2374 1712/2170/2375 1670/1943/2376 1671/1942/2377
s 52
f 1713/2670/2378 1716/2664/2379 1715/2669/2380 1714/2675/2381
s 27
f 1704/2601/2382 1558/2595/2107 1537/2594/2106 1574/2593/2105 1717/2602/2383
s 53
f 1718/2787/2384 1721/2788/2385 1720/2789/2386 1719/2790/2387
s 29
f 1547/2651/2112 1701/2661/2388 1722/2668/2389 1543/2662/2113
s 54
f 1723/2667/2390 1726/2674/2391 1725/2679/2392 1724/2673/2393
s 55
f 1727/2684/2394 1730/2680/2395 1729/2678/2396 1728/2683/2397
s off
f 1674/2039/2398 1702/2163/2399 1705/2165/2400 1673/1947/2401
s 56
f 1705/2165/2402 1702/2163/2403 1703/2164/2404 1708/2168/2405
s 24
f 1703/2164/2365 1702/2163/2406 1555/2123/2132 1536/2567/2084
s 56
f 1703/2606/2404 1704/2601/2407 1707/2607/2408 1708/2610/2405
s off
f 1672/1944/2409 1706/2166/2410 1711/2169/2411 1671/1942/2412
s 57
f 1711/2169/2413 1706/2166/2414 1709/2167/2415 1714/2172/2416
s 51
f 1709/2167/2372 1706/2166/2417 1705/2165/2418 1708/2168/2373
s 57
f 1709/2615/2415 1710/2614/2419 1713/2620/2420 1714/2621/2416
s 58
f 1713/2620/2421 1710/2614/2422 1732/2616/2423 1731/2622/2424
s 59
f 1733/2628/2425 1736/2623/2426 1735/2617/2427 1734/2624/2428
s 36
f 1670/1943/2429 1712/2170/2430 1568/2135/2158 1470/2561/2157
s 37
f 1568/2135/2160 1712/2170/2431 1715/2171/2432 1534/2136/2161
s 52
f 1715/2171/2380 1712/2170/2433 1711/2169/2434 1714/2172/2381
s 37
f 1715/2669/2432 1716/2664/2435 1571/2655/2166 1534/2663/2161
s 38
f 1716/2664/2436 1737/2657/2437 1577/2643/2171 1535/2656/2170 1571/2655/2169
s 60
f 1738/2685/2438 1741/2682/2439 1740/2677/2440 1739/2681/2441
s 61
f 1734/2624/2442 1735/2617/2443 1743/2618/2444 1742/2625/2445
s 62
f 1742/2625/2446 1743/2618/2447 1745/2619/2448 1744/2626/2449
s 42
f 1722/2605/2450 1717/2602/2451 1574/2593/2187 1543/2600/2186
s 53
f 1720/2789/2386 1721/2788/2385 1747/2793/2452 1746/2794/2453
f 1747/2793/2452 1721/2788/2385 1749/2791/2454 1748/2795/2455
f 1749/2791/2454 1721/2788/2385 1718/2787/2384 1750/2792/2456
s 43
f 1577/2643/2194 1737/2657/2457 1700/2658/2458 1542/2644/2195
s 63
f 1751/2665/2459 1754/2671/2460 1753/2672/2461 1752/2666/2462
s 54
f 1726/2674/2391 1723/2667/2390 1752/2666/2463 1753/2672/2464
s 58
f 1732/2616/2423 1710/2614/2422 1707/2607/2465 1755/2611/2466
s 64
f 1754/2671/2467 1751/2665/2468 1713/2670/2469 1731/2676/2470
s 65
f 1707/2607/2471 1704/2601/2472 1717/2602/2473 1756/2608/2474
s 66
f 1756/2608/2475 1717/2602/2476 1722/2605/2477 1724/2609/2478
s 55
f 1730/2734/2395 1727/2735/2394 1744/2736/2479 1745/2737/2480
s 59
f 1736/2740/2426 1733/2741/2425 1738/2742/2481 1739/2743/2482
s 67
f 1740/2677/2483 1741/2682/2484 1728/2683/2485 1729/2678/2486
s 64
f 1751/2665/2468 1737/2657/2487 1716/2664/2488 1713/2670/2469
s 63
f 1700/2658/2489 1737/2657/2490 1751/2665/2459 1752/2666/2462
s 54
f 1723/2667/2390 1701/2661/2491 1700/2658/2492 1752/2666/2463
f 1722/2668/2493 1701/2661/2491 1723/2667/2390 1724/2673/2393
s 65
f 1755/2611/2494 1707/2607/2471 1756/2608/2474 1757/2612/2495
s 66
f 1757/2612/2496 1756/2608/2475 1724/2609/2478 1725/2613/2497
s 61
f 1742/2796/2445 1759/2797/2498 1758/2798/2499 1734/2799/2442
s 59
f 1734/2799/2428 1758/2798/2500 1760/2804/2501 1733/2805/2425
f 1733/2805/2425 1760/2804/2502 1761/2810/2503 1738/2811/2481
s 60
f 1738/2811/2438 1761/2810/2504 1762/2816/2505 1741/2817/2439
s 67
f 1741/2817/2484 1762/2816/2506 1763/2813/2507 1728/2812/2485
s 55
f 1728/2812/2397 1763/2813/2508 1764/2807/2509 1727/2806/2394
f 1727/2806/2394 1764/2807/2510 1765/2801/2511 1744/2800/2479
s 62
f 1744/2800/2449 1765/2801/2512 1759/2797/2513 1742/2796/2446
s 61
f 1759/2797/2498 1767/2802/2514 1766/2803/2515 1758/2798/2499
s 62
f 1765/2801/2512 1768/2808/2516 1767/2802/2517 1759/2797/2513
s 55
f 1764/2807/2510 1769/2814/2518 1768/2808/2519 1765/2801/2511
f 1763/2813/2508 1770/2818/2520 1769/2814/2521 1764/2807/2509
s 67
f 1762/2816/2506 1771/2819/2522 1770/2818/2523 1763/2813/2507
s 60
f 1761/2810/2504 1772/2815/2524 1771/2819/2525 1762/2816/2505
s 59
f 1760/2804/2502 1773/2809/2526 1772/2815/2527 1761/2810/2503
f 1758/2798/2500 1766/2803/2528 1773/2809/2529 1760/2804/2501
s off
f 1754/2671/2530 1740/2677/2531 1729/2678/2532 1753/2672/2533
s 68
f 1730/2680/2534 1726/2674/2535 1753/2672/2536 1729/2678/2537
f 1726/2738/2535 1730/2734/2534 1745/2737/2538 1725/2739/2539
s off
f 1743/2618/2540 1757/2612/2541 1725/2613/2542 1745/2619/2543
f 1735/2617/2544 1755/2611/2545 1757/2612/2546 1743/2618/2547
s 69
f 1736/2623/2548 1732/2616/2549 1755/2611/2550 1735/2617/2551
f 1732/2616/2549 1736/2623/2548 1739/2627/2552 1731/2622/2553
s off
f 1740/2677/2554 1754/2671/2555 1731/2676/2556 1739/2681/2557
f 1767/2700/2558 1718/2701/2559 1719/2702/2560 1766/2703/2561
f 1766/2703/2562 1719/2702/2563 1720/2704/2564 1773/2705/2565
f 1773/2744/2566 1720/2745/2567 1746/2746/2568 1772/2747/2569
f 1772/2710/2570 1746/2711/2571 1747/2707/2572 1771/2706/2573
f 1771/2706/2574 1747/2707/2575 1748/2708/2576 1770/2709/2577
f 1770/2709/2578 1748/2708/2579 1749/2712/2580 1769/2713/2581
f 1769/2748/2582 1749/2749/2583 1750/2750/2584 1768/2751/2585
f 1768/2751/2586 1750/2750/2587 1718/2752/2588 1767/2753/2589
s 1
f 1782/3090/2590 1784/3099/2591 1498/1973/1929 1379/1977/1933
f 1784/3099/2591 1774/3096/2592 1377/1974/1930 1498/1973/1929
f 1785/3108/1937 1776/3106/2593 1380/1983/1939 1499/1982/1938
f 1777/3104/2046 1786/3107/2594 1500/1987/1943 1384/1991/1947
f 1786/3107/2594 1794/3102/2204 1596/1988/1944 1500/1987/1943
f 1778/3097/2595 1787/3098/2596 1501/1993/1949 1387/1997/1953
f 1787/3098/2596 1783/3089/2075 1385/1994/1950 1501/1993/1949
f 1779/3084/2229 1795/3085/2226 1617/2002/1958 1389/2001/1957
f 1788/3086/2227 1778/3097/2595 1387/1997/1953 1502/1999/1955
f 1774/3096/2592 1789/3095/2597 1503/2005/1961 1377/1974/1930
f 1789/3095/2597 1797/3083/2228 1640/2006/1962 1503/2005/1961
f 1776/3106/2593 1790/3105/2598 1519/2082/2038 1380/1983/1939
f 1790/2499/2598 1780/3092/2599 1418/2083/2039 1519/2529/2038
f 1780/3092/2599 1792/3091/2600 1531/2116/2072 1418/2083/2039
f 1792/3091/2600 1782/3090/2590 1379/1977/1933 1531/2116/2072
f 1775/3101/2205 1796/3100/1936 1639/1979/1935 1382/2139/2206
f 2087/2184/2601 1913/2185/2602 1956/2186/2603 2088/2187/2604
f 2088/2187/2604 1956/2186/2603 1911/2188/2605 2089/2189/2606
f 1956/2186/2603 1912/2190/2607 1798/2191/2608 1911/2188/2605
f 1913/2185/2602 1842/2192/2609 1912/2190/2607 1956/2186/2603
f 2089/2189/2606 1911/2188/2605 1957/2193/2610 2090/2194/2611
f 2090/2194/2611 1957/2193/2610 1915/2195/2612 2091/2196/2613
f 1957/2193/2610 1916/2197/2614 1813/2198/2615 1915/2195/2612
f 1911/2188/2605 1798/2191/2608 1916/2197/2614 1957/2193/2610
f 1813/2198/2615 1916/2197/2614 1958/2199/2616 1917/2200/2617
f 1917/2200/2617 1958/2199/2616 1918/2201/2618 1841/2202/2619
f 1958/2199/2616 1912/2190/2607 1842/2192/2609 1918/2201/2618
f 1916/2197/2614 1798/2191/2608 1912/2190/2607 1958/2199/2616
f 1810/2203/2620 1922/2204/2621 1959/2205/2622 1919/2206/2623
f 1919/2206/2623 1959/2205/2622 2082/2207/2624 2081/2208/2625
f 1959/2205/2622 1921/2209/2626 2083/2210/2627 2082/2207/2624
f 1922/2204/2621 1800/2211/2628 1921/2209/2626 1959/2205/2622
f 1845/2212/2629 1926/2213/2630 1960/2214/2631 1923/2215/2632
f 1923/2215/2632 1960/2214/2631 1924/2216/2633 1804/2217/2634
f 1960/2214/2631 1925/2218/2635 1799/2219/2636 1924/2216/2633
f 1926/2213/2630 1844/2220/2637 1925/2218/2635 1960/2214/2631
f 2070/2221/2638 1961/2222/2639 1927/2223/2640 2071/2224/2641
f 1927/2223/2640 1961/2222/2639 1928/2225/2642 1803/2226/2643
f 1961/2222/2639 1929/2227/2644 1846/2228/2645 1928/2225/2642
f 2069/2229/2646 1929/2227/2644 1961/2222/2639 2070/2221/2638
f 1803/2226/2643 1928/2225/2642 1962/2230/2647 1931/2231/2648
f 1931/2231/2648 1962/2230/2647 1923/2215/2632 1804/2217/2634
f 1962/2230/2647 1932/2232/2649 1845/2212/2629 1923/2215/2632
f 1928/2225/2642 1846/2228/2645 1932/2232/2649 1962/2230/2647
f 2062/2233/2650 1963/2234/2651 2078/2235/2652 2077/2236/2653
f 2078/2235/2652 1963/2234/2651 1934/2237/2654 2079/2238/2655
f 1963/2234/2651 1935/2239/2656 1809/2240/2657 1934/2237/2654
f 2061/2241/2658 1935/2239/2656 1963/2234/2651 2062/2233/2650
f 2079/2238/2655 1934/2237/2654 1964/2242/2659 2080/2243/2660
f 2080/2243/2660 1964/2242/2659 1919/2206/2623 2081/2208/2625
f 1964/2242/2659 1938/2244/2661 1810/2203/2620 1919/2206/2623
f 1934/2237/2654 1809/2240/2657 1938/2244/2661 1964/2242/2659
f 2056/2245/2662 1965/2246/2663 1939/2247/2664 2057/2248/2665
f 1939/2247/2664 1965/2246/2663 1940/2249/2666 1840/2250/2667
f 1965/2246/2663 1941/2251/2668 1812/2252/2669 1940/2249/2666
f 2055/2253/2670 1941/2251/2668 1965/2246/2663 2056/2245/2662
f 1840/2250/2667 1940/2249/2666 1966/2254/2671 1943/2255/2672
f 1943/2255/2672 1966/2254/2671 1917/2200/2617 1841/2202/2619
f 1966/2254/2671 1944/2256/2673 1813/2198/2615 1917/2200/2617
f 1940/2249/2666 1812/2252/2669 1944/2256/2673 1966/2254/2671
f 2091/2196/2613 1915/2195/2612 1967/2257/2674 2092/2258/2675
f 2092/2258/2675 1967/2257/2674 1946/2259/2676 2093/2260/2677
f 1967/2257/2674 1944/2256/2673 1812/2252/2669 1946/2259/2676
f 1915/2195/2612 1813/2198/2615 1944/2256/2673 1967/2257/2674
f 1816/2261/2678 2093/2260/2677 2044/2828/2679 1947/2830/2680
s 76
f 2027/2919/2681 2023/2909/2682 2024/2918/2683 2019/2925/2684
s 1
f 2120/2264/2685 1941/2251/2668 2055/2253/2670 2121/2265/2686
f 1804/2217/2634 1924/2216/2633 1969/2266/2687 1949/2267/2688
f 1949/2267/2688 1969/2266/2687 2099/2268/2689 2098/2269/2690
f 1969/2266/2687 1950/2270/2691 2100/2271/2692 2099/2268/2689
f 1924/2216/2633 1799/2219/2636 1950/2270/2691 1969/2266/2687
f 1804/2217/2634 1949/2267/2688 1970/2272/2693 1931/2231/2648
f 1931/2231/2648 1970/2272/2693 1951/2273/2694 1803/2226/2643
f 1970/2272/2693 2097/2274/2695 2096/2275/2696 1951/2273/2694
f 1949/2267/2688 2098/2269/2690 2097/2274/2695 1970/2272/2693
f 1951/2273/2694 2096/2275/2696 2147/2831/2697 2148/2823/2698 2123/2278/2699
f 2149/2822/2700 2150/2829/2701 2125/2281/2702 2124/2282/2703
f 2096/2275/2696 1816/2261/2678 1947/2830/2680 2147/2831/2697
f 2064/2283/2704 1971/2284/2705 1952/2285/2706 2065/2286/2707
f 1952/2285/2706 1971/2284/2705 1953/2287/2708 1806/2288/2709
f 1971/2284/2705 2111/2289/2710 2110/2290/2711 1953/2287/2708
f 2111/2289/2710 1971/2284/2705 2064/2283/2704 2112/2291/2712
f 1806/2288/2709 1953/2287/2708 1972/2292/2713 1955/2293/2714
f 1955/2293/2714 1972/2292/2713 1850/2294/2715 1807/2295/2716
f 1972/2292/2713 2109/2296/2717 2108/2297/2718 1850/2294/2715
f 1953/2287/2708 2110/2290/2711 2109/2296/2717 1972/2292/2713
f 2106/2298/2719 1852/2299/2720 1973/2300/2721 2107/2301/2722
f 2107/2301/2722 1973/2300/2721 1850/2294/2715 2108/2297/2718
f 1973/2300/2721 1851/2302/2723 1807/2295/2716 1850/2294/2715
f 1852/2299/2720 1801/2303/2724 1851/2302/2723 1973/2300/2721
f 1799/2219/2636 1925/2218/2635 1974/2304/2725 1950/2270/2691
f 1950/2270/2691 1974/2304/2725 2101/2305/2726 2100/2271/2692
f 1974/2304/2725 1853/2306/2727 2102/2307/2728 2101/2305/2726
f 1925/2218/2635 1844/2220/2637 1853/2306/2727 1974/2304/2725
f 1975/2308/2729 1855/2309/2730 1822/2310/2731 1854/2311/2732
f 1856/2312/2733 1848/2313/2734 1855/2309/2730 1975/2308/2729
f 2116/2314/2735 1976/2315/2736 1785/1981/1937 1796/1980/1936
f 1976/2315/2736 1858/2316/2737 1823/2317/2738 1857/2318/2739
f 2115/2319/2740 1858/2316/2737 1976/2315/2736 2116/2314/2735
f 1977/2320/2741 1860/2321/2742 2074/2322/2743 2073/2323/2744
f 1861/2324/2745 1825/2325/2746 1860/2321/2742 1977/2320/2741
f 1978/2326/2747 1863/2327/2748 1849/2328/2749 1862/2329/2750
f 1864/2330/2751 1826/2331/2752 1863/2327/2748 1978/2326/2747
f 1979/2332/2753 1865/2333/2754 1826/2331/2752 1864/2330/2751
f 1866/2334/2755 1827/2335/2756 2095/2336/2757 2094/2337/2758
f 1980/2338/2759 1867/2339/2760 2118/2340/2761 2117/2341/2762
f 1854/2311/2732 1822/2310/2731 1867/2339/2760 1980/2338/2759
f 1848/2313/2734 1869/2342/2763 1981/2343/2764 1855/2309/2730
f 1855/2309/2730 1981/2343/2764 1868/2344/2765 1822/2310/2731
f 1981/2343/2764 1930/2345/2766 1802/2346/2767 1868/2344/2765
f 1869/2342/2763 1847/2347/2768 1930/2345/2766 1981/2343/2764
f 2114/2348/2769 1982/2349/2770 1858/2316/2737 2115/2319/2740
f 1858/2316/2737 1982/2349/2770 1870/2350/2771 1823/2317/2738
f 1982/2349/2770 1954/2351/2772 1805/2352/2773 1870/2350/2771
f 2113/2353/2774 1954/2351/2772 1982/2349/2770 2114/2348/2769
f 1825/2325/2746 1872/2354/2775 1983/2355/2776 1860/2321/2742
f 1860/2321/2742 1983/2355/2776 2075/2356/2777 2074/2322/2743
f 1983/2355/2776 1936/2357/2778 2076/2358/2779 2075/2356/2777
f 1872/2354/2775 1808/2359/2780 1936/2357/2778 1983/2355/2776
f 1826/2331/2752 1874/2360/2781 1984/2361/2782 1863/2327/2748
f 1863/2327/2748 1984/2361/2782 1873/2362/2783 1849/2328/2749
f 1984/2361/2782 1942/2363/2784 1839/2364/2785 1873/2362/2783
f 1874/2360/2781 1811/2365/2786 1942/2363/2784 1984/2361/2782
f 1827/2335/2756 1875/2366/2787 2072/2367/2788 2095/2336/2757
f 1865/2333/2754 1985/2368/2789 1874/2360/2781 1826/2331/2752
f 1985/2368/2789 2122/2369/2790 1811/2365/2786 1874/2360/2781
f 1822/2310/2731 1868/2344/2765 1986/2370/2791 1867/2339/2760
f 1867/2339/2760 1986/2370/2791 2119/2371/2792 2118/2340/2761
f 1986/2370/2791 2125/2281/2702 2150/2829/2701 2151/2820/2793 2119/2371/2792
f 2060/2373/2794 1987/2527/2795 1935/2239/2656 2061/2241/2658
f 1935/2239/2656 1987/2527/2795 1876/2526/2796 1809/2240/2657
f 1987/2374/2795 1877/2376/2797 1829/2377/2798 1876/2375/2796
f 2059/2378/2799 1877/2376/2797 1987/2374/2795 2060/2506/2794
f 1809/2240/2657 1876/2526/2796 1988/2525/2800 1938/2244/2661
f 1938/2244/2661 1988/2525/2800 1879/2523/2801 1810/2203/2620
f 1988/2379/2800 1880/2381/2802 1830/2382/2803 1879/2380/2801
f 1876/2375/2796 1829/2377/2798 1880/2381/2802 1988/2379/2800
f 1831/2383/2804 1882/2384/2805 1989/2524/2806 1881/2386/2807
f 1881/2386/2807 1989/2524/2806 1879/2380/2801 1830/2382/2803
f 1989/2385/2806 1922/2204/2621 1810/2203/2620 1879/2523/2801
f 1882/2521/2805 1800/2211/2628 1922/2204/2621 1989/2385/2806
f 2083/2210/2627 1921/2209/2626 1990/2387/2808 2084/2503/2809
f 2084/2388/2809 1990/2522/2808 1884/2389/2810 2085/2390/2811
f 1990/2522/2808 1882/2384/2805 1831/2383/2804 1884/2389/2810
f 1921/2209/2626 1800/2211/2628 1882/2521/2805 1990/2387/2808
f 1833/2391/2812 1886/2392/2813 1991/2520/2814 1885/2394/2815
f 1885/2394/2815 1991/2520/2814 2105/2502/2816 2104/2396/2817
f 1991/2393/2814 1852/2299/2720 2106/2298/2719 2105/2395/2816
f 1886/2518/2813 1801/2303/2724 1852/2299/2720 1991/2393/2814
f 1807/2295/2716 1851/2302/2723 1992/2397/2818 1887/2516/2819
f 1887/2398/2819 1992/2519/2818 1888/2399/2820 1834/2400/2821
f 1992/2519/2818 1886/2392/2813 1833/2391/2812 1888/2399/2820
f 1851/2302/2723 1801/2303/2724 1886/2518/2813 1992/2397/2818
f 1835/2401/2822 1890/2402/2823 1993/2517/2824 1889/2404/2825
f 1889/2404/2825 1993/2517/2824 1887/2398/2819 1834/2400/2821
f 1993/2403/2824 1955/2293/2714 1807/2295/2716 1887/2516/2819
f 1890/2514/2823 1806/2288/2709 1955/2293/2714 1993/2403/2824
f 2066/2405/2826 1994/2515/2827 1891/2407/2828 2067/2408/2829
f 1891/2407/2828 1994/2515/2827 1890/2402/2823 1835/2401/2822
f 1994/2406/2827 1952/2285/2706 1806/2288/2709 1890/2514/2823
f 2065/2286/2707 1952/2285/2706 1994/2406/2827 2066/2504/2826
f 1823/2317/2738 1870/2350/2771 1995/2409/2830 1893/2512/2831
f 1893/2410/2831 1995/2513/2830 1894/2411/2832 1837/2412/2833
f 1995/2513/2830 1892/2505/2834 1836/2414/2835 1894/2411/2832
f 1870/2350/2771 1805/2352/2773 1892/2413/2834 1995/2409/2830
f 1996/2415/2836 1893/2410/2831 1837/2412/2833 1895/2416/2837
f 1857/2318/2739 1823/2317/2738 1893/2512/2831 1996/2500/2836
f 1838/2417/2838 1897/2418/2839 1997/2511/2840 1896/2420/2841
f 1896/2420/2841 1997/2511/2840 1791/2089/2045 1781/2088/2044
f 1997/2419/2840 1861/2324/2745 1777/2090/2046 1791/3103/2045
f 1897/2508/2839 1825/2325/2746 1861/2324/2745 1997/2419/2840
f 1828/2421/2842 1878/2422/2843 1998/2509/2844 1898/2424/2845
f 1898/2424/2845 1998/2509/2844 1897/2418/2839 1838/2417/2838
f 1998/2423/2844 1872/2354/2775 1825/2325/2746 1897/2508/2839
f 1878/2507/2843 1808/2359/2780 1872/2354/2775 1998/2423/2844
f 2058/2425/2846 1999/2426/2847 1877/2376/2797 2059/2378/2799
f 1877/2376/2797 1999/2426/2847 1899/2427/2848 1829/2377/2798
f 1999/2426/2847 1939/2247/2664 1840/2250/2667 1899/2427/2848
f 2057/2248/2665 1939/2247/2664 1999/2426/2847 2058/2425/2846
f 1829/2377/2798 1899/2427/2848 2000/2428/2849 1880/2381/2802
f 1880/2381/2802 2000/2428/2849 1901/2429/2850 1830/2382/2803
f 2000/2428/2849 1943/2255/2672 1841/2202/2619 1901/2429/2850
f 1899/2427/2848 1840/2250/2667 1943/2255/2672 2000/2428/2849
f 1842/2192/2609 1902/2430/2851 2001/2431/2852 1918/2201/2618
f 1918/2201/2618 2001/2431/2852 1901/2429/2850 1841/2202/2619
f 2001/2431/2852 1881/2386/2807 1830/2382/2803 1901/2429/2850
f 1902/2430/2851 1831/2383/2804 1881/2386/2807 2001/2431/2852
f 2085/2390/2811 1884/2389/2810 2002/2432/2853 2086/2433/2854
f 2086/2433/2854 2002/2432/2853 1913/2185/2602 2087/2184/2601
f 2002/2432/2853 1902/2430/2851 1842/2192/2609 1913/2185/2602
f 1884/2389/2810 1831/2383/2804 1902/2430/2851 2002/2432/2853
f 1844/2220/2637 1904/2434/2855 2003/2435/2856 1853/2306/2727
f 1853/2306/2727 2003/2435/2856 2103/2436/2857 2102/2307/2728
f 2003/2435/2856 1885/2394/2815 2104/2396/2817 2103/2436/2857
f 1904/2434/2855 1833/2391/2812 1885/2394/2815 2003/2435/2856
f 1834/2400/2821 1888/2399/2820 2004/2437/2858 1905/2438/2859
f 1905/2438/2859 2004/2437/2858 1926/2213/2630 1845/2212/2629
f 2004/2437/2858 1904/2434/2855 1844/2220/2637 1926/2213/2630
f 1888/2399/2820 1833/2391/2812 1904/2434/2855 2004/2437/2858
f 1846/2228/2645 1906/2439/2860 2005/2440/2861 1932/2232/2649
f 1932/2232/2649 2005/2440/2861 1905/2438/2859 1845/2212/2629
f 2005/2440/2861 1889/2404/2825 1834/2400/2821 1905/2438/2859
f 1906/2439/2860 1835/2401/2822 1889/2404/2825 2005/2440/2861
f 2068/2441/2862 2006/2442/2863 1929/2227/2644 2069/2229/2646
f 1929/2227/2644 2006/2442/2863 1906/2439/2860 1846/2228/2645
f 2006/2442/2863 1891/2407/2828 1835/2401/2822 1906/2439/2860
f 2067/2408/2829 1891/2407/2828 2006/2442/2863 2068/2441/2862
f 1837/2412/2833 1894/2411/2832 2007/2443/2864 1908/2444/2865
f 1908/2444/2865 2007/2443/2864 1869/2342/2763 1848/2313/2734
f 2007/2443/2864 1907/2445/2866 1847/2347/2768 1869/2342/2763
f 1894/2411/2832 1836/2414/2835 1907/2445/2866 2007/2443/2864
f 2008/2446/2867 1908/2444/2865 1848/2313/2734 1856/2312/2733
f 1895/2416/2837 1837/2412/2833 1908/2444/2865 2008/2446/2867
f 1849/2328/2749 1909/2447/2868 2009/2448/2869 1862/2329/2750
f 1862/2329/2750 2009/2448/2869 1793/2120/2076 1783/2119/2075
f 2009/2448/2869 1896/2420/2841 1781/2088/2044 1793/2120/2076
f 1909/2447/2868 1838/2417/2838 1896/2420/2841 2009/2448/2869
f 1839/2364/2785 1900/2449/2870 2010/2450/2871 1873/2362/2783
f 1873/2362/2783 2010/2450/2871 1909/2447/2868 1849/2328/2749
f 2010/2450/2871 1898/2424/2845 1838/2417/2838 1909/2447/2868
f 1900/2449/2870 1828/2421/2842 1898/2424/2845 2010/2450/2871
s 88
f 2032/2451/2872 2028/2452/2873 2029/2826/2874 1817/2821/2875
s 89
f 2035/2914/2876 2033/2906/2877 2031/2912/2878 2013/2920/2879
s off
f 2030/2457/2880 2036/2458/2881 2037/2824/2882 1948/2827/2883
s 90
f 2034/2859/2884 2040/2849/2885 2039/2858/2886 2015/2864/2887
s off
f 2038/2463/2888 2043/2464/2889 2044/2262/2890 1968/2825/2891
s 91
f 2041/2844/2892 2047/2848/2893 2046/2856/2894 2017/2857/2895
s 92
f 2033/2906/2896 2035/2914/2897 2014/2915/2898 2051/2907/2899 2049/2903/2900
s 93
f 2169/3017/2901 2171/3018/2902 2170/3019/2903 2168/3020/2904
s 94
f 2024/2918/2905 2023/2909/2906 2025/2904/2907 2020/2908/2908
s 95
f 2144/2905/2909 2128/2901/2910 2126/2895/2911 2145/2900/2912
s 96
f 2026/2969/2913 2134/2970/2914 2139/2971/2915 2022/2972/2916
s off
f 2029/2826/2917 2028/2452/2918 2030/2457/2919 1948/2827/2920
s 97
f 2030/2457/2921 2028/2452/2922 2031/2455/2923 2015/2462/2924
s 89
f 2031/2455/2878 2028/2452/2925 2032/2451/2926 2013/2456/2879
s 97
f 2031/2912/2923 2033/2906/2927 2034/2902/2928 2015/2913/2924
s off
f 2037/2824/2929 2036/2458/2930 2038/2463/2931 1968/2825/2932
s 98
f 2038/2463/2933 2036/2458/2934 2039/2461/2935 2017/2467/2936
s 90
f 2039/2461/2886 2036/2458/2937 2030/2457/2938 2015/2462/2887
s 98
f 2039/2858/2935 2040/2849/2939 2041/2844/2940 2017/2857/2936
s 99
f 2041/2844/2941 2040/2849/2942 2131/2845/2943 2130/2838/2944
s 100
f 2042/2977/2945 2135/2978/2946 2140/2979/2947 2016/2980/2948
s 101
f 2044/2262/2949 2043/2464/2950 2045/2468/2951 1947/2263/2952
s 102
f 2045/2468/2953 2043/2464/2954 2046/2466/2955 2011/2832/2956
s 91
f 2046/2466/2894 2043/2464/2957 2038/2463/2958 2017/2467/2895
s 102
f 2046/2856/2955 2047/2848/2959 2048/2855/2960 2011/2863/2956
s 103
f 2047/2848/2961 2053/2847/2962 2054/2853/2963 2012/2854/2964 2048/2855/2965
s 104
f 2018/2833/2966 2052/2834/2967 2137/2835/2968 2141/2836/2969
s 105
f 2016/2892/2970 2140/2893/2971 2136/2889/2972 2050/2888/2973
s 106
f 2050/2888/2974 2136/2889/2975 2138/2890/2976 2021/2891/2977
s 107
f 2025/2904/2978 2049/2903/2979 2051/2907/2980 2020/2908/2981
s 93
f 2170/3019/2903 2171/3018/2902 2173/3023/2982 2172/3024/2983
f 2173/3023/2982 2171/3018/2902 2175/3021/2984 2174/3025/2985
f 2175/3021/2984 2171/3018/2902 2169/3017/2901 2176/3022/2986
s 108
f 2054/2853/2987 2053/2847/2988 2027/2852/2989 2019/2860/2990
s 109
f 2142/2843/2991 2133/2837/2992 2127/2842/2993 2143/2846/2994
s 1
f 1942/2363/2784 1811/2365/2786 2055/2253/2670 2056/2245/2662
f 1839/2364/2785 1942/2363/2784 2056/2245/2662 2057/2248/2665
f 1900/2449/2870 1839/2364/2785 2057/2248/2665 2058/2425/2846
f 1828/2421/2842 1900/2449/2870 2058/2425/2846 2059/2378/2799
f 1878/2422/2843 1828/2421/2842 2059/2378/2799 2060/2506/2794
f 1808/2359/2780 1878/2507/2843 2060/2373/2794 2061/2241/2658
f 1936/2357/2778 1808/2359/2780 2061/2241/2658 2062/2233/2650
f 2076/2358/2779 1936/2357/2778 2062/2233/2650 2077/2236/2653
f 1954/2351/2772 2113/2353/2774 2112/2291/2712 2064/2283/2704
f 1805/2352/2773 1954/2351/2772 2064/2283/2704 2065/2286/2707
f 1892/2413/2834 1805/2352/2773 2065/2286/2707 2066/2504/2826
f 1836/2414/2835 1892/2505/2834 2066/2405/2826 2067/2408/2829
f 1907/2445/2866 1836/2414/2835 2067/2408/2829 2068/2441/2862
f 1847/2347/2768 1907/2445/2866 2068/2441/2862 2069/2229/2646
f 1930/2345/2766 1847/2347/2768 2069/2229/2646 2070/2221/2638
f 1802/2346/2767 1930/2345/2766 2070/2221/2638 2071/2224/2641
f 2123/2278/2699 2148/2823/2698 2149/2822/2700 2124/2282/2703
f 2055/2253/2670 1811/2365/2786 2122/2369/2790 2121/2265/2686
f 1875/2366/2787 1817/2454/2995 2029/2453/2996 2072/2367/2788
f 2073/2323/2744 1859/2469/2997 1775/2138/2205 1794/2137/2204
f 2074/2322/2743 1824/2470/2998 1859/2469/2997 2073/2323/2744
f 2075/2356/2777 1871/2471/2999 1824/2470/2998 2074/2322/2743
f 2076/2358/2779 1818/2472/3000 1871/2471/2999 2075/2356/2777
f 1818/2472/3000 2076/2358/2779 2077/2236/2653 2063/2473/3001
f 2078/2235/2652 1933/2474/3002 2063/2473/3001 2077/2236/2653
f 1933/2474/3002 2078/2235/2652 2079/2238/2655 1819/2475/3003
f 1819/2475/3003 2079/2238/2655 2080/2243/2660 1937/2476/3004
f 1937/2476/3004 2080/2243/2660 2081/2208/2625 1820/2477/3005
f 2082/2207/2624 1920/2478/3006 1820/2477/3005 2081/2208/2625
f 2083/2210/2627 1821/2479/3007 1920/2478/3006 2082/2207/2624
f 1821/2479/3007 2083/2210/2627 2084/2503/2809 1883/2501/3008
f 1883/2480/3008 2084/2388/2809 2085/2390/2811 1832/2481/3009
f 1832/2481/3009 2085/2390/2811 2086/2433/2854 1903/2482/3010
f 1903/2482/3010 2086/2433/2854 2087/2184/2601 1843/2483/3011
f 1843/2483/3011 2087/2184/2601 2088/2187/2604 1910/2484/3012
f 1910/2484/3012 2088/2187/2604 2089/2189/2606 1814/2485/3013
f 1814/2485/3013 2089/2189/2606 2090/2194/2611 1914/2486/3014
f 1914/2486/3014 2090/2194/2611 2091/2196/2613 1815/2487/3015
f 1815/2487/3015 2091/2196/2613 2092/2258/2675 1945/2488/3016
f 1945/2488/3016 2092/2258/2675 2093/2260/2677 1816/2261/2678
f 1946/2259/2676 1812/2252/2669 1941/2251/2668 2120/2264/2685
f 2094/2337/2758 1979/2332/2753 1788/2160/2227 1795/2159/2226
f 2095/2336/2757 1865/2333/2754 1979/2332/2753 2094/2337/2758
f 2072/2367/2788 1985/2368/2789 1865/2333/2754 2095/2336/2757
f 2097/2274/2695 1945/2488/3016 1816/2261/2678 2096/2275/2696
f 2098/2269/2690 1815/2487/3015 1945/2488/3016 2097/2274/2695
f 2099/2268/2689 1914/2486/3014 1815/2487/3015 2098/2269/2690
f 2100/2271/2692 1814/2485/3013 1914/2486/3014 2099/2268/2689
f 2101/2305/2726 1910/2484/3012 1814/2485/3013 2100/2271/2692
f 2102/2307/2728 1843/2483/3011 1910/2484/3012 2101/2305/2726
f 2103/2436/2857 1903/2482/3010 1843/2483/3011 2102/2307/2728
f 2104/2396/2817 1832/2481/3009 1903/2482/3010 2103/2436/2857
f 2105/2502/2816 1883/2480/3008 1832/2481/3009 2104/2396/2817
f 2106/2298/2719 1821/2479/3007 1883/2501/3008 2105/2395/2816
f 1821/2479/3007 2106/2298/2719 2107/2301/2722 1920/2478/3006
f 1920/2478/3006 2107/2301/2722 2108/2297/2718 1820/2477/3005
f 2109/2296/2717 1937/2476/3004 1820/2477/3005 2108/2297/2718
f 2110/2290/2711 1819/2475/3003 1937/2476/3004 2109/2296/2717
f 2111/2289/2710 1933/2474/3002 1819/2475/3003 2110/2290/2711
f 2063/2473/3001 1933/2474/3002 2111/2289/2710 2112/2291/2712
f 2113/2353/2774 1818/2472/3000 2063/2473/3001 2112/2291/2712
f 1871/2471/2999 1818/2472/3000 2113/2353/2774 2114/2348/2769
f 1824/2470/2998 1871/2471/2999 2114/2348/2769 2115/2319/2740
f 1859/2469/2997 1824/2470/2998 2115/2319/2740 2116/2314/2735
f 2117/2341/2762 1866/2334/2755 1779/2162/2229 1797/2161/2228
f 2118/2340/2761 1827/2335/2756 1866/2334/2755 2117/2341/2762
f 2119/2371/2792 1875/2366/2787 1827/2335/2756 2118/2340/2761
f 2151/2820/2793 1817/2454/2995 1875/2366/2787 2119/2371/2792
f 1946/2259/2676 2120/2264/2685 1968/2465/3017 2044/2828/2679 2093/2260/2677
f 1968/2465/3017 2120/2264/2685 2121/2265/2686 2037/2459/3018
f 2122/2369/2790 1948/2460/3019 2037/2459/3018 2121/2265/2686
f 1985/2368/2789 2072/2367/2788 2029/2453/2996 1948/2460/3019 2122/2369/2790
f 1951/2273/2694 2123/2278/2699 1927/2223/2640 1803/2226/2643
f 1927/2223/2640 2123/2278/2699 2124/2282/2703 2071/2224/2641
f 2125/2281/2702 1802/2346/2767 2071/2224/2641 2124/2282/2703
f 1986/2370/2791 1868/2344/2765 1802/2346/2767 2125/2281/2702
s 95
f 2128/2901/2910 2144/2905/2909 2143/2910/3020 2127/2911/3021
s 99
f 2131/2845/2943 2040/2849/2942 2034/2859/3022 2129/2850/3023
s 110
f 2133/2837/3024 2142/2843/3025 2041/2844/3026 2130/2838/3027
s 111
f 2034/2902/3028 2033/2906/3029 2049/2903/3030 2146/2899/3031
s 112
f 2146/2899/3032 2049/2903/3033 2025/2904/3034 2145/2900/3035
s 96
f 2134/2896/2914 2026/2897/2913 2021/2891/3036 2138/2890/3037
s 100
f 2135/2839/2946 2042/2840/2945 2018/2833/3038 2141/2836/3039
s 113
f 2137/2975/3040 2052/2976/3041 2022/2972/3042 2139/2971/3043
s 110
f 2142/2843/3025 2053/2847/3044 2047/2848/3045 2041/2844/3026
s 109
f 2027/2852/3046 2053/2847/3047 2142/2843/2991 2143/2846/2994
s 95
f 2144/2905/2909 2023/2909/3048 2027/2919/3049 2143/2910/3020
f 2025/2904/3050 2023/2909/3048 2144/2905/2909 2145/2900/2912
s 111
f 2129/2898/3051 2034/2902/3028 2146/2899/3031 2132/2894/3052
s 112
f 2132/2894/3053 2146/2899/3032 2145/2900/3035 2126/2895/3054
s 105
f 2050/3026/2973 2161/3027/3055 2160/3028/3056 2016/3029/2970
s 100
f 2016/3029/2948 2160/3028/3057 2167/3034/3058 2042/3035/2945
f 2042/3035/2945 2167/3034/3059 2166/3040/3060 2018/3041/3038
s 104
f 2018/3041/2966 2166/3040/3061 2165/3046/3062 2052/3047/2967
s 113
f 2052/3047/3041 2165/3046/3063 2164/3043/3064 2022/3042/3042
s 96
f 2022/3042/2916 2164/3043/3065 2163/3037/3066 2026/3036/2913
f 2026/3036/2913 2163/3037/3067 2162/3031/3068 2021/3030/3036
s 106
f 2021/3030/2977 2162/3031/3069 2161/3027/3070 2050/3026/2974
s 105
f 2161/3027/3055 2153/3032/3071 2152/3033/3072 2160/3028/3056
s 106
f 2162/3031/3069 2159/3038/3073 2153/3032/3074 2161/3027/3070
s 96
f 2163/3037/3067 2158/3044/3075 2159/3038/3076 2162/3031/3068
f 2164/3043/3065 2157/3048/3077 2158/3044/3078 2163/3037/3066
s 113
f 2165/3046/3063 2156/3049/3079 2157/3048/3080 2164/3043/3064
s 104
f 2166/3040/3061 2155/3045/3081 2156/3049/3082 2165/3046/3062
s 100
f 2167/3034/3059 2154/3039/3083 2155/3045/3084 2166/3040/3060
f 2160/3028/3057 2152/3033/3085 2154/3039/3086 2167/3034/3058
s off
f 2133/2837/3087 2137/2835/3088 2139/2841/3089 2127/2842/3090
s 114
f 2134/2970/3091 2128/2973/3092 2127/2974/3093 2139/2971/3094
f 2128/2901/3092 2134/2896/3091 2138/2890/3095 2126/2895/3096
s off
f 2136/2889/3097 2132/2894/3098 2126/2895/3099 2138/2890/3100
f 2140/2893/3101 2129/2898/3102 2132/2894/3103 2136/2889/3104
s 115
f 2135/2839/3105 2131/2845/3106 2129/2850/3107 2140/2851/3108
f 2131/2845/3106 2135/2839/3105 2141/2836/3109 2130/2838/3110
s off
f 2137/2835/3111 2133/2837/3112 2130/2838/3113 2141/2836/3114
f 2153/2981/3115 2169/2982/3116 2168/2983/3117 2152/2984/3118
f 2152/2984/3119 2168/2983/3120 2170/2985/3121 2154/2986/3122
f 2154/2945/3123 2170/2946/3124 2172/2947/3125 2155/2948/3126
f 2155/2948/3127 2172/2947/3128 2173/2949/3129 2156/2950/3130
f 2156/2987/3131 2173/2988/3132 2174/2989/3133 2157/2990/3134
f 2157/2990/3135 2174/2989/3136 2175/2991/3137 2158/2992/3138
f 2158/2955/3139 2175/2956/3140 2176/2952/3141 2159/2951/3142
f 2159/2951/3143 2176/2952/3144 2169/2953/3145 2153/2954/3146
s 76
f 2177/2929/3147 2019/2925/2684 2024/2918/2683 2178/2922/3148
s 88
f 2032/2451/2872 1817/2821/2875 2151/2372/3149 2179/2489/3150
s 89
f 2035/2914/2876 2013/2920/2879 2180/2926/3151 2181/2921/3152
s off
f 2182/2491/3153 2150/2280/3154 2149/2279/3155 2183/2492/3156
s 116
f 2184/2880/3157 2185/2881/3158 2186/2874/3159 2187/2875/3160
s off
f 2188/2495/3161 2148/2277/3162 2147/2276/3163 2189/2496/3164
s 117
f 2190/2868/3165 2191/2870/3166 2192/2866/3167 2193/2861/3168
s 92
f 2181/2921/3169 2194/2917/3170 2051/2907/2899 2014/2915/2898 2035/2914/2897
s 118
f 2195/3050/3171 2196/3051/3172 2197/3052/3173 2198/3053/3174
s 94
f 2024/2918/2905 2020/2908/2908 2199/2916/3175 2178/2922/3176
s 119
f 2200/2928/3177 2201/2924/3178 2202/2931/3179 2203/2934/3180
s 120
f 2204/2993/3181 2205/2994/3182 2206/2995/3183 2207/2996/3184
s off
f 2151/2372/3185 2150/2280/3186 2182/2491/3187 2179/2489/3188
s 121
f 2182/2491/3189 2185/2493/3190 2180/2490/3191 2179/2489/3192
s 89
f 2180/2490/3151 2013/2456/2879 2032/2451/2926 2179/2489/3193
s 121
f 2180/2926/3191 2185/2932/3190 2184/2927/3194 2181/2921/3195
s off
f 2149/2279/3196 2148/2277/3197 2188/2495/3198 2183/2492/3199
s 122
f 2188/2495/3200 2191/2497/3201 2186/2494/3202 2183/2492/3203
s 116
f 2186/2494/3159 2185/2493/3158 2182/2491/3204 2183/2492/3205
s 122
f 2186/2874/3202 2191/2870/3201 2190/2868/3206 2187/2875/3207
s 123
f 2190/2868/3208 2208/2872/3209 2209/2878/3210 2187/2875/3211
s 124
f 2210/3001/3212 2211/3002/3213 2212/3003/3214 2213/3004/3215
s 101
f 2147/2276/3216 1947/2263/2952 2045/2468/2951 2189/2496/3217
s 102
f 2045/2468/2953 2011/2832/2956 2192/2498/3218 2189/2496/3219
s 117
f 2192/2498/3167 2191/2497/3166 2188/2495/3220 2189/2496/3221
s 102
f 2192/2866/3218 2011/2863/2956 2048/2855/2960 2193/2861/3222
s 103
f 2193/2861/3223 2048/2855/2965 2012/2854/2964 2054/2853/2963 2214/2862/3224
s 125
f 2215/2882/3225 2216/2877/3226 2217/2876/3227 2218/2883/3228
s 126
f 2211/2943/3229 2219/2941/3230 2220/2936/3231 2212/2938/3232
s 127
f 2219/2941/3233 2221/2942/3234 2222/2937/3235 2220/2936/3236
s 107
f 2199/2916/3237 2020/2908/2981 2051/2907/2980 2194/2917/3238
s 118
f 2197/3052/3173 2223/3054/3239 2224/3055/3240 2198/3053/3174
f 2224/3055/3240 2225/3058/3241 2226/3056/3242 2198/3053/3174
f 2226/3056/3242 2227/3057/3243 2195/3050/3171 2198/3053/3174
s 108
f 2054/2853/2987 2019/2860/2990 2177/2865/3244 2214/2862/3245
s 128
f 2228/2867/3246 2229/2869/3247 2230/2873/3248 2231/2871/3249
s 119
f 2203/2934/3180 2230/2940/3250 2229/2935/3251 2200/2928/3177
s 123
f 2209/2878/3210 2232/2885/3252 2184/2880/3253 2187/2875/3211
s 129
f 2231/2871/3254 2208/2872/3255 2190/2868/3256 2228/2867/3257
s 130
f 2184/2927/3258 2233/2923/3259 2194/2917/3260 2181/2921/3261
s 131
f 2233/2923/3262 2201/2924/3263 2199/2916/3264 2194/2917/3265
s 120
f 2207/2939/3184 2222/2937/3266 2221/2942/3267 2204/2944/3181
s 124
f 2213/2884/3215 2216/2877/3268 2215/2882/3269 2210/2886/3212
s 132
f 2217/2997/3270 2206/2995/3271 2205/2994/3272 2218/2998/3273
s 129
f 2228/2867/3257 2190/2868/3256 2193/2861/3274 2214/2862/3275
s 128
f 2177/2865/3276 2229/2869/3247 2228/2867/3246 2214/2862/3277
s 119
f 2200/2928/3177 2229/2935/3251 2177/2929/3278 2178/2922/3279
f 2199/2916/3280 2201/2924/3178 2200/2928/3177 2178/2922/3279
s 130
f 2232/2933/3281 2234/2930/3282 2233/2923/3259 2184/2927/3258
s 131
f 2234/2930/3283 2202/2931/3284 2201/2924/3263 2233/2923/3262
s 126
f 2219/3059/3230 2211/3060/3229 2235/3061/3285 2236/3062/3286
s 124
f 2211/3060/3213 2210/3063/3212 2237/3064/3287 2235/3061/3288
f 2210/3063/3212 2215/3069/3269 2238/3070/3289 2237/3064/3290
s 125
f 2215/3069/3225 2218/3075/3228 2239/3076/3291 2238/3070/3292
s 132
f 2218/3075/3273 2205/3079/3272 2240/3080/3293 2239/3076/3294
s 120
f 2205/3079/3182 2204/3073/3181 2241/3074/3295 2240/3080/3296
f 2204/3073/3181 2221/3067/3267 2242/3068/3297 2241/3074/3298
s 127
f 2221/3067/3234 2219/3059/3233 2236/3062/3299 2242/3068/3300
s 126
f 2236/3062/3286 2235/3061/3285 2243/3065/3301 2244/3066/3302
s 127
f 2242/3068/3300 2236/3062/3299 2244/3066/3303 2245/3072/3304
s 120
f 2241/3074/3298 2242/3068/3297 2245/3072/3305 2246/3078/3306
f 2240/3080/3296 2241/3074/3295 2246/3078/3307 2247/3082/3308
s 132
f 2239/3076/3294 2240/3080/3293 2247/3082/3309 2248/3081/3310
s 125
f 2238/3070/3292 2239/3076/3291 2248/3081/3311 2249/3077/3312
s 124
f 2237/3064/3290 2238/3070/3289 2249/3077/3313 2250/3071/3314
f 2235/3061/3288 2237/3064/3287 2250/3071/3315 2243/3065/3316
s off
f 2231/2871/3317 2230/2873/3318 2206/2879/3319 2217/2876/3320
s 133
f 2207/2996/3321 2206/2995/3322 2230/2999/3323 2203/3000/3324
f 2203/2934/3324 2202/2931/3325 2222/2937/3326 2207/2939/3321
s off
f 2220/2936/3327 2222/2937/3328 2202/2931/3329 2234/2930/3330
f 2212/2938/3331 2220/2936/3332 2234/2930/3333 2232/2933/3334
s 134
f 2213/2884/3335 2212/2887/3336 2232/2885/3337 2209/2878/3338
f 2209/2878/3338 2208/2872/3339 2216/2877/3340 2213/2884/3335
s off
f 2217/2876/3341 2216/2877/3342 2208/2872/3343 2231/2871/3344
f 2244/3005/3345 2243/3006/3346 2196/3007/3347 2195/3008/3348
f 2243/3006/3349 2250/3009/3350 2197/3010/3351 2196/3007/3352
f 2250/2957/3353 2249/2958/3354 2223/2959/3355 2197/2960/3356
f 2249/2958/3357 2248/2961/3358 2224/2962/3359 2223/2959/3360
f 2248/3011/3361 2247/3012/3362 2225/3013/3363 2224/3014/3364
f 2247/3012/3365 2246/3015/3366 2226/3016/3367 2225/3013/3368
f 2246/2967/3369 2245/2963/3370 2227/2966/3371 2226/2968/3372
f 2245/2963/3373 2244/2964/3374 2195/2965/3375 2227/2966/3376
s 1
f 1782/2173/2590 1856/2312/2733 1975/2308/2729 1784/2174/2591
f 1784/2174/2591 1975/2308/2729 1854/2311/2732 1774/2175/2592
f 1785/1981/1937 1976/2315/2736 1857/2318/2739 1776/2176/2593
f 1777/2090/2046 1861/2324/2745 1977/2320/2741 1786/2177/2594
f 1786/2177/2594 1977/2320/2741 2073/2323/2744 1794/2137/2204
f 1778/2178/2595 1864/2330/2751 1978/2326/2747 1787/2179/2596
f 1787/2179/2596 1978/2326/2747 1862/2329/2750 1783/2119/2075
f 1779/2162/2229 1866/2334/2755 2094/2337/2758 1795/2159/2226
f 1788/2160/2227 1979/2332/2753 1864/2330/2751 1778/2178/2595
f 1774/2175/2592 1854/2311/2732 1980/2338/2759 1789/2180/2597
f 1789/2180/2597 1980/2338/2759 2117/2341/2762 1797/2161/2228
f 1776/2176/2593 1857/2318/2739 1996/2500/2836 1790/2181/2598
f 1790/3094/2598 1996/2415/2836 1895/2416/2837 1780/2182/2599
f 1780/2182/2599 1895/2416/2837 2008/2446/2867 1792/2183/2600
f 1792/2183/2600 2008/2446/2867 1856/2312/2733 1782/2173/2590
f 1775/2138/2205 1859/2469/2997 2116/2314/2735 1796/1980/1936
g default
v -31.832924 -23.895544 0.521539
v -31.435925 -23.680855 0.281503
v -31.003739 -23.619982 0.015369
v -30.578671 -23.718889 -0.250810
v -30.202324 -23.967891 -0.490982
v -29.911539 -24.342615 -0.681634
v -29.734798 -24.806379 -0.804097
v -29.689379 -25.313789 -0.846394
v -29.779734 -25.815174 -0.804382
v -29.997028 -26.261457 -0.682168
v -30.319976 -26.608949 -0.491724
v -30.716961 -26.823641 -0.251693
v -31.149147 -26.884510 0.014440
v -31.574216 -26.785604 0.280618
v -31.950563 -26.536604 0.520789
v -32.241347 -26.161880 0.711442
v -32.418089 -25.698114 0.833905
v -32.463508 -25.190706 0.876201
v -32.373152 -24.689321 0.834191
v -32.155859 -24.243038 0.711976
v -32.243390 -23.631382 0.180060
v -31.772640 -23.376810 -0.104572
v -31.260170 -23.304632 -0.420143
v -30.756147 -23.421911 -0.735761
v -30.309897 -23.717167 -1.020543
v -29.965106 -24.161499 -1.246607
v -29.755522 -24.711410 -1.391824
v -29.701655 -25.313074 -1.441984
v -29.808815 -25.907593 -1.392156
v -30.066455 -26.436777 -1.247250
v -30.449406 -26.848818 -1.021423
v -30.920129 -27.103388 -0.736806
v -31.432599 -27.175565 -0.421236
v -31.936622 -27.058286 -0.105617
v -32.382871 -26.763033 0.179165
v -32.727664 -26.318702 0.405228
v -32.937247 -25.768791 0.550446
v -32.991115 -25.167125 0.600605
v -32.883967 -24.572605 0.550786
v -32.626327 -24.043424 0.405880
v -32.593760 -23.306022 0.018972
v -32.030100 -23.001201 -0.321834
v -31.416466 -22.914778 -0.699700
v -30.812954 -23.055206 -1.077622
v -30.278611 -23.408745 -1.418619
v -29.865757 -23.940784 -1.689308
v -29.614803 -24.599247 -1.863188
v -29.550318 -25.319677 -1.923243
v -29.678604 -26.031557 -1.863594
v -29.987108 -26.665197 -1.690081
v -30.445638 -27.158575 -1.419683
v -31.009298 -27.463396 -1.078875
v -31.622932 -27.549822 -0.701011
v -32.226444 -27.409393 -0.323089
v -32.760786 -27.055856 0.017910
v -33.173642 -26.523815 0.288597
v -33.424594 -25.865352 0.462479
v -33.489093 -25.144922 0.522540
v -33.360793 -24.433046 0.462884
v -33.052289 -23.799402 0.289372
v -32.849761 -22.951320 0.054065
v -32.183084 -22.590795 -0.349031
v -31.457322 -22.488575 -0.795945
v -30.743507 -22.654667 -1.242937
v -30.111527 -23.072813 -1.646244
v -29.623219 -23.702081 -1.966402
v -29.326414 -24.480875 -2.172055
v -29.250133 -25.332960 -2.243088
v -29.401872 -26.174928 -2.172534
v -29.766762 -26.924362 -1.967307
v -30.309089 -27.507902 -1.647494
v -30.975753 -27.868429 -1.244407
v -31.701516 -27.970648 -0.797495
v -32.415319 -27.804558 -0.350511
v -33.047310 -27.386411 0.052806
v -33.535619 -26.757145 0.372964
v -33.832423 -25.978351 0.578617
v -33.908704 -25.126264 0.649650
v -33.756952 -24.284298 0.579088
v -33.392075 -23.534862 0.373869
v -32.986323 -22.601993 0.281882
v -32.216642 -22.185762 -0.183490
v -31.378737 -22.067749 -0.699461
v -30.554632 -22.259504 -1.215515
v -29.825003 -22.742256 -1.681140
v -29.261254 -23.468750 -2.050761
v -28.918584 -24.367874 -2.288194
v -28.830523 -25.351614 -2.370200
v -29.005701 -26.323675 -2.288749
v -29.426965 -27.188904 -2.051815
v -30.053075 -27.862608 -1.682593
v -30.822757 -28.278835 -1.217221
v -31.660661 -28.396850 -0.701250
v -32.484766 -28.205095 -0.185196
v -33.214395 -27.722343 0.280429
v -33.778143 -26.995847 0.650052
v -34.120814 -26.096725 0.887483
v -34.208874 -25.112985 0.969491
v -34.033698 -24.140924 0.888036
v -33.612434 -23.275696 0.651104
v -32.990064 -22.292234 0.680127
v -32.127460 -21.825754 0.158571
v -31.188405 -21.693491 -0.419687
v -30.264810 -21.908397 -0.998043
v -29.447088 -22.449432 -1.519885
v -28.815277 -23.263637 -1.934130
v -28.431237 -24.271312 -2.200226
v -28.332545 -25.373819 -2.292135
v -28.528876 -26.463238 -2.200847
v -29.001001 -27.432924 -1.935305
v -29.702706 -28.187965 -1.521507
v -30.565310 -28.654445 -0.999950
v -31.504365 -28.786705 -0.421693
v -32.427972 -28.571802 0.156673
v -33.245681 -28.030765 0.678505
v -33.877492 -27.216560 1.092752
v -34.261532 -26.208889 1.358848
v -34.360226 -25.106380 1.450754
v -34.163894 -24.016964 1.359467
v -33.691781 -23.047275 1.093935
v -32.860648 -22.052368 1.209835
v -31.924304 -21.546007 0.643691
v -30.904952 -21.402437 0.015990
v -29.902404 -21.635715 -0.611808
v -29.014779 -22.223003 -1.178259
v -28.328947 -23.106815 -1.627924
v -27.912079 -24.200639 -1.916767
v -27.804950 -25.397398 -2.016529
v -28.018060 -26.579952 -1.917441
v -28.530546 -27.632538 -1.629201
v -29.292238 -28.452127 -1.180026
v -30.228582 -28.958488 -0.613884
v -31.247935 -29.102058 0.013818
v -32.250483 -28.868778 0.641616
v -33.138108 -28.281490 1.208066
v -33.823940 -27.397678 1.657731
v -34.240808 -26.303858 1.946575
v -34.347935 -25.107095 2.046338
v -34.134826 -23.924543 1.947250
v -33.622341 -22.871958 1.659008
v -32.610719 -21.905870 1.819134
v -31.627027 -21.373903 1.224361
v -30.556144 -21.223076 0.564928
v -29.502887 -21.468147 -0.094623
v -28.570380 -22.085134 -0.689717
v -27.849879 -23.013637 -1.162112
v -27.411924 -24.162769 -1.465566
v -27.299377 -25.420046 -1.570374
v -27.523271 -26.662393 -1.466270
v -28.061675 -27.768205 -1.163452
v -28.861886 -28.629236 -0.691562
v -29.845567 -29.161201 -0.096799
v -30.916449 -29.312032 0.562635
v -31.969706 -29.066959 1.222186
v -32.902213 -28.449972 1.817279
v -33.622715 -27.521471 2.289675
v -34.060670 -26.372337 2.593128
v -34.173203 -25.115062 2.697930
v -33.949322 -23.872715 2.593832
v -33.410919 -22.766903 2.291015
v -32.264749 -21.867084 2.448387
v -31.264746 -21.326294 1.843754
v -30.176103 -21.172964 1.173383
v -29.105387 -21.422104 0.502898
v -28.157403 -22.049322 -0.102069
v -27.424942 -22.993223 -0.582308
v -26.979728 -24.161415 -0.890791
v -26.865314 -25.439541 -0.997338
v -27.092916 -26.702493 -0.891510
v -27.640251 -27.826647 -0.583670
v -28.453728 -28.701956 -0.103957
v -29.453744 -29.242746 0.500684
v -30.542387 -29.396076 1.171055
v -31.613104 -29.146938 1.841539
v -32.561086 -28.519720 2.446508
v -33.293535 -27.575819 2.926738
v -33.738750 -26.407629 3.235220
v -33.853163 -25.129503 3.341768
v -33.625561 -23.866548 3.235940
v -33.078226 -22.742395 2.928099
v -31.856618 -21.939806 3.036007
v -30.872911 -21.407840 2.441227
v -29.802029 -21.257011 1.781793
v -28.748785 -21.502084 1.122250
v -27.816265 -22.119070 0.527149
v -27.095764 -23.047573 0.054752
v -26.657809 -24.196705 -0.248701
v -26.545275 -25.453981 -0.353501
v -26.769169 -26.696329 -0.249396
v -27.307560 -27.802141 0.053413
v -28.107772 -28.663172 0.525302
v -29.091464 -29.195137 1.120075
v -30.162347 -29.345968 1.779508
v -31.215591 -29.100895 2.439051
v -32.148111 -28.483907 3.034152
v -32.868599 -27.555406 3.506541
v -33.306554 -26.406273 3.809994
v -33.419101 -25.148998 3.914802
v -33.195207 -23.906650 3.810698
v -32.656816 -22.800838 3.507889
v -31.426239 -22.116916 3.524455
v -30.489896 -21.610554 2.958312
v -29.470556 -21.466984 2.330618
v -28.468008 -21.700264 1.702821
v -27.580370 -22.287552 1.136362
v -26.894552 -23.171364 0.686704
v -26.477683 -24.265186 0.397861
v -26.370543 -25.461948 0.298090
v -26.583665 -26.644500 0.397187
v -27.096151 -27.697086 0.685427
v -27.857843 -28.516674 1.134602
v -28.794187 -29.023037 1.700744
v -29.813526 -29.166607 2.328439
v -30.816074 -28.933326 2.956237
v -31.703712 -28.346039 3.522695
v -32.389531 -27.462227 3.972352
v -32.806399 -26.368408 4.261196
v -32.913541 -25.171642 4.360966
v -32.700418 -23.989094 4.261870
v -32.187932 -22.936508 3.973629
v -31.015773 -22.381078 3.865935
v -30.153182 -21.914596 3.344385
v -29.214114 -21.782333 2.766121
v -28.290532 -21.997242 2.187772
v -27.472797 -22.538275 1.665923
v -26.840986 -23.352480 1.251676
v -26.456959 -24.360157 0.985589
v -26.358266 -25.462663 0.893681
v -26.554597 -26.552080 0.984969
v -27.026710 -27.521766 1.250501
v -27.728427 -28.276808 1.664309
v -28.591018 -28.743290 2.185858
v -29.530087 -28.875549 2.764122
v -30.453681 -28.660644 3.342479
v -31.271391 -28.119610 3.864312
v -31.903201 -27.305406 4.278558
v -32.287241 -26.297731 4.544655
v -32.385934 -25.195223 4.636562
v -32.189602 -24.105806 4.545275
v -31.717489 -23.136120 4.279742
v -30.665402 -22.706436 4.027023
v -29.895722 -22.290205 3.561649
v -29.057816 -22.172191 3.045680
v -28.233725 -22.363947 2.529633
v -27.504082 -22.846699 2.064001
v -26.940347 -23.573192 1.694387
v -26.597676 -24.472317 1.456955
v -26.509615 -25.456056 1.374949
v -26.684793 -26.428118 1.456401
v -27.106056 -27.293344 1.693334
v -27.732168 -27.967048 2.062554
v -28.501848 -28.383278 2.527928
v -29.339741 -28.501293 3.043889
v -30.163845 -28.309536 3.559945
v -30.893474 -27.826786 4.025570
v -31.457223 -27.100290 4.395191
v -31.799893 -26.201168 4.632624
v -31.887955 -25.217428 4.714629
v -31.712777 -24.245367 4.633177
v -31.291513 -23.380138 4.396245
v -30.409414 -23.061138 3.991940
v -29.742736 -22.700611 3.588846
v -29.016974 -22.598390 3.141932
v -28.303160 -22.764484 2.694939
v -27.671166 -23.182630 2.291625
v -27.182872 -23.811897 1.971473
v -26.886066 -24.590692 1.765821
v -26.809786 -25.442775 1.694788
v -26.961525 -26.284744 1.765342
v -27.326402 -27.034179 1.970560
v -27.868742 -27.617719 2.290382
v -28.535393 -27.978246 2.693461
v -29.261169 -28.080465 3.140382
v -29.974970 -27.914375 3.587367
v -30.606963 -27.496229 3.990682
v -31.095259 -26.866960 4.310832
v -31.392063 -26.088169 4.516485
v -31.468343 -25.236080 4.587520
v -31.316605 -24.394115 4.516965
v -30.951727 -23.644678 4.311746
v -30.272839 -23.410465 3.764113
v -29.709179 -23.105646 3.423306
v -29.095546 -23.019220 3.045440
v -28.492033 -23.159649 2.667519
v -27.957691 -23.513187 2.326521
v -27.544836 -24.045227 2.055833
v -27.293896 -24.703689 1.881959
v -27.229397 -25.424120 1.821898
v -27.357697 -26.135999 1.881554
v -27.666200 -26.769638 2.055067
v -28.124730 -27.263017 2.325465
v -28.688391 -27.567837 2.666272
v -29.302024 -27.654264 3.044138
v -29.905537 -27.513834 3.422059
v -30.439879 -27.160297 3.763057
v -30.852733 -26.628258 4.033746
v -31.103673 -25.969795 4.207619
v -31.168172 -25.249365 4.267681
v -31.039873 -24.537487 4.208024
v -30.731369 -23.903845 4.034511
v -30.269100 -23.720224 3.365866
v -29.798362 -23.465654 3.081243
v -29.285879 -23.393476 2.765665
v -28.781857 -23.510757 2.450044
v -28.335607 -23.806011 2.165263
v -27.990814 -24.250341 1.939201
v -27.781231 -24.800253 1.793983
v -27.727377 -25.401916 1.743830
v -27.834523 -25.996437 1.793651
v -28.092177 -26.525617 1.938565
v -28.475114 -26.937662 2.164385
v -28.945838 -27.192230 2.449000
v -29.458308 -27.264406 2.764571
v -29.962343 -27.147129 3.080199
v -30.408594 -26.851875 3.364979
v -30.753386 -26.407545 3.591042
v -30.962957 -25.857633 3.736252
v -31.016823 -25.255970 3.786413
v -30.909689 -24.661449 3.736601
v -30.652036 -24.132269 3.591686
v -30.398515 -23.960094 2.836160
v -30.001517 -23.745403 2.596123
v -29.569332 -23.684532 2.329988
v -29.144263 -23.783439 2.063810
v -28.767928 -24.032440 1.823647
v -28.477144 -24.407165 1.632994
v -28.300402 -24.870929 1.510532
v -28.254971 -25.378338 1.468225
v -28.345339 -25.879722 1.510246
v -28.562619 -26.326004 1.632453
v -28.885567 -26.673496 1.822897
v -29.282565 -26.888187 2.062934
v -29.714751 -26.949058 2.329068
v -30.139820 -26.850151 2.595246
v -30.516155 -26.601150 2.835410
v -30.806939 -26.226429 3.026063
v -30.983680 -25.762665 3.148525
v -31.029112 -25.255253 3.190830
v -30.938744 -24.753868 3.148810
v -30.721463 -24.307586 3.026605
v -30.767850 -24.551712 1.445872
v -30.553420 -24.435749 1.316221
v -31.030417 -24.504930 1.067869
v -30.805463 -24.383291 0.931853
v -30.319974 -24.402870 1.172470
v -30.560597 -24.348804 0.781069
v -30.090370 -24.456295 1.028689
v -30.319766 -24.404842 0.630259
v -29.887093 -24.590790 0.898967
v -30.106546 -24.545919 0.494191
v -29.730034 -24.793194 0.795991
v -29.941803 -24.758230 0.386175
v -29.634575 -25.043689 0.729846
v -29.841671 -25.020986 0.316795
v -29.610031 -25.317762 0.706994
v -29.815932 -25.308471 0.292828
v -29.658831 -25.588579 0.729684
v -29.867117 -25.592546 0.316624
v -29.776197 -25.829633 0.795695
v -29.990233 -25.845398 0.385871
v -29.950641 -26.017330 0.898564
v -30.173196 -26.042278 0.493764
v -30.165071 -26.133291 1.028216
v -30.398138 -26.163915 0.629771
v -30.398516 -26.166170 1.171968
v -30.643003 -26.198404 0.780556
v -30.628108 -26.112747 1.315739
v -30.883834 -26.142368 0.931365
v -30.831385 -25.978250 1.445462
v -31.097054 -26.001289 1.067434
v -30.988443 -25.775850 1.548438
v -31.261810 -25.788980 1.175457
v -31.083930 -25.525350 1.614598
v -31.361930 -25.526222 1.244829
v -31.108460 -25.251280 1.637444
v -31.387668 -25.238737 1.268797
v -31.059646 -24.980463 1.614745
v -31.336497 -24.954662 1.245007
v -30.942280 -24.739408 1.548734
v -31.213367 -24.701811 1.175754
v -31.307252 -24.390997 0.753634
v -31.051871 -24.252887 0.599223
v -30.773847 -24.213728 0.428020
v -30.500399 -24.277355 0.256788
v -30.258301 -24.437536 0.102287
v -30.071243 -24.678594 -0.020355
v -29.957536 -24.976932 -0.099143
v -29.928313 -25.303350 -0.126353
v -29.986438 -25.625889 -0.099329
v -30.126233 -25.912979 -0.020702
v -30.333977 -26.136520 0.101804
v -30.589357 -26.274631 0.256216
v -30.867381 -26.313787 0.427419
v -31.140828 -26.250162 0.598653
v -31.382928 -26.089981 0.753152
v -31.569984 -25.848922 0.875796
v -31.683693 -25.550585 0.954582
v -31.712914 -25.224169 0.981794
v -31.654791 -24.901630 0.954768
v -31.514996 -24.614538 0.876142
v -30.384515 -24.432522 2.242630
v -30.129121 -24.294410 2.088211
v -30.545294 -24.526762 1.850674
v -30.320353 -24.405123 1.714666
v -29.851097 -24.255253 1.917009
v -30.075487 -24.370634 1.563881
v -29.577650 -24.318882 1.745776
v -29.834643 -24.426672 1.413064
v -29.335550 -24.479065 1.591277
v -29.621436 -24.567751 1.277003
v -29.148494 -24.720119 1.468632
v -29.456693 -24.780060 1.168989
v -29.034785 -25.018459 1.389846
v -29.356548 -25.042818 1.099599
v -29.005578 -25.344875 1.362641
v -29.330810 -25.330303 1.075632
v -29.063700 -25.667412 1.389667
v -29.382007 -25.614376 1.099438
v -29.203482 -25.954506 1.468286
v -29.505110 -25.867227 1.168676
v -29.411226 -26.178043 1.590794
v -29.688086 -26.064110 1.276576
v -29.666620 -26.316154 1.745213
v -29.913015 -26.185747 1.412576
v -29.944631 -26.355312 1.916408
v -30.157880 -26.220236 1.563362
v -30.218091 -26.291687 2.087649
v -30.398724 -26.164198 1.714178
v -30.460191 -26.131508 2.242147
v -30.611931 -26.023119 1.850239
v -30.647247 -25.890445 2.364792
v -30.776688 -25.810810 1.958261
v -30.760956 -25.592109 2.443579
v -30.876820 -25.548052 2.027642
v -30.790164 -25.265693 2.470782
v -30.902558 -25.260566 2.051610
v -30.732041 -24.943153 2.443757
v -30.851374 -24.976494 2.027812
v -30.592258 -24.656063 2.365138
v -30.728257 -24.723642 1.958567
vt 6.071583 0.571939
vt 6.074304 0.571827
vt 6.074841 0.576256
vt 6.071982 0.576653
vt 6.071531 0.567219
vt 6.074416 0.567388
vt 6.077001 0.571703
vt 6.077617 0.575667
vt 6.075948 0.580349
vt 6.072667 0.581060
vt 6.068841 0.572046
vt 6.069071 0.576857
vt 6.071814 0.562797
vt 6.075154 0.563265
vt 6.077244 0.567729
vt 6.068611 0.567235
vt 6.079001 0.579194
vt 6.078842 0.587327
vt 6.074192 0.588597
vt 6.069277 0.581370
vt 6.066099 0.572152
vt 6.066151 0.576873
vt 6.072974 0.555302
vt 6.077647 0.556365
vt 6.078301 0.564175
vt 6.068405 0.562722
vt 6.065699 0.567439
vt 6.080981 0.592731
vt 6.075368 0.594390
vt 6.069451 0.589076
vt 6.065868 0.581294
vt 6.063378 0.572264
vt 6.063266 0.576704
vt 6.073947 0.549491
vt 6.079581 0.550935
vt 6.068230 0.555015
vt 6.065015 0.563032
vt 6.062841 0.567836
vt 6.083320 0.585216
vt 6.086274 0.590264
vt 6.083020 0.597238
vt 6.076348 0.599265
vt 6.069554 0.595003
vt 6.064708 0.588790
vt 6.062528 0.580827
vt 6.060681 0.572388
vt 6.060438 0.576363
vt 6.074879 0.544645
vt 6.081524 0.546475
vt 6.084943 0.553148
vt 6.082159 0.558217
vt 6.068128 0.549088
vt 6.063490 0.555494
vt 6.061734 0.563743
vt 6.060065 0.568424
vt 6.069569 0.599961
vt 6.063735 0.594601
vt 6.060035 0.587727
vt 6.059381 0.579917
vt 6.068113 0.544130
vt 6.062314 0.549702
vt 6.058840 0.556765
vt 6.058681 0.564898
vt 6.062803 0.599447
vt 6.058101 0.593156
vt 6.061334 0.544827
vt 6.056701 0.551360
vt 6.056158 0.597617
vt 6.055523 0.585874
vt 6.052738 0.590943
vt 6.054662 0.546854
vt 6.051408 0.553828
vt 6.054362 0.558875
vt 6.138534 0.569412
vt 6.135812 0.569340
vt 6.135575 0.564886
vt 6.138453 0.564683
vt 6.138268 0.574125
vt 6.135401 0.573762
vt 6.133113 0.569282
vt 6.132766 0.565286
vt 6.134747 0.560728
vt 6.138068 0.560240
vt 6.141277 0.569491
vt 6.141371 0.564676
vt 6.137687 0.578517
vt 6.134386 0.577825
vt 6.132602 0.573231
vt 6.141182 0.574306
vt 6.131622 0.561674
vt 6.132330 0.553571
vt 6.137054 0.552618
vt 6.141470 0.560159
vt 6.144019 0.569569
vt 6.144285 0.564857
vt 6.136024 0.585916
vt 6.131434 0.584541
vt 6.131308 0.576705
vt 6.141082 0.578822
vt 6.144100 0.574299
vt 6.130560 0.548036
vt 6.136271 0.546760
vt 6.141816 0.552459
vt 6.144866 0.560465
vt 6.146741 0.569641
vt 6.147152 0.565220
vt 6.134661 0.591648
vt 6.129138 0.589827
vt 6.140737 0.586522
vt 6.144485 0.578742
vt 6.146978 0.574096
vt 6.127720 0.555375
vt 6.125114 0.550140
vt 6.128830 0.543402
vt 6.135623 0.541830
vt 6.142114 0.546540
vt 6.146530 0.553065
vt 6.148167 0.561157
vt 6.149440 0.569699
vt 6.149951 0.565750
vt 6.133405 0.596420
vt 6.126899 0.594145
vt 6.123938 0.587258
vt 6.127058 0.582388
vt 6.140440 0.592442
vt 6.145499 0.586364
vt 6.147806 0.578253
vt 6.149786 0.573695
vt 6.142433 0.541593
vt 6.147892 0.547334
vt 6.151119 0.554441
vt 6.151246 0.562277
vt 6.140120 0.597389
vt 6.146282 0.592222
vt 6.150223 0.585410
vt 6.150931 0.577307
vt 6.149148 0.542562
vt 6.153414 0.549155
vt 6.146930 0.597151
vt 6.151992 0.590946
vt 6.155654 0.544836
vt 6.155495 0.556593
vt 6.158615 0.551724
vt 6.153723 0.595579
vt 6.157439 0.588841
vt 6.154833 0.583606
vt 6.573987 0.576581
vt 6.574402 0.588007
vt 6.568460 0.588549
vt 6.568299 0.576820
vt 6.578873 0.576255
vt 6.579443 0.586736
vt 6.574838 0.599427
vt 6.568837 0.600471
vt 6.561779 0.588896
vt 6.561868 0.576900
vt 6.574059 0.565274
vt 6.568396 0.565153
vt 6.578911 0.565355
vt 6.561763 0.601186
vt 6.554685 0.588867
vt 6.555035 0.576790
vt 6.562029 0.564991
vt 6.574413 0.554048
vt 6.568738 0.553548
vt 6.579231 0.554549
vt 6.554109 0.601232
vt 6.547615 0.588413
vt 6.548212 0.576490
vt 6.555269 0.564801
vt 6.562328 0.553111
vt 6.575381 0.542904
vt 6.569538 0.541970
vt 6.580253 0.544337
vt 6.546519 0.600515
vt 6.541001 0.587631
vt 6.541801 0.576053
vt 6.548511 0.564611
vt 6.555504 0.552812
vt 6.562924 0.541188
vt 6.576717 0.531869
vt 6.570926 0.530385
vt 6.539614 0.599217
vt 6.535158 0.586698
vt 6.536126 0.575554
vt 6.542145 0.564448
vt 6.548672 0.552702
vt 6.555855 0.540734
vt 6.564020 0.529087
vt 6.533822 0.597733
vt 6.530286 0.585264
vt 6.531308 0.575053
vt 6.536480 0.564327
vt 6.542240 0.552782
vt 6.548760 0.540705
vt 6.556430 0.528370
vt 6.531629 0.564247
vt 6.536552 0.553020
vt 6.542080 0.541053
vt 6.548777 0.528416
vt 6.531667 0.553347
vt 6.536138 0.541595
vt 6.541702 0.529130
vt 6.531096 0.542865
vt 6.535702 0.530175
vt 6.653450 0.583110
vt 6.653890 0.571932
vt 6.659583 0.572163
vt 6.659330 0.583766
vt 6.648516 0.581908
vt 6.649053 0.571660
vt 6.653712 0.560702
vt 6.659375 0.560554
vt 6.666006 0.572296
vt 6.665975 0.584234
vt 6.652638 0.594196
vt 6.658493 0.595404
vt 6.648861 0.560851
vt 6.653248 0.549404
vt 6.658919 0.548897
vt 6.665742 0.560416
vt 6.672836 0.572272
vt 6.673058 0.584352
vt 6.665454 0.596373
vt 6.648383 0.549962
vt 6.652294 0.538011
vt 6.658203 0.537188
vt 6.665339 0.548512
vt 6.672503 0.560285
vt 6.679666 0.572058
vt 6.680145 0.584046
vt 6.673068 0.596730
vt 6.647318 0.539519
vt 6.651318 0.526625
vt 6.657262 0.525297
vt 6.664860 0.536525
vt 6.672169 0.548299
vt 6.679263 0.560155
vt 6.686086 0.571674
vt 6.686802 0.583382
vt 6.680711 0.596322
vt 6.664294 0.524248
vt 6.671947 0.536218
vt 6.678999 0.548275
vt 6.685630 0.560016
vt 6.691757 0.571166
vt 6.692711 0.582559
vt 6.687744 0.595273
vt 6.671937 0.523841
vt 6.679030 0.536337
vt 6.685422 0.548408
vt 6.691293 0.559869
vt 6.696621 0.570609
vt 6.697687 0.581051
vt 6.693688 0.593946
vt 6.679552 0.524197
vt 6.685674 0.536805
vt 6.691114 0.548638
vt 6.696143 0.559719
vt 6.686512 0.525167
vt 6.691555 0.537460
vt 6.695952 0.548910
vt 6.692367 0.526375
vt 6.696489 0.538662
vt 6.209429 0.570366
vt 6.212119 0.570376
vt 6.212382 0.574642
vt 6.209572 0.574932
vt 6.209591 0.565800
vt 6.212409 0.566112
vt 6.213209 0.578523
vt 6.210032 0.579212
vt 6.206740 0.570355
vt 6.206731 0.575026
vt 6.210065 0.561522
vt 6.213245 0.562242
vt 6.206748 0.565685
vt 6.216228 0.585288
vt 6.211459 0.586605
vt 6.206726 0.579426
vt 6.204051 0.570345
vt 6.203888 0.574911
vt 6.211670 0.554271
vt 6.216361 0.555723
vt 6.206754 0.561284
vt 6.203907 0.565778
vt 6.218202 0.590724
vt 6.212484 0.592344
vt 6.206619 0.586973
vt 6.203414 0.579188
vt 6.201361 0.570335
vt 6.201070 0.574599
vt 6.212875 0.548560
vt 6.218536 0.550372
vt 6.206861 0.553738
vt 6.203447 0.561498
vt 6.201097 0.566069
vt 6.220150 0.595251
vt 6.213372 0.597217
vt 6.206533 0.592823
vt 6.201809 0.586439
vt 6.200234 0.578468
vt 6.213979 0.543758
vt 6.220636 0.545963
vt 6.206947 0.547888
vt 6.202021 0.554105
vt 6.200271 0.562187
vt 6.206416 0.597761
vt 6.200604 0.592151
vt 6.197119 0.584988
vt 6.207063 0.542949
vt 6.200995 0.548366
vt 6.197252 0.555422
vt 6.199501 0.596952
vt 6.194944 0.590339
vt 6.200108 0.543494
vt 6.195277 0.549986
vt 6.192843 0.594747
vt 6.193329 0.545459
vt 6.265105 0.568406
vt 6.262415 0.568415
vt 6.262123 0.564151
vt 6.264931 0.563841
vt 6.264975 0.572973
vt 6.262154 0.572680
vt 6.261269 0.560275
vt 6.264441 0.559564
vt 6.267794 0.568398
vt 6.267771 0.563728
vt 6.264529 0.577254
vt 6.261345 0.576555
vt 6.267817 0.573068
vt 6.258204 0.553531
vt 6.262964 0.552182
vt 6.267745 0.559328
vt 6.270483 0.568390
vt 6.270614 0.563823
vt 6.262974 0.584516
vt 6.258275 0.583096
vt 6.267842 0.577469
vt 6.270658 0.572955
vt 6.256192 0.548109
vt 6.261899 0.546449
vt 6.267800 0.551781
vt 6.271059 0.559542
vt 6.273173 0.568382
vt 6.273434 0.564116
vt 6.261809 0.590235
vt 6.256136 0.588462
vt 6.267788 0.585016
vt 6.271148 0.577232
vt 6.273466 0.572645
vt 6.254213 0.543596
vt 6.260977 0.541583
vt 6.267846 0.545930
vt 6.272614 0.552281
vt 6.274243 0.560241
vt 6.260738 0.595044
vt 6.254066 0.592885
vt 6.267742 0.590866
vt 6.272624 0.584615
vt 6.274319 0.576521
vt 6.267929 0.540991
vt 6.273779 0.546561
vt 6.277313 0.553700
vt 6.267659 0.595805
vt 6.273689 0.590347
vt 6.277384 0.583265
vt 6.274850 0.541753
vt 6.279452 0.548334
vt 6.274611 0.595213
vt 6.279397 0.588687
vt 6.281522 0.543911
vt 6.281375 0.593200
vt 6.329062 0.554226
vt 6.328316 0.543239
vt 6.334418 0.542192
vt 6.334826 0.553957
vt 6.324154 0.554533
vt 6.323349 0.544452
vt 6.341486 0.541628
vt 6.341330 0.553898
vt 6.328786 0.565311
vt 6.334453 0.565624
vt 6.323932 0.565064
vt 6.349063 0.541766
vt 6.348239 0.554162
vt 6.340811 0.565996
vt 6.327889 0.576301
vt 6.333555 0.577215
vt 6.323085 0.575477
vt 6.356561 0.542644
vt 6.355120 0.554758
vt 6.347553 0.566404
vt 6.339986 0.578051
vt 6.325851 0.586935
vt 6.331683 0.588696
vt 6.321143 0.585208
vt 6.363423 0.544112
vt 6.361550 0.555594
vt 6.354295 0.566813
vt 6.346867 0.578647
vt 6.338545 0.590165
vt 6.369255 0.545874
vt 6.367216 0.556508
vt 6.360653 0.567185
vt 6.353776 0.578911
vt 6.346044 0.591043
vt 6.373963 0.547601
vt 6.372020 0.557332
vt 6.366320 0.567498
vt 6.360279 0.578852
vt 6.353620 0.591181
vt 6.371174 0.567745
vt 6.366044 0.578583
vt 6.360688 0.590617
vt 6.370951 0.578276
vt 6.366789 0.589570
vt 6.371757 0.588357
vt 6.460854 0.580278
vt 6.461524 0.592032
vt 6.454468 0.592753
vt 6.454351 0.580481
vt 6.466610 0.579880
vt 6.467601 0.590849
vt 6.446890 0.592785
vt 6.447438 0.580372
vt 6.460967 0.568605
vt 6.454601 0.568374
vt 6.471510 0.579464
vt 6.472539 0.589526
vt 6.466640 0.568791
vt 6.439374 0.592073
vt 6.440545 0.579929
vt 6.447851 0.568116
vt 6.461607 0.556996
vt 6.455158 0.556303
vt 6.471498 0.568930
vt 6.467291 0.557783
vt 6.432480 0.590758
vt 6.434096 0.579236
vt 6.441102 0.567858
vt 6.448265 0.555860
vt 6.463222 0.545474
vt 6.456329 0.544159
vt 6.472112 0.558500
vt 6.469092 0.547105
vt 6.426610 0.589126
vt 6.428411 0.578449
vt 6.434736 0.567627
vt 6.441351 0.555750
vt 6.448812 0.543447
vt 6.473838 0.548727
vt 6.421865 0.587505
vt 6.423590 0.577731
vt 6.429063 0.567440
vt 6.434849 0.555954
vt 6.441234 0.543478
vt 6.424204 0.567301
vt 6.429092 0.556351
vt 6.434179 0.544200
vt 6.424192 0.556767
vt 6.428102 0.545382
vt 6.423163 0.546706
vt 6.953975 0.555303
vt 6.957625 0.551615
vt 6.961010 0.554339
vt 6.955606 0.559039
vt 6.964163 0.556853
vt 6.957607 0.562515
vt 6.963968 0.547697
vt 6.967917 0.548981
vt 6.967423 0.559446
vt 6.959826 0.566112
vt 6.947814 0.560536
vt 6.948930 0.564928
vt 6.964667 0.540537
vt 6.968865 0.540494
vt 6.971929 0.550257
vt 6.971038 0.562686
vt 6.962700 0.570066
vt 6.949931 0.569113
vt 6.940443 0.561988
vt 6.940473 0.566190
vt 6.963202 0.533174
vt 6.967593 0.532060
vt 6.973089 0.540548
vt 6.940405 0.570415
vt 6.933280 0.561275
vt 6.931978 0.565219
vt 6.961720 0.525388
vt 6.965202 0.523400
vt 6.971778 0.531060
vt 6.930683 0.569225
vt 6.926644 0.558299
vt 6.924117 0.561441
vt 6.957037 0.519974
vt 6.959565 0.516832
vt 6.968807 0.521195
vt 6.921507 0.564692
vt 6.921962 0.552885
vt 6.918479 0.554872
vt 6.957975 0.527001
vt 6.954297 0.523346
vt 6.950402 0.516998
vt 6.951704 0.513054
vt 6.962174 0.513581
vt 6.914875 0.557078
vt 6.925706 0.551272
vt 6.929385 0.554927
vt 6.920479 0.545099
vt 6.916089 0.546212
vt 6.943238 0.516285
vt 6.943209 0.512083
vt 6.952999 0.509048
vt 6.965429 0.509979
vt 6.972773 0.518340
vt 6.918252 0.568294
vt 6.910908 0.559932
vt 6.911903 0.547213
vt 6.919015 0.537735
vt 6.914817 0.537779
vt 6.935868 0.517737
vt 6.934752 0.513345
vt 6.943276 0.507858
vt 6.910593 0.537725
vt 6.919714 0.530576
vt 6.915764 0.529292
vt 6.928076 0.519234
vt 6.926075 0.515758
vt 6.933751 0.509160
vt 6.911753 0.528015
vt 6.922672 0.523933
vt 6.919518 0.521420
vt 6.923856 0.512161
vt 6.916259 0.518826
vt 6.929707 0.522969
vt 6.926056 0.526658
vt 6.912644 0.515586
vt 6.920983 0.508207
vt 6.775075 0.587252
vt 6.767080 0.579639
vt 6.770778 0.576425
vt 6.777959 0.583354
vt 6.774117 0.573768
vt 6.780272 0.579882
vt 6.766310 0.567374
vt 6.770282 0.565808
vt 6.777444 0.571232
vt 6.782553 0.576533
vt 6.787212 0.587323
vt 6.788223 0.583220
vt 6.763886 0.557917
vt 6.768089 0.557465
vt 6.774343 0.564188
vt 6.781350 0.568697
vt 6.785052 0.572793
vt 6.789236 0.579150
vt 6.797016 0.588177
vt 6.796763 0.583936
vt 6.764168 0.547884
vt 6.768291 0.548759
vt 6.772264 0.556980
vt 6.796519 0.579671
vt 6.806709 0.586293
vt 6.805192 0.582325
vt 6.768007 0.538041
vt 6.771454 0.540397
vt 6.772360 0.549671
vt 6.803705 0.578359
vt 6.815424 0.581403
vt 6.812698 0.578183
vt 6.775227 0.530689
vt 6.777654 0.534130
vt 6.774805 0.542671
vt 6.810045 0.575032
vt 6.821705 0.573944
vt 6.818120 0.571691
vt 6.764192 0.535029
vt 6.772082 0.526959
vt 6.785226 0.526925
vt 6.786311 0.531077
vt 6.779874 0.537465
vt 6.814545 0.569414
vt 6.825773 0.576632
vt 6.818775 0.584949
vt 6.825510 0.565060
vt 6.821408 0.563962
vt 6.794937 0.525562
vt 6.794827 0.529797
vt 6.787571 0.535343
vt 6.781815 0.541073
vt 6.778428 0.545124
vt 6.807120 0.571456
vt 6.810448 0.566801
vt 6.817298 0.562806
vt 6.826678 0.555578
vt 6.822439 0.555719
vt 6.804556 0.526824
vt 6.803247 0.530847
vt 6.794842 0.534017
vt 6.818214 0.555852
vt 6.824949 0.546167
vt 6.820943 0.547562
vt 6.813454 0.530883
vt 6.810983 0.534325
vt 6.801971 0.534865
vt 6.816951 0.548982
vt 6.820414 0.537614
vt 6.817038 0.540143
vt 6.808582 0.537722
vt 6.813692 0.542657
vt 6.816461 0.527027
vt 6.824212 0.534570
vt 6.809886 0.545472
vt 6.805950 0.541467
vn 0.220010 -0.961756 -0.163162
vn 0.462993 -0.830355 -0.310077
vn 0.351333 -0.809765 -0.469942
vn 0.113008 -0.938646 -0.325841
vn -0.044498 -0.999010 -0.000282
vn -0.146416 -0.975178 -0.166104
vn -0.304665 -0.938472 0.162633
vn -0.401573 -0.915805 -0.006323
vn -0.534993 -0.786079 0.309618
vn -0.627463 -0.766348 0.137844
vn -0.712968 -0.556721 0.426308
vn -0.802022 -0.541400 0.252283
vn -0.821135 -0.272897 0.501263
vn -0.908121 -0.263018 0.325787
vn -0.848938 0.037618 0.527153
vn -0.935388 0.041522 0.351178
vn -0.793630 0.344555 0.501431
vn -0.881139 0.342552 0.325963
vn -0.660648 0.617676 0.426638
vn -0.750706 0.610433 0.252611
vn -0.462991 0.830356 0.310078
vn -0.556855 0.819017 0.138289
vn -0.220010 0.961756 0.163163
vn -0.318542 0.947891 -0.005804
vn 0.044498 0.999009 0.000285
vn -0.059122 0.984427 -0.165552
vn 0.304658 0.938475 -0.162628
vn 0.196037 0.925057 -0.325330
vn 0.534996 0.786074 -0.309625
vn 0.421941 0.775592 -0.469491
vn 0.712947 0.556756 -0.426297
vn 0.596480 0.550677 -0.583923
vn 0.821140 0.272895 -0.501255
vn 0.702589 0.272285 -0.657442
vn 0.848940 -0.037676 -0.527144
vn 0.729855 -0.032325 -0.682837
vn 0.793633 -0.344545 -0.501433
vn 0.675603 -0.333317 -0.657617
vn 0.660654 -0.617669 -0.426640
vn 0.545190 -0.601171 -0.584262
vn 0.291169 -0.788122 -0.542295
vn 0.058537 -0.913923 -0.401644
vn -0.194702 -0.949589 -0.245709
vn -0.443772 -0.891636 -0.089734
vn -0.664290 -0.745733 0.050994
vn -0.834685 -0.526149 0.162693
vn -0.938256 -0.254400 0.234429
vn -0.964869 0.042893 0.259205
vn -0.911922 0.336690 0.234602
vn -0.784589 0.598203 0.163011
vn -0.595352 0.801818 0.051420
vn -0.362744 0.927607 -0.089232
vn -0.109505 0.963276 -0.245171
vn 0.139578 0.905326 -0.401128
vn 0.360098 0.759428 -0.541847
vn 0.530475 0.539860 -0.653565
vn 0.634023 0.268127 -0.725343
vn 0.660641 -0.029195 -0.750134
vn 0.607705 -0.323033 -0.725496
vn 0.480404 -0.584510 -0.653881
vn -0.078980 -0.815501 -0.573341
vn 0.130091 -0.702425 -0.699768
vn 0.008944 -0.615136 -0.788370
vn -0.175568 -0.714920 -0.676806
vn -0.306592 -0.847556 -0.433186
vn -0.376434 -0.743209 -0.553117
vn -0.530456 -0.795465 -0.293006
vn -0.573992 -0.697241 -0.429404
vn -0.728652 -0.664333 -0.166517
vn -0.748905 -0.581511 -0.317782
vn -0.881793 -0.466981 -0.066109
vn -0.884050 -0.407351 -0.229172
vn -0.974875 -0.222748 -0.001618
vn -0.966197 -0.191815 -0.172252
vn -0.998796 0.044494 0.020652
vn -0.987307 0.044031 -0.152596
vn -0.951209 0.308545 -0.001468
vn -0.945311 0.277057 -0.172122
vn -0.836771 0.543581 -0.065831
vn -0.844320 0.484473 -0.228930
vn -0.666693 0.726583 -0.166123
vn -0.694225 0.645975 -0.317438
vn -0.457623 0.839644 -0.292539
vn -0.509719 0.745751 -0.429001
vn -0.230008 0.871704 -0.432698
vn -0.308847 0.774047 -0.552689
vn -0.006148 0.819618 -0.572877
vn -0.111288 0.728081 -0.676397
vn 0.192054 0.688491 -0.699353
vn 0.063622 0.612355 -0.788019
vn 0.345199 0.491132 -0.799767
vn 0.198769 0.438188 -0.876631
vn 0.438278 0.246887 -0.864268
vn 0.280916 0.222649 -0.933549
vn 0.462190 -0.020343 -0.886548
vn 0.302021 -0.013185 -0.953210
vn 0.414599 -0.284404 -0.864420
vn 0.260029 -0.246219 -0.933681
vn 0.300170 -0.519412 -0.800068
vn 0.159043 -0.453627 -0.876885
vn -0.264596 -0.349422 -0.898829
vn -0.373048 -0.408065 -0.833258
vn -0.491110 -0.424693 -0.760556
vn -0.607229 -0.397676 -0.687842
vn -0.710040 -0.329650 -0.622233
vn -0.789472 -0.227286 -0.570153
vn -0.837757 -0.100598 -0.536697
vn -0.850165 0.038023 -0.525142
vn -0.825480 0.174987 -0.536620
vn -0.766122 0.296903 -0.570004
vn -0.677903 0.391830 -0.622027
vn -0.569451 0.450475 -0.687603
vn -0.451385 0.467105 -0.760305
vn -0.335266 0.440090 -0.833017
vn -0.232460 0.372064 -0.898627
vn -0.153026 0.269696 -0.950709
vn -0.104740 0.143012 -0.984163
vn -0.092333 0.004394 -0.995719
vn -0.117005 -0.132576 -0.984243
vn -0.176366 -0.254492 -0.950857
vn -0.547403 0.061958 -0.834573
vn -0.536200 0.068014 -0.841347
vn -0.524004 0.069732 -0.848857
vn -0.512009 0.066945 -0.856368
vn -0.501390 0.059912 -0.863145
vn -0.493182 0.049341 -0.868526
vn -0.488198 0.036256 -0.871980
vn -0.486915 0.021936 -0.873174
vn -0.489465 0.007787 -0.871988
vn -0.495597 -0.004806 -0.868539
vn -0.504711 -0.014610 -0.863165
vn -0.515912 -0.020669 -0.856392
vn -0.528107 -0.022387 -0.848883
vn -0.540102 -0.019595 -0.841372
vn -0.550721 -0.012567 -0.834595
vn -0.558928 -0.001997 -0.829214
vn -0.563915 0.011091 -0.825759
vn -0.565199 0.025408 -0.824563
vn -0.562644 0.039558 -0.825752
vn -0.556514 0.052152 -0.829199
vn -0.689163 0.444170 -0.572509
vn -0.565155 0.511231 -0.647489
vn -0.430153 0.530246 -0.730622
vn -0.297375 0.499352 -0.813766
vn -0.179819 0.421569 -0.888788
vn -0.088990 0.304519 -0.948340
vn -0.033781 0.159655 -0.986595
vn -0.019594 0.001155 -0.999807
vn -0.047818 -0.155463 -0.986684
vn -0.115690 -0.294866 -0.948509
vn -0.216567 -0.403412 -0.889021
vn -0.340578 -0.470469 -0.814043
vn -0.475578 -0.489485 -0.730911
vn -0.608353 -0.458592 -0.647765
vn -0.725912 -0.380808 -0.572746
vn -0.816740 -0.263762 -0.513191
vn -0.871952 -0.118893 -0.474936
vn -0.886139 0.039606 -0.461724
vn -0.857914 0.196213 -0.474851
vn -0.790041 0.335620 -0.513024
vn -0.689370 0.667725 -0.280913
vn -0.498266 0.771069 -0.396463
vn -0.290222 0.800372 -0.524572
vn -0.085603 0.752761 -0.652705
vn 0.095560 0.632898 -0.768315
vn 0.235534 0.452516 -0.860089
vn 0.320618 0.229269 -0.919043
vn 0.342483 -0.014997 -0.939404
vn 0.298987 -0.256354 -0.919179
vn 0.194390 -0.471175 -0.860353
vn 0.038929 -0.638455 -0.768674
vn -0.152180 -0.741800 -0.653127
vn -0.360225 -0.771096 -0.525023
vn -0.564845 -0.723486 -0.396885
vn -0.746005 -0.603626 -0.281271
vn -0.885976 -0.423246 -0.189498
vn -0.971062 -0.199992 -0.130544
vn -0.992926 0.044263 -0.110181
vn -0.949432 0.285611 -0.130406
vn -0.844832 0.500449 -0.189235
vn -0.630754 0.774788 -0.043055
vn -0.406723 0.895940 -0.178516
vn -0.162830 0.930292 -0.328700
vn 0.077043 0.874479 -0.478906
vn 0.289421 0.733964 -0.614437
vn 0.453516 0.522497 -0.722025
vn 0.553259 0.260785 -0.791136
vn 0.578890 -0.025558 -0.815005
vn 0.527901 -0.308502 -0.791295
vn 0.405284 -0.560342 -0.722331
vn 0.223038 -0.756441 -0.614859
vn -0.000998 -0.877594 -0.479403
vn -0.244892 -0.911944 -0.329220
vn -0.484766 -0.856130 -0.179010
vn -0.697143 -0.715613 -0.043477
vn -0.861232 -0.504152 0.064111
vn -0.960976 -0.242437 0.133224
vn -0.986607 0.043904 0.157096
vn -0.935618 0.326844 0.133389
vn -0.812999 0.578690 0.064422
vn -0.552614 0.820348 0.147128
vn -0.313851 0.949468 0.002760
vn -0.053924 0.986078 -0.157298
vn 0.201724 0.926594 -0.317382
vn 0.428064 0.776838 -0.461826
vn 0.602943 0.551469 -0.576490
vn 0.709244 0.272549 -0.650147
vn 0.736559 -0.032622 -0.675586
vn 0.682218 -0.334165 -0.650317
vn 0.551539 -0.602568 -0.576816
vn 0.357310 -0.811560 -0.462276
vn 0.118548 -0.940679 -0.317913
vn -0.141378 -0.977290 -0.157853
vn -0.397028 -0.917804 0.002233
vn -0.623371 -0.768047 0.146675
vn -0.798247 -0.542684 0.261335
vn -0.904550 -0.263760 0.334991
vn -0.931867 0.041412 0.360429
vn -0.877525 0.342951 0.335164
vn -0.746844 0.611355 0.261667
vn -0.462993 0.830355 0.310077
vn -0.220015 0.961753 0.163169
vn 0.044501 0.999009 0.000284
vn 0.304659 0.938475 -0.162628
vn 0.534993 0.786077 -0.309622
vn 0.712959 0.556732 -0.426308
vn 0.821138 0.272889 -0.501262
vn 0.848940 -0.037672 -0.527146
vn 0.793638 -0.344536 -0.501432
vn 0.660649 -0.617675 -0.426640
vn 0.462992 -0.830355 -0.310080
vn 0.220014 -0.961754 -0.163166
vn -0.044500 -0.999009 -0.000283
vn -0.304660 -0.938474 0.162630
vn -0.534994 -0.786076 0.309621
vn -0.712959 -0.556733 0.426306
vn -0.821139 -0.272886 0.501262
vn -0.848938 0.037668 0.527148
vn -0.793638 0.344529 0.501436
vn -0.660651 0.617673 0.426637
vn -0.357312 0.811558 0.462279
vn -0.118545 0.940680 0.317911
vn 0.141381 0.977289 0.157853
vn 0.397028 0.917804 -0.002234
vn 0.623369 0.768048 -0.146675
vn 0.798250 0.542681 -0.261332
vn 0.904551 0.263766 -0.334984
vn 0.931869 -0.041410 -0.360424
vn 0.877525 -0.342958 -0.335156
vn 0.746847 -0.611355 -0.261658
vn 0.552617 -0.820348 -0.147123
vn 0.313850 -0.949469 -0.002761
vn 0.053924 -0.986078 0.157299
vn -0.201723 -0.926592 0.317387
vn -0.428062 -0.776839 0.461828
vn -0.602943 -0.551470 0.576490
vn -0.709245 -0.272550 0.650145
vn -0.736563 0.032617 0.675582
vn -0.682219 0.334165 0.650315
vn -0.551542 0.602564 0.576818
vn -0.223034 0.756440 0.614862
vn 0.000999 0.877596 0.479400
vn 0.244890 0.911945 0.329218
vn 0.484765 0.856130 0.179010
vn 0.697141 0.715615 0.043479
vn 0.861235 0.504147 -0.064108
vn 0.960977 0.242439 -0.133215
vn 0.986608 -0.043904 -0.157088
vn 0.935617 -0.326848 -0.133383
vn 0.813001 -0.578687 -0.064416
vn 0.630757 -0.774785 0.043055
vn 0.406720 -0.895942 0.178513
vn 0.162830 -0.930292 0.328698
vn -0.077044 -0.874478 0.478908
vn -0.289422 -0.733962 0.614439
vn -0.453516 -0.522496 0.722026
vn -0.553258 -0.260790 0.791135
vn -0.578891 0.025556 0.815005
vn -0.527901 0.308502 0.791295
vn -0.405282 0.560338 0.722335
vn -0.038930 0.638456 0.768673
vn 0.152176 0.741800 0.653128
vn 0.360223 0.771102 0.525016
vn 0.564839 0.723492 0.396883
vn 0.746002 0.603629 0.281272
vn 0.885982 0.423234 0.189496
vn 0.971062 0.199989 0.130547
vn 0.992925 -0.044258 0.110188
vn 0.949429 -0.285619 0.130409
vn 0.844833 -0.500447 0.189235
vn 0.689371 -0.667724 0.280912
vn 0.498265 -0.771071 0.396461
vn 0.290222 -0.800369 0.524577
vn 0.085602 -0.752759 0.652707
vn -0.095558 -0.632898 0.768316
vn -0.235533 -0.452511 0.860092
vn -0.320615 -0.229267 0.919044
vn -0.342477 0.014988 0.939407
vn -0.298985 0.256345 0.919182
vn -0.194393 0.471177 0.860351
vn 0.216564 0.403414 0.889020
vn 0.340575 0.470475 0.814040
vn 0.475576 0.489490 0.730908
vn 0.608353 0.458595 0.647763
vn 0.725911 0.380811 0.572745
vn 0.816743 0.263750 0.513193
vn 0.871952 0.118895 0.474936
vn 0.886141 -0.039597 0.461720
vn 0.857917 -0.196222 0.474843
vn 0.790042 -0.335623 0.513022
vn 0.689164 -0.444168 0.572509
vn 0.565153 -0.511233 0.647490
vn 0.430155 -0.530241 0.730623
vn 0.297376 -0.499350 0.813767
vn 0.179818 -0.421575 0.888786
vn 0.088987 -0.304520 0.948340
vn 0.033778 -0.159654 0.986595
vn 0.019590 -0.001157 0.999807
vn 0.047813 0.155459 0.986685
vn 0.115686 0.294868 0.948509
vn 0.504708 0.014612 0.863166
vn 0.515911 0.020669 0.856393
vn 0.528108 0.022384 0.848882
vn 0.540102 0.019596 0.841371
vn 0.550721 0.012571 0.834595
vn 0.558927 0.001996 0.829214
vn 0.563913 -0.011089 0.825760
vn 0.565197 -0.025409 0.824564
vn 0.562646 -0.039556 0.825751
vn 0.556517 -0.052150 0.829198
vn 0.547401 -0.061956 0.834574
vn 0.536199 -0.068019 0.841346
vn 0.524003 -0.069734 0.848857
vn 0.512010 -0.066943 0.856367
vn 0.501389 -0.059917 0.863145
vn 0.493182 -0.049343 0.868526
vn 0.488197 -0.036255 0.871980
vn 0.486913 -0.021934 0.873175
vn 0.489465 -0.007786 0.871988
vn 0.495596 0.004805 0.868540
vn 0.677901 -0.391831 0.622028
vn 0.569449 -0.450480 0.687602
vn 0.451384 -0.467112 0.760302
vn 0.335265 -0.440094 0.833016
vn 0.232457 -0.372069 0.898626
vn 0.153022 -0.269699 0.950709
vn 0.104732 -0.143008 0.984165
vn 0.092330 -0.004395 0.995719
vn 0.117012 0.132574 0.984242
vn 0.176374 0.254487 0.950857
vn 0.264593 0.349419 0.898831
vn 0.373047 0.408067 0.833257
vn 0.491111 0.424692 0.760556
vn 0.607230 0.397676 0.687841
vn 0.710039 0.329657 0.622231
vn 0.789475 0.227287 0.570149
vn 0.837762 0.100594 0.536690
vn 0.850168 -0.038016 0.525137
vn 0.825487 -0.174985 0.536610
vn 0.766126 -0.296900 0.570001
vn 0.694232 -0.645971 0.317432
vn 0.509717 -0.745755 0.428997
vn 0.308845 -0.774050 0.552685
vn 0.111286 -0.728087 0.676391
vn -0.063621 -0.612351 0.788022
vn -0.198766 -0.438191 0.876630
vn -0.280919 -0.222642 0.933550
vn -0.302028 0.013183 0.953208
vn -0.260033 0.246208 0.933683
vn -0.159044 0.453636 0.876881
vn -0.008950 0.615138 0.788369
vn 0.175564 0.714919 0.676808
vn 0.376430 0.743212 0.553116
vn 0.573988 0.697245 0.429403
vn 0.748902 0.581516 0.317782
vn 0.884053 0.407345 0.229174
vn 0.966200 0.191800 0.172251
vn 0.987309 -0.044014 0.152594
vn 0.945314 -0.277050 0.172118
vn 0.844326 -0.484468 0.228919
vn 0.666706 -0.726569 0.166134
vn 0.457622 -0.839642 0.292549
vn 0.230007 -0.871705 0.432697
vn 0.006146 -0.819622 0.572871
vn -0.192049 -0.688476 0.699370
vn -0.345183 -0.491126 0.799777
vn -0.438268 -0.246887 0.864273
vn -0.462193 0.020332 0.886546
vn -0.414614 0.284385 0.864419
vn -0.300181 0.519433 0.800051
vn -0.130104 0.702430 0.699760
vn 0.078981 0.815498 0.573345
vn 0.306590 0.847559 0.433182
vn 0.530446 0.795473 0.293000
vn 0.728651 0.664333 0.166525
vn 0.881797 0.466971 0.066120
vn 0.974877 0.222738 0.001617
vn 0.998797 -0.044471 -0.020653
vn 0.951209 -0.308543 0.001481
vn 0.836778 -0.543569 0.065841
vn 0.362738 -0.927610 0.089227
vn 0.595362 -0.801810 -0.051428
vn 0.556861 -0.819012 -0.138292
vn 0.318548 -0.947889 0.005798
vn 0.109496 -0.963278 0.245167
vn 0.059120 -0.984428 0.165551
vn -0.139580 -0.905328 0.401122
vn -0.196043 -0.925055 0.325331
vn -0.360088 -0.759431 0.541850
vn -0.421944 -0.775593 0.469488
vn -0.530452 -0.539863 0.653582
vn -0.596485 -0.550655 0.583939
vn -0.634024 -0.268099 0.725353
vn -0.702581 -0.272271 0.657456
vn -0.660645 0.029252 0.750129
vn -0.729852 0.032326 0.682841
vn -0.607701 0.323023 0.725504
vn -0.675614 0.333301 0.657614
vn -0.480389 0.584498 0.653902
vn -0.545186 0.601173 0.584263
vn -0.291153 0.788120 0.542307
vn -0.351321 0.809770 0.469942
vn -0.058536 0.913917 0.401657
vn -0.113018 0.938639 0.325858
vn 0.194704 0.949587 0.245713
vn 0.146415 0.975177 0.166108
vn 0.443772 0.891634 0.089746
vn 0.401575 0.915805 0.006329
vn 0.664310 0.745717 -0.050984
vn 0.627488 0.766329 -0.137838
vn 0.834682 0.526157 -0.162680
vn 0.802023 0.541403 -0.252274
vn 0.938246 0.254431 -0.234432
vn 0.908115 0.263032 -0.325794
vn 0.964863 -0.042891 -0.259231
vn 0.935382 -0.041551 -0.351190
vn 0.911909 -0.336708 -0.234629
vn 0.881144 -0.342534 -0.325968
vn 0.784592 -0.598195 -0.163026
vn 0.750712 -0.610426 -0.252609
vn -0.179453 -0.566988 -0.803941
vn -0.179453 -0.566988 -0.803941
vn -0.179453 -0.566988 -0.803941
vn -0.179453 -0.566988 -0.803941
vn -0.345142 -0.622075 -0.702780
vn -0.345142 -0.622075 -0.702780
vn -0.345142 -0.622075 -0.702780
vn -0.345142 -0.622075 -0.702780
vn -0.516454 -0.614462 -0.596415
vn -0.516454 -0.614462 -0.596415
vn -0.516454 -0.614462 -0.596415
vn -0.516454 -0.614462 -0.596415
vn -0.676600 -0.544938 -0.495233
vn -0.676600 -0.544938 -0.495233
vn -0.676600 -0.544938 -0.495233
vn -0.676600 -0.544938 -0.495233
vn -0.809912 -0.420284 -0.409150
vn -0.809912 -0.420284 -0.409150
vn -0.809912 -0.420284 -0.409150
vn -0.809912 -0.420284 -0.409150
vn -0.903324 -0.252776 -0.346568
vn -0.903325 -0.252776 -0.346568
vn -0.903325 -0.252776 -0.346568
vn -0.903324 -0.252776 -0.346568
vn -0.947727 -0.058673 -0.313641
vn -0.947727 -0.058673 -0.313641
vn -0.947727 -0.058673 -0.313641
vn -0.947727 -0.058673 -0.313641
vn -0.938749 0.142885 -0.313581
vn -0.938749 0.142885 -0.313581
vn -0.938749 0.142885 -0.313582
vn -0.938749 0.142885 -0.313582
vn -0.877264 0.332282 -0.346405
vn -0.877264 0.332282 -0.346405
vn -0.877264 0.332282 -0.346405
vn -0.877264 0.332282 -0.346405
vn -0.769313 0.490895 -0.408876
vn -0.769313 0.490895 -0.408876
vn -0.769313 0.490895 -0.408876
vn -0.769313 0.490895 -0.408876
vn -0.625472 0.603202 -0.494907
vn -0.625472 0.603202 -0.494907
vn -0.625472 0.603202 -0.494907
vn -0.625472 0.603202 -0.494907
vn -0.459751 0.658294 -0.596051
vn -0.459751 0.658294 -0.596051
vn -0.459751 0.658295 -0.596051
vn -0.459751 0.658295 -0.596051
vn -0.288450 0.650697 -0.702418
vn -0.288450 0.650697 -0.702418
vn -0.288450 0.650697 -0.702418
vn -0.288450 0.650697 -0.702418
vn -0.128312 0.581173 -0.803601
vn -0.128312 0.581173 -0.803601
vn -0.128312 0.581173 -0.803601
vn -0.128312 0.581173 -0.803601
vn 0.004990 0.456521 -0.889699
vn 0.004990 0.456521 -0.889699
vn 0.004990 0.456521 -0.889699
vn 0.004990 0.456521 -0.889699
vn 0.098422 0.288972 -0.952265
vn 0.098422 0.288972 -0.952265
vn 0.098422 0.288972 -0.952265
vn 0.098422 0.288972 -0.952265
vn 0.142823 0.094894 -0.985189
vn 0.142823 0.094894 -0.985189
vn 0.142823 0.094894 -0.985189
vn 0.142823 0.094894 -0.985189
vn 0.133848 -0.106663 -0.985245
vn 0.133848 -0.106663 -0.985245
vn 0.133848 -0.106663 -0.985245
vn 0.133848 -0.106663 -0.985245
vn 0.072357 -0.296060 -0.952425
vn 0.072357 -0.296060 -0.952425
vn 0.072357 -0.296060 -0.952425
vn 0.072357 -0.296060 -0.952425
vn -0.035580 -0.454675 -0.889947
vn -0.035580 -0.454675 -0.889947
vn -0.035580 -0.454675 -0.889947
vn -0.035580 -0.454675 -0.889947
vn 0.625444 -0.603236 0.494900
vn 0.625444 -0.603236 0.494900
vn 0.625444 -0.603236 0.494900
vn 0.625444 -0.603236 0.494900
vn 0.459752 -0.658297 0.596048
vn 0.459752 -0.658297 0.596048
vn 0.459752 -0.658297 0.596048
vn 0.459752 -0.658297 0.596048
vn 0.288454 -0.650682 0.702430
vn 0.288454 -0.650682 0.702430
vn 0.288454 -0.650682 0.702430
vn 0.288454 -0.650682 0.702430
vn 0.128307 -0.581162 0.803609
vn 0.128307 -0.581162 0.803609
vn 0.128307 -0.581162 0.803609
vn 0.128307 -0.581162 0.803609
vn -0.005000 -0.456547 0.889685
vn -0.005000 -0.456547 0.889685
vn -0.005000 -0.456547 0.889685
vn -0.005000 -0.456547 0.889685
vn -0.098433 -0.288976 0.952263
vn -0.098433 -0.288976 0.952263
vn -0.098433 -0.288976 0.952263
vn -0.098433 -0.288976 0.952263
vn -0.142823 -0.094918 0.985186
vn -0.142823 -0.094918 0.985186
vn -0.142823 -0.094918 0.985186
vn -0.142823 -0.094918 0.985186
vn -0.133839 0.106686 0.985244
vn -0.133839 0.106686 0.985244
vn -0.133839 0.106686 0.985244
vn -0.133839 0.106686 0.985244
vn -0.072368 0.296064 0.952423
vn -0.072368 0.296064 0.952423
vn -0.072368 0.296064 0.952423
vn -0.072368 0.296064 0.952423
vn 0.035585 0.454674 0.889947
vn 0.035585 0.454674 0.889947
vn 0.035585 0.454675 0.889947
vn 0.035585 0.454674 0.889947
vn 0.179452 0.567015 0.803923
vn 0.179452 0.567015 0.803923
vn 0.179452 0.567015 0.803923
vn 0.179452 0.567015 0.803923
vn 0.345141 0.622082 0.702774
vn 0.345141 0.622082 0.702774
vn 0.345141 0.622082 0.702774
vn 0.345141 0.622082 0.702774
vn 0.516456 0.614455 0.596421
vn 0.516456 0.614455 0.596421
vn 0.516456 0.614455 0.596421
vn 0.516456 0.614455 0.596421
vn 0.676588 0.544962 0.495222
vn 0.676588 0.544962 0.495222
vn 0.676588 0.544962 0.495222
vn 0.676588 0.544962 0.495222
vn 0.809907 0.420308 0.409135
vn 0.809907 0.420308 0.409135
vn 0.809907 0.420308 0.409135
vn 0.809907 0.420308 0.409135
vn 0.903333 0.252757 0.346561
vn 0.903333 0.252757 0.346561
vn 0.903333 0.252757 0.346561
vn 0.903333 0.252757 0.346561
vn 0.947726 0.058697 0.313641
vn 0.947726 0.058697 0.313641
vn 0.947726 0.058697 0.313641
vn 0.947726 0.058697 0.313641
vn 0.938743 -0.142907 0.313590
vn 0.938743 -0.142907 0.313590
vn 0.938743 -0.142907 0.313590
vn 0.938743 -0.142907 0.313590
vn 0.877272 -0.332266 0.346400
vn 0.877272 -0.332266 0.346400
vn 0.877272 -0.332266 0.346400
vn 0.877272 -0.332266 0.346400
vn 0.769324 -0.490875 0.408879
vn 0.769324 -0.490875 0.408879
vn 0.769324 -0.490875 0.408879
vn 0.769324 -0.490875 0.408879
s 1
g _full_skateboard _group1 _group2 _nurbsCircle2 _wheel2
usemtl _lambert2SG
f 2592/3373/3377 2591/3374/3378 2593/3375/3379 2594/3376/3380
f 2595/3381/3381 2592/3373/3377 2594/3376/3380 2596/3382/3382
f 2597/3389/3383 2595/3381/3381 2596/3382/3382 2598/3390/3384
f 2599/3399/3385 2597/3389/3383 2598/3390/3384 2600/3400/3386
f 2601/3110/3387 2599/3115/3385 2600/3116/3386 2602/3111/3388
f 2603/3109/3389 2601/3110/3387 2602/3111/3388 2604/3112/3390
f 2605/3119/3391 2603/3109/3389 2604/3112/3390 2606/3120/3392
f 2607/3129/3393 2605/3119/3391 2606/3120/3392 2608/3130/3394
f 2609/3140/3395 2607/3129/3393 2608/3130/3394 2610/3141/3396
f 2611/3154/3397 2609/3140/3395 2610/3141/3396 2612/3155/3398
f 2613/3428/3399 2611/3429/3397 2612/3430/3398 2614/3431/3400
f 2615/3436/3401 2613/3428/3399 2614/3431/3400 2616/3437/3402
f 2617/3444/3403 2615/3436/3401 2616/3437/3402 2618/3445/3404
f 2619/3454/3405 2617/3444/3403 2618/3445/3404 2620/3455/3406
f 2621/3183/3407 2619/3188/3405 2620/3189/3406 2622/3184/3408
f 2623/3182/3409 2621/3183/3407 2622/3184/3408 2624/3185/3410
f 2625/3192/3411 2623/3182/3409 2624/3185/3410 2626/3193/3412
f 2627/3202/3413 2625/3192/3411 2626/3193/3412 2628/3203/3414
f 2629/3213/3415 2627/3202/3413 2628/3203/3414 2630/3214/3416
f 2591/3227/3378 2629/3213/3415 2630/3214/3416 2593/3228/3379
f 2594/3376/3380 2593/3375/3379 2631/3379/3417 2632/3380/3418
f 2596/3382/3382 2594/3376/3380 2632/3380/3418 2633/3388/3419
f 2598/3390/3384 2596/3382/3382 2633/3388/3419 2634/3398/3420
f 2600/3400/3386 2598/3390/3384 2634/3398/3420 2635/3410/3421
f 2602/3111/3388 2600/3116/3386 2635/3125/3421 2636/3117/3422
f 2604/3112/3390 2602/3111/3388 2636/3117/3422 2637/3118/3423
f 2606/3120/3392 2604/3112/3390 2637/3118/3423 2638/3128/3424
f 2608/3130/3394 2606/3120/3392 2638/3128/3424 2639/3139/3425
f 2610/3141/3396 2608/3130/3394 2639/3139/3425 2640/3153/3426
f 2612/3155/3398 2610/3141/3396 2640/3153/3426 2641/3167/3427
f 2614/3431/3400 2612/3430/3398 2641/3434/3427 2642/3435/3428
f 2616/3437/3402 2614/3431/3400 2642/3435/3428 2643/3443/3429
f 2618/3445/3404 2616/3437/3402 2643/3443/3429 2644/3453/3430
f 2620/3455/3406 2618/3445/3404 2644/3453/3430 2645/3465/3431
f 2622/3184/3408 2620/3189/3406 2645/3198/3431 2646/3190/3432
f 2624/3185/3410 2622/3184/3408 2646/3190/3432 2647/3191/3433
f 2626/3193/3412 2624/3185/3410 2647/3191/3433 2648/3201/3434
f 2628/3203/3414 2626/3193/3412 2648/3201/3434 2649/3212/3435
f 2630/3214/3416 2628/3203/3414 2649/3212/3435 2650/3226/3436
f 2593/3228/3379 2630/3214/3416 2650/3226/3436 2631/3240/3417
s 2
f 2252/3387/3437 2251/3386/3438 2271/3395/3439 2272/3396/3440
f 2253/3397/3441 2252/3387/3437 2272/3396/3440 2273/3408/3442
f 2254/3409/3443 2253/3397/3441 2273/3408/3442 2274/3417/3444
f 2255/3418/3445 2254/3409/3443 2274/3417/3444 2275/3423/3446
f 2256/3126/3447 2255/3147/3445 2275/3148/3446 2276/3136/3448
f 2257/3127/3449 2256/3126/3447 2276/3136/3448 2277/3137/3450
f 2258/3138/3451 2257/3127/3449 2277/3137/3450 2278/3151/3452
f 2259/3152/3453 2258/3138/3451 2278/3151/3452 2279/3165/3454
f 2260/3166/3455 2259/3152/3453 2279/3165/3454 2280/3173/3456
f 2261/3177/3457 2260/3166/3455 2280/3173/3456 2281/3178/3458
f 2262/3442/3459 2261/3441/3457 2281/3450/3458 2282/3451/3460
f 2263/3452/3461 2262/3442/3459 2282/3451/3460 2283/3463/3462
f 2264/3464/3463 2263/3452/3461 2283/3463/3462 2284/3472/3464
f 2265/3473/3465 2264/3464/3463 2284/3472/3464 2285/3478/3466
f 2266/3199/3467 2265/3220/3465 2285/3221/3466 2286/3209/3468
f 2267/3200/3469 2266/3199/3467 2286/3209/3468 2287/3210/3470
f 2268/3211/3471 2267/3200/3469 2287/3210/3470 2288/3224/3472
f 2269/3225/3473 2268/3211/3471 2288/3224/3472 2289/3238/3474
f 2270/3239/3475 2269/3225/3473 2289/3238/3474 2290/3246/3476
f 2251/3250/3438 2270/3239/3475 2290/3246/3476 2271/3251/3439
f 2272/3396/3440 2271/3395/3439 2291/3406/3477 2292/3407/3478
f 2273/3408/3442 2272/3396/3440 2292/3407/3478 2293/3416/3479
f 2274/3417/3444 2273/3408/3442 2293/3416/3479 2294/3422/3480
f 2275/3423/3446 2274/3417/3444 2294/3422/3480 2295/3426/3481
f 2276/3573/3448 2275/3574/3446 2295/3575/3481 2296/3576/3482
f 2277/3137/3450 2276/3136/3448 2296/3149/3482 2297/3150/3483
f 2278/3151/3452 2277/3137/3450 2297/3150/3483 2298/3164/3484
f 2279/3165/3454 2278/3151/3452 2298/3164/3484 2299/3172/3485
f 2280/3173/3456 2279/3165/3454 2299/3172/3485 2300/3176/3486
f 2281/3617/3458 2280/3618/3456 2300/3603/3486 2301/3609/3487
f 2282/3451/3460 2281/3450/3458 2301/3461/3487 2302/3462/3488
f 2283/3463/3462 2282/3451/3460 2302/3462/3488 2303/3471/3489
f 2284/3472/3464 2283/3463/3462 2303/3471/3489 2304/3477/3490
f 2285/3478/3466 2284/3472/3464 2304/3477/3490 2305/3481/3491
f 2286/3645/3468 2285/3646/3466 2305/3641/3491 2306/3637/3492
f 2287/3210/3470 2286/3209/3468 2306/3222/3492 2307/3223/3493
f 2288/3224/3472 2287/3210/3470 2307/3223/3493 2308/3237/3494
f 2289/3238/3474 2288/3224/3472 2308/3237/3494 2309/3245/3495
f 2290/3246/3476 2289/3238/3474 2309/3245/3495 2310/3249/3496
f 2271/3611/3439 2290/3612/3476 2310/3605/3496 2291/3599/3477
f 2292/3593/3478 2291/3599/3477 2311/3600/3497 2312/3594/3498
f 2293/3585/3479 2292/3593/3478 2312/3594/3498 2313/3586/3499
f 2294/3579/3480 2293/3585/3479 2313/3586/3499 2314/3580/3500
f 2295/3575/3481 2294/3579/3480 2314/3580/3500 2315/3577/3501
f 2296/3576/3482 2295/3575/3481 2315/3577/3501 2316/3578/3502
f 2297/3583/3483 2296/3576/3482 2316/3578/3502 2317/3584/3503
f 2298/3591/3484 2297/3583/3483 2317/3584/3503 2318/3592/3504
f 2299/3597/3485 2298/3591/3484 2318/3592/3504 2319/3598/3505
f 2300/3603/3486 2299/3597/3485 2319/3598/3505 2320/3604/3506
f 2301/3609/3487 2300/3603/3486 2320/3604/3506 2321/3610/3507
f 2302/3619/3488 2301/3609/3487 2321/3610/3507 2322/3620/3508
f 2303/3629/3489 2302/3619/3488 2322/3620/3508 2323/3630/3509
f 2304/3635/3490 2303/3629/3489 2323/3630/3509 2324/3636/3510
f 2305/3641/3491 2304/3635/3490 2324/3636/3510 2325/3642/3511
f 2306/3637/3492 2305/3641/3491 2325/3642/3511 2326/3638/3512
f 2307/3631/3493 2306/3637/3492 2326/3638/3512 2327/3632/3513
f 2308/3621/3494 2307/3631/3493 2327/3632/3513 2328/3622/3514
f 2309/3613/3495 2308/3621/3494 2328/3622/3514 2329/3614/3515
f 2310/3605/3496 2309/3613/3495 2329/3614/3515 2330/3606/3516
f 2291/3599/3477 2310/3605/3496 2330/3606/3516 2311/3600/3497
f 2312/3594/3498 2311/3600/3497 2331/3607/3517 2332/3601/3518
f 2313/3586/3499 2312/3594/3498 2332/3601/3518 2333/3595/3519
f 2314/3580/3500 2313/3586/3499 2333/3595/3519 2334/3587/3520
f 2315/3577/3501 2314/3580/3500 2334/3587/3520 2335/3581/3521
f 2316/3578/3502 2315/3577/3501 2335/3581/3521 2336/3582/3522
f 2317/3584/3503 2316/3578/3502 2336/3582/3522 2337/3590/3523
f 2318/3592/3504 2317/3584/3503 2337/3590/3523 2338/3596/3524
f 2319/3598/3505 2318/3592/3504 2338/3596/3524 2339/3602/3525
f 2320/3604/3506 2319/3598/3505 2339/3602/3525 2340/3608/3526
f 2321/3610/3507 2320/3604/3506 2340/3608/3526 2341/3616/3527
f 2322/3620/3508 2321/3610/3507 2341/3616/3527 2342/3628/3528
f 2323/3630/3509 2322/3620/3508 2342/3628/3528 2343/3634/3529
f 2324/3636/3510 2323/3630/3509 2343/3634/3529 2344/3640/3530
f 2325/3642/3511 2324/3636/3510 2344/3640/3530 2345/3644/3531
f 2326/3638/3512 2325/3642/3511 2345/3644/3531 2346/3643/3532
f 2327/3632/3513 2326/3638/3512 2346/3643/3532 2347/3639/3533
f 2328/3622/3514 2327/3632/3513 2347/3639/3533 2348/3633/3534
f 2329/3614/3515 2328/3622/3514 2348/3633/3534 2349/3623/3535
f 2330/3606/3516 2329/3614/3515 2349/3623/3535 2350/3615/3536
f 2311/3600/3497 2330/3606/3516 2350/3615/3536 2331/3607/3517
f 2332/3487/3518 2331/3488/3517 2351/3484/3537 2352/3483/3538
f 2333/3493/3519 2332/3487/3518 2352/3483/3538 2353/3491/3539
f 2334/3499/3520 2333/3493/3519 2353/3491/3539 2354/3497/3540
f 2335/3506/3521 2334/3499/3520 2354/3497/3540 2355/3504/3541
f 2336/3582/3522 2335/3581/3521 2355/3588/3541 2356/3589/3542
f 2337/3259/3523 2336/3260/3522 2356/3256/3542 2357/3255/3543
f 2338/3267/3524 2337/3259/3523 2357/3255/3543 2358/3265/3544
f 2339/3274/3525 2338/3267/3524 2358/3265/3544 2359/3272/3545
f 2340/3282/3526 2339/3274/3525 2359/3272/3545 2360/3280/3546
f 2341/3616/3527 2340/3608/3526 2360/3626/3546 2361/3627/3547
f 2342/3538/3528 2341/3539/3527 2361/3533/3547 2362/3532/3548
f 2343/3546/3529 2342/3538/3528 2362/3532/3548 2363/3540/3549
f 2344/3554/3530 2343/3546/3529 2363/3540/3549 2364/3547/3550
f 2345/3561/3531 2344/3554/3530 2364/3547/3550 2365/3555/3551
f 2346/3643/3532 2345/3644/3531 2365/3647/3551 2366/3648/3552
f 2347/3333/3533 2346/3341/3532 2366/3334/3552 2367/3327/3553
f 2348/3326/3534 2347/3333/3533 2367/3327/3553 2368/3320/3554
f 2349/3319/3535 2348/3326/3534 2368/3320/3554 2369/3315/3555
f 2350/3318/3536 2349/3319/3535 2369/3315/3555 2370/3314/3556
f 2331/3607/3517 2350/3615/3536 2370/3624/3556 2351/3625/3537
f 2352/3483/3538 2351/3484/3537 2371/3485/3557 2372/3486/3558
f 2353/3491/3539 2352/3483/3538 2372/3486/3558 2373/3492/3559
f 2354/3497/3540 2353/3491/3539 2373/3492/3559 2374/3498/3560
f 2355/3504/3541 2354/3497/3540 2374/3498/3560 2375/3505/3561
f 2356/3256/3542 2355/3261/3541 2375/3262/3561 2376/3257/3562
f 2357/3255/3543 2356/3256/3542 2376/3257/3562 2377/3258/3563
f 2358/3265/3544 2357/3255/3543 2377/3258/3563 2378/3266/3564
f 2359/3272/3545 2358/3265/3544 2378/3266/3564 2379/3273/3565
f 2360/3280/3546 2359/3272/3545 2379/3273/3565 2380/3281/3566
f 2361/3289/3547 2360/3280/3546 2380/3281/3566 2381/3290/3567
f 2362/3532/3548 2361/3533/3547 2381/3529/3567 2382/3528/3568
f 2363/3540/3549 2362/3532/3548 2382/3528/3568 2383/3536/3569
f 2364/3547/3550 2363/3540/3549 2383/3536/3569 2384/3544/3570
f 2365/3555/3551 2364/3547/3550 2384/3544/3570 2385/3552/3571
f 2366/3334/3552 2365/3342/3551 2385/3343/3571 2386/3335/3572
f 2367/3327/3553 2366/3334/3552 2386/3335/3572 2387/3328/3573
f 2368/3320/3554 2367/3327/3553 2387/3328/3573 2388/3321/3574
f 2369/3315/3555 2368/3320/3554 2388/3321/3574 2389/3316/3575
f 2370/3314/3556 2369/3315/3555 2389/3316/3575 2390/3317/3576
f 2351/3324/3537 2370/3314/3556 2390/3317/3576 2371/3325/3557
f 2372/3486/3558 2371/3485/3557 2391/3489/3577 2392/3490/3578
f 2373/3492/3559 2372/3486/3558 2392/3490/3578 2393/3496/3579
f 2374/3498/3560 2373/3492/3559 2393/3496/3579 2394/3503/3580
f 2375/3505/3561 2374/3498/3560 2394/3503/3580 2395/3511/3581
f 2376/3257/3562 2375/3262/3561 2395/3268/3581 2396/3263/3582
f 2377/3258/3563 2376/3257/3562 2396/3263/3582 2397/3264/3583
f 2378/3266/3564 2377/3258/3563 2397/3264/3583 2398/3271/3584
f 2379/3273/3565 2378/3266/3564 2398/3271/3584 2399/3279/3585
f 2380/3281/3566 2379/3273/3565 2399/3279/3585 2400/3288/3586
f 2381/3290/3567 2380/3281/3566 2400/3288/3586 2401/3297/3587
f 2382/3528/3568 2381/3529/3567 2401/3530/3587 2402/3531/3588
f 2383/3536/3569 2382/3528/3568 2402/3531/3588 2403/3537/3589
f 2384/3544/3570 2383/3536/3569 2403/3537/3589 2404/3545/3590
f 2385/3552/3571 2384/3544/3570 2404/3545/3590 2405/3553/3591
f 2386/3335/3572 2385/3343/3571 2405/3350/3591 2406/3344/3592
f 2387/3328/3573 2386/3335/3572 2406/3344/3592 2407/3336/3593
f 2388/3321/3574 2387/3328/3573 2407/3336/3593 2408/3329/3594
f 2389/3316/3575 2388/3321/3574 2408/3329/3594 2409/3322/3595
f 2390/3317/3576 2389/3316/3575 2409/3322/3595 2410/3323/3596
f 2371/3325/3557 2390/3317/3576 2410/3323/3596 2391/3332/3577
f 2392/3490/3578 2391/3489/3577 2411/3494/3597 2412/3495/3598
f 2393/3496/3579 2392/3490/3578 2412/3495/3598 2413/3502/3599
f 2394/3503/3580 2393/3496/3579 2413/3502/3599 2414/3510/3600
f 2395/3511/3581 2394/3503/3580 2414/3510/3600 2415/3516/3601
f 2396/3263/3582 2395/3268/3581 2415/3275/3601 2416/3269/3602
f 2397/3264/3583 2396/3263/3582 2416/3269/3602 2417/3270/3603
f 2398/3271/3584 2397/3264/3583 2417/3270/3603 2418/3278/3604
f 2399/3279/3585 2398/3271/3584 2418/3278/3604 2419/3287/3605
f 2400/3288/3586 2399/3279/3585 2419/3287/3605 2420/3296/3606
f 2401/3297/3587 2400/3288/3586 2420/3296/3606 2421/3304/3607
f 2402/3531/3588 2401/3530/3587 2421/3534/3607 2422/3535/3608
f 2403/3537/3589 2402/3531/3588 2422/3535/3608 2423/3543/3609
f 2404/3545/3590 2403/3537/3589 2423/3543/3609 2424/3551/3610
f 2405/3553/3591 2404/3545/3590 2424/3551/3610 2425/3560/3611
f 2406/3344/3592 2405/3350/3591 2425/3357/3611 2426/3351/3612
f 2407/3336/3593 2406/3344/3592 2426/3351/3612 2427/3345/3613
f 2408/3329/3594 2407/3336/3593 2427/3345/3613 2428/3337/3614
f 2409/3322/3595 2408/3329/3594 2428/3337/3614 2429/3330/3615
f 2410/3323/3596 2409/3322/3595 2429/3330/3615 2430/3331/3616
f 2391/3332/3577 2410/3323/3596 2430/3331/3616 2411/3340/3597
f 2412/3495/3598 2411/3494/3597 2431/3500/3617 2432/3501/3618
f 2413/3502/3599 2412/3495/3598 2432/3501/3618 2433/3509/3619
f 2414/3510/3600 2413/3502/3599 2433/3509/3619 2434/3515/3620
f 2415/3516/3601 2414/3510/3600 2434/3515/3620 2435/3521/3621
f 2416/3269/3602 2415/3275/3601 2435/3283/3621 2436/3276/3622
f 2417/3270/3603 2416/3269/3602 2436/3276/3622 2437/3277/3623
f 2418/3278/3604 2417/3270/3603 2437/3277/3623 2438/3286/3624
f 2419/3287/3605 2418/3278/3604 2438/3286/3624 2439/3295/3625
f 2420/3296/3606 2419/3287/3605 2439/3295/3625 2440/3303/3626
f 2421/3304/3607 2420/3296/3606 2440/3303/3626 2441/3308/3627
f 2422/3535/3608 2421/3534/3607 2441/3541/3627 2442/3542/3628
f 2423/3543/3609 2422/3535/3608 2442/3542/3628 2443/3550/3629
f 2424/3551/3610 2423/3543/3609 2443/3550/3629 2444/3559/3630
f 2425/3560/3611 2424/3551/3610 2444/3559/3630 2445/3566/3631
f 2426/3351/3612 2425/3357/3611 2445/3364/3631 2446/3358/3632
f 2427/3345/3613 2426/3351/3612 2446/3358/3632 2447/3352/3633
f 2428/3337/3614 2427/3345/3613 2447/3352/3633 2448/3346/3634
f 2429/3330/3615 2428/3337/3614 2448/3346/3634 2449/3338/3635
f 2430/3331/3616 2429/3330/3615 2449/3338/3635 2450/3339/3636
f 2411/3340/3597 2430/3331/3616 2450/3339/3636 2431/3349/3617
f 2432/3501/3618 2431/3500/3617 2451/3507/3637 2452/3508/3638
f 2433/3509/3619 2432/3501/3618 2452/3508/3638 2453/3514/3639
f 2434/3515/3620 2433/3509/3619 2453/3514/3639 2454/3520/3640
f 2435/3521/3621 2434/3515/3620 2454/3520/3640 2455/3524/3641
f 2436/3276/3622 2435/3283/3621 2455/3291/3641 2456/3284/3642
f 2437/3277/3623 2436/3276/3622 2456/3284/3642 2457/3285/3643
f 2438/3286/3624 2437/3277/3623 2457/3285/3643 2458/3294/3644
f 2439/3295/3625 2438/3286/3624 2458/3294/3644 2459/3302/3645
f 2440/3303/3626 2439/3295/3625 2459/3302/3645 2460/3307/3646
f 2441/3308/3627 2440/3303/3626 2460/3307/3646 2461/3311/3647
f 2442/3542/3628 2441/3541/3627 2461/3548/3647 2462/3549/3648
f 2443/3550/3629 2442/3542/3628 2462/3549/3648 2463/3558/3649
f 2444/3559/3630 2443/3550/3629 2463/3558/3649 2464/3565/3650
f 2445/3566/3631 2444/3559/3630 2464/3565/3650 2465/3569/3651
f 2446/3358/3632 2445/3364/3631 2465/3368/3651 2466/3365/3652
f 2447/3352/3633 2446/3358/3632 2466/3365/3652 2467/3359/3653
f 2448/3346/3634 2447/3352/3633 2467/3359/3653 2468/3353/3654
f 2449/3338/3635 2448/3346/3634 2468/3353/3654 2469/3347/3655
f 2450/3339/3636 2449/3338/3635 2469/3347/3655 2470/3348/3656
f 2431/3349/3617 2450/3339/3636 2470/3348/3656 2451/3356/3637
f 2452/3508/3638 2451/3507/3637 2471/3512/3657 2472/3513/3658
f 2453/3514/3639 2452/3508/3638 2472/3513/3658 2473/3519/3659
f 2454/3520/3640 2453/3514/3639 2473/3519/3659 2474/3523/3660
f 2455/3524/3641 2454/3520/3640 2474/3523/3660 2475/3526/3661
f 2456/3284/3642 2455/3291/3641 2475/3298/3661 2476/3292/3662
f 2457/3285/3643 2456/3284/3642 2476/3292/3662 2477/3293/3663
f 2458/3294/3644 2457/3285/3643 2477/3293/3663 2478/3301/3664
f 2459/3302/3645 2458/3294/3644 2478/3301/3664 2479/3306/3665
f 2460/3307/3646 2459/3302/3645 2479/3306/3665 2480/3310/3666
f 2461/3311/3647 2460/3307/3646 2480/3310/3666 2481/3313/3667
f 2462/3549/3648 2461/3548/3647 2481/3556/3667 2482/3557/3668
f 2463/3558/3649 2462/3549/3648 2482/3557/3668 2483/3564/3669
f 2464/3565/3650 2463/3558/3649 2483/3564/3669 2484/3568/3670
f 2465/3569/3651 2464/3565/3650 2484/3568/3670 2485/3571/3671
f 2466/3365/3652 2465/3368/3651 2485/3371/3671 2486/3369/3672
f 2467/3359/3653 2466/3365/3652 2486/3369/3672 2487/3366/3673
f 2468/3353/3654 2467/3359/3653 2487/3366/3673 2488/3360/3674
f 2469/3347/3655 2468/3353/3654 2488/3360/3674 2489/3354/3675
f 2470/3348/3656 2469/3347/3655 2489/3354/3675 2490/3355/3676
f 2451/3356/3637 2470/3348/3656 2490/3355/3676 2471/3363/3657
f 2472/3513/3658 2471/3512/3657 2491/3517/3677 2492/3518/3678
f 2473/3519/3659 2472/3513/3658 2492/3518/3678 2493/3522/3679
f 2474/3523/3660 2473/3519/3659 2493/3522/3679 2494/3525/3680
f 2475/3526/3661 2474/3523/3660 2494/3525/3680 2495/3527/3681
f 2476/3649/3662 2475/3650/3661 2495/3651/3681 2496/3652/3682
f 2477/3293/3663 2476/3292/3662 2496/3299/3682 2497/3300/3683
f 2478/3301/3664 2477/3293/3663 2497/3300/3683 2498/3305/3684
f 2479/3306/3665 2478/3301/3664 2498/3305/3684 2499/3309/3685
f 2480/3310/3666 2479/3306/3665 2499/3309/3685 2500/3312/3686
f 2481/3693/3667 2480/3694/3666 2500/3679/3686 2501/3685/3687
f 2482/3557/3668 2481/3556/3667 2501/3562/3687 2502/3563/3688
f 2483/3564/3669 2482/3557/3668 2502/3563/3688 2503/3567/3689
f 2484/3568/3670 2483/3564/3669 2503/3567/3689 2504/3570/3690
f 2485/3571/3671 2484/3568/3670 2504/3570/3690 2505/3572/3691
f 2486/3721/3672 2485/3722/3671 2505/3717/3691 2506/3713/3692
f 2487/3366/3673 2486/3369/3672 2506/3372/3692 2507/3370/3693
f 2488/3360/3674 2487/3366/3673 2507/3370/3693 2508/3367/3694
f 2489/3354/3675 2488/3360/3674 2508/3367/3694 2509/3361/3695
f 2490/3355/3676 2489/3354/3675 2509/3361/3695 2510/3362/3696
f 2471/3687/3657 2490/3688/3676 2510/3681/3696 2491/3675/3677
f 2492/3669/3678 2491/3675/3677 2511/3676/3697 2512/3670/3698
f 2493/3661/3679 2492/3669/3678 2512/3670/3698 2513/3662/3699
f 2494/3655/3680 2493/3661/3679 2513/3662/3699 2514/3656/3700
f 2495/3651/3681 2494/3655/3680 2514/3656/3700 2515/3653/3701
f 2496/3652/3682 2495/3651/3681 2515/3653/3701 2516/3654/3702
f 2497/3659/3683 2496/3652/3682 2516/3654/3702 2517/3660/3703
f 2498/3667/3684 2497/3659/3683 2517/3660/3703 2518/3668/3704
f 2499/3673/3685 2498/3667/3684 2518/3668/3704 2519/3674/3705
f 2500/3679/3686 2499/3673/3685 2519/3674/3705 2520/3680/3706
f 2501/3685/3687 2500/3679/3686 2520/3680/3706 2521/3686/3707
f 2502/3695/3688 2501/3685/3687 2521/3686/3707 2522/3696/3708
f 2503/3705/3689 2502/3695/3688 2522/3696/3708 2523/3706/3709
f 2504/3711/3690 2503/3705/3689 2523/3706/3709 2524/3712/3710
f 2505/3717/3691 2504/3711/3690 2524/3712/3710 2525/3718/3711
f 2506/3713/3692 2505/3717/3691 2525/3718/3711 2526/3714/3712
f 2507/3707/3693 2506/3713/3692 2526/3714/3712 2527/3708/3713
f 2508/3697/3694 2507/3707/3693 2527/3708/3713 2528/3698/3714
f 2509/3689/3695 2508/3697/3694 2528/3698/3714 2529/3690/3715
f 2510/3681/3696 2509/3689/3695 2529/3690/3715 2530/3682/3716
f 2491/3675/3677 2510/3681/3696 2530/3682/3716 2511/3676/3697
f 2512/3670/3698 2511/3676/3697 2531/3683/3717 2532/3677/3718
f 2513/3662/3699 2512/3670/3698 2532/3677/3718 2533/3671/3719
f 2514/3656/3700 2513/3662/3699 2533/3671/3719 2534/3663/3720
f 2515/3653/3701 2514/3656/3700 2534/3663/3720 2535/3657/3721
f 2516/3654/3702 2515/3653/3701 2535/3657/3721 2536/3658/3722
f 2517/3660/3703 2516/3654/3702 2536/3658/3722 2537/3666/3723
f 2518/3668/3704 2517/3660/3703 2537/3666/3723 2538/3672/3724
f 2519/3674/3705 2518/3668/3704 2538/3672/3724 2539/3678/3725
f 2520/3680/3706 2519/3674/3705 2539/3678/3725 2540/3684/3726
f 2521/3686/3707 2520/3680/3706 2540/3684/3726 2541/3692/3727
f 2522/3696/3708 2521/3686/3707 2541/3692/3727 2542/3704/3728
f 2523/3706/3709 2522/3696/3708 2542/3704/3728 2543/3710/3729
f 2524/3712/3710 2523/3706/3709 2543/3710/3729 2544/3716/3730
f 2525/3718/3711 2524/3712/3710 2544/3716/3730 2545/3720/3731
f 2526/3714/3712 2525/3718/3711 2545/3720/3731 2546/3719/3732
f 2527/3708/3713 2526/3714/3712 2546/3719/3732 2547/3715/3733
f 2528/3698/3714 2527/3708/3713 2547/3715/3733 2548/3709/3734
f 2529/3690/3715 2528/3698/3714 2548/3709/3734 2549/3699/3735
f 2530/3682/3716 2529/3690/3715 2549/3699/3735 2550/3691/3736
f 2511/3676/3697 2530/3682/3716 2550/3691/3736 2531/3683/3717
f 2532/3411/3718 2531/3412/3717 2551/3402/3737 2552/3401/3738
f 2533/3419/3719 2532/3411/3718 2552/3401/3738 2553/3413/3739
f 2534/3424/3720 2533/3419/3719 2553/3413/3739 2554/3420/3740
f 2535/3427/3721 2534/3424/3720 2554/3420/3740 2555/3425/3741
f 2536/3658/3722 2535/3657/3721 2555/3664/3741 2556/3665/3742
f 2537/3156/3723 2536/3157/3722 2556/3143/3742 2557/3142/3743
f 2538/3168/3724 2537/3156/3723 2557/3142/3743 2558/3160/3744
f 2539/3174/3725 2538/3168/3724 2558/3160/3744 2559/3169/3745
f 2540/3179/3726 2539/3174/3725 2559/3169/3745 2560/3175/3746
f 2541/3692/3727 2540/3684/3726 2560/3702/3746 2561/3703/3747
f 2542/3466/3728 2541/3467/3727 2561/3457/3747 2562/3456/3748
f 2543/3474/3729 2542/3466/3728 2562/3456/3748 2563/3468/3749
f 2544/3479/3730 2543/3474/3729 2563/3468/3749 2564/3475/3750
f 2545/3482/3731 2544/3479/3730 2564/3475/3750 2565/3480/3751
f 2546/3719/3732 2545/3720/3731 2565/3723/3751 2566/3724/3752
f 2547/3229/3733 2546/3230/3732 2566/3216/3752 2567/3215/3753
f 2548/3241/3734 2547/3229/3733 2567/3215/3753 2568/3233/3754
f 2549/3247/3735 2548/3241/3734 2568/3233/3754 2569/3242/3755
f 2550/3252/3736 2549/3247/3735 2569/3242/3755 2570/3248/3756
f 2531/3683/3717 2550/3691/3736 2570/3700/3756 2551/3701/3737
f 2552/3401/3738 2551/3402/3737 2571/3392/3757 2572/3391/3758
f 2553/3413/3739 2552/3401/3738 2572/3391/3758 2573/3403/3759
f 2554/3420/3740 2553/3413/3739 2573/3403/3759 2574/3414/3760
f 2555/3425/3741 2554/3420/3740 2574/3414/3760 2575/3421/3761
f 2556/3143/3742 2555/3158/3741 2575/3159/3761 2576/3132/3762
f 2557/3142/3743 2556/3143/3742 2576/3132/3762 2577/3131/3763
f 2558/3160/3744 2557/3142/3743 2577/3131/3763 2578/3144/3764
f 2559/3169/3745 2558/3160/3744 2578/3144/3764 2579/3161/3765
f 2560/3175/3746 2559/3169/3745 2579/3161/3765 2580/3170/3766
f 2561/3180/3747 2560/3175/3746 2580/3170/3766 2581/3181/3767
f 2562/3456/3748 2561/3457/3747 2581/3447/3767 2582/3446/3768
f 2563/3468/3749 2562/3456/3748 2582/3446/3768 2583/3458/3769
f 2564/3475/3750 2563/3468/3749 2583/3458/3769 2584/3469/3770
f 2565/3480/3751 2564/3475/3750 2584/3469/3770 2585/3476/3771
f 2566/3216/3752 2565/3231/3751 2585/3232/3771 2586/3205/3772
f 2567/3215/3753 2566/3216/3752 2586/3205/3772 2587/3204/3773
f 2568/3233/3754 2567/3215/3753 2587/3204/3773 2588/3217/3774
f 2569/3242/3755 2568/3233/3754 2588/3217/3774 2589/3234/3775
f 2570/3248/3756 2569/3242/3755 2589/3234/3775 2590/3243/3776
f 2551/3253/3737 2570/3248/3756 2590/3243/3776 2571/3254/3757
s 1
f 2652/3383/3777 2651/3384/3778 2653/3378/3779 2654/3377/3780
f 2655/3393/3781 2652/3383/3777 2654/3377/3780 2656/3385/3782
f 2657/3404/3783 2655/3393/3781 2656/3385/3782 2658/3394/3784
f 2659/3415/3785 2657/3404/3783 2658/3394/3784 2660/3405/3786
f 2661/3122/3787 2659/3133/3785 2660/3123/3786 2662/3114/3788
f 2663/3121/3789 2661/3122/3787 2662/3114/3788 2664/3113/3790
f 2665/3134/3791 2663/3121/3789 2664/3113/3790 2666/3124/3792
f 2667/3145/3793 2665/3134/3791 2666/3124/3792 2668/3135/3794
f 2669/3162/3795 2667/3145/3793 2668/3135/3794 2670/3146/3796
f 2671/3171/3797 2669/3162/3795 2670/3146/3796 2672/3163/3798
f 2673/3438/3799 2671/3439/3797 2672/3433/3798 2674/3432/3800
f 2675/3448/3801 2673/3438/3799 2674/3432/3800 2676/3440/3802
f 2677/3459/3803 2675/3448/3801 2676/3440/3802 2678/3449/3804
f 2679/3470/3805 2677/3459/3803 2678/3449/3804 2680/3460/3806
f 2681/3195/3807 2679/3206/3805 2680/3196/3806 2682/3187/3808
f 2683/3194/3809 2681/3195/3807 2682/3187/3808 2684/3186/3810
f 2685/3207/3811 2683/3194/3809 2684/3186/3810 2686/3197/3812
f 2687/3218/3813 2685/3207/3811 2686/3197/3812 2688/3208/3814
f 2689/3235/3815 2687/3218/3813 2688/3208/3814 2690/3219/3816
f 2651/3244/3778 2689/3235/3815 2690/3219/3816 2653/3236/3779
f 2654/3377/3780 2653/3378/3779 2591/3374/3378 2592/3373/3377
f 2656/3385/3782 2654/3377/3780 2592/3373/3377 2595/3381/3381
f 2658/3394/3784 2656/3385/3782 2595/3381/3381 2597/3389/3383
f 2660/3405/3786 2658/3394/3784 2597/3389/3383 2599/3399/3385
f 2662/3114/3788 2660/3123/3786 2599/3115/3385 2601/3110/3387
f 2664/3113/3790 2662/3114/3788 2601/3110/3387 2603/3109/3389
f 2666/3124/3792 2664/3113/3790 2603/3109/3389 2605/3119/3391
f 2668/3135/3794 2666/3124/3792 2605/3119/3391 2607/3129/3393
f 2670/3146/3796 2668/3135/3794 2607/3129/3393 2609/3140/3395
f 2672/3163/3798 2670/3146/3796 2609/3140/3395 2611/3154/3397
f 2674/3432/3800 2672/3433/3798 2611/3429/3397 2613/3428/3399
f 2676/3440/3802 2674/3432/3800 2613/3428/3399 2615/3436/3401
f 2678/3449/3804 2676/3440/3802 2615/3436/3401 2617/3444/3403
f 2680/3460/3806 2678/3449/3804 2617/3444/3403 2619/3454/3405
f 2682/3187/3808 2680/3196/3806 2619/3188/3405 2621/3183/3407
f 2684/3186/3810 2682/3187/3808 2621/3183/3407 2623/3182/3409
f 2686/3197/3812 2684/3186/3810 2623/3182/3409 2625/3192/3411
f 2688/3208/3814 2686/3197/3812 2625/3192/3411 2627/3202/3413
f 2690/3219/3816 2688/3208/3814 2627/3202/3413 2629/3213/3415
f 2653/3236/3779 2690/3219/3816 2629/3213/3415 2591/3227/3378
s off
f 2251/3386/3817 2252/3387/3818 2632/3380/3819 2631/3379/3820
f 2252/3387/3821 2253/3397/3822 2633/3388/3823 2632/3380/3824
f 2253/3397/3825 2254/3409/3826 2634/3398/3827 2633/3388/3828
f 2254/3409/3829 2255/3418/3830 2635/3410/3831 2634/3398/3832
f 2255/3147/3833 2256/3126/3834 2636/3117/3835 2635/3125/3836
f 2256/3126/3837 2257/3127/3838 2637/3118/3839 2636/3117/3840
f 2257/3127/3841 2258/3138/3842 2638/3128/3843 2637/3118/3844
f 2258/3138/3845 2259/3152/3846 2639/3139/3847 2638/3128/3848
f 2259/3152/3849 2260/3166/3850 2640/3153/3851 2639/3139/3852
f 2260/3166/3853 2261/3177/3854 2641/3167/3855 2640/3153/3856
f 2261/3441/3857 2262/3442/3858 2642/3435/3859 2641/3434/3860
f 2262/3442/3861 2263/3452/3862 2643/3443/3863 2642/3435/3864
f 2263/3452/3865 2264/3464/3866 2644/3453/3867 2643/3443/3868
f 2264/3464/3869 2265/3473/3870 2645/3465/3871 2644/3453/3872
f 2265/3220/3873 2266/3199/3874 2646/3190/3875 2645/3198/3876
f 2266/3199/3877 2267/3200/3878 2647/3191/3879 2646/3190/3880
f 2267/3200/3881 2268/3211/3882 2648/3201/3883 2647/3191/3884
f 2268/3211/3885 2269/3225/3886 2649/3212/3887 2648/3201/3888
f 2269/3225/3889 2270/3239/3890 2650/3226/3891 2649/3212/3892
f 2270/3239/3893 2251/3250/3894 2631/3240/3895 2650/3226/3896
f 2572/3391/3897 2571/3392/3898 2651/3384/3899 2652/3383/3900
f 2573/3403/3901 2572/3391/3902 2652/3383/3903 2655/3393/3904
f 2574/3414/3905 2573/3403/3906 2655/3393/3907 2657/3404/3908
f 2575/3421/3909 2574/3414/3910 2657/3404/3911 2659/3415/3912
f 2576/3132/3913 2575/3159/3914 2659/3133/3915 2661/3122/3916
f 2577/3131/3917 2576/3132/3918 2661/3122/3919 2663/3121/3920
f 2578/3144/3921 2577/3131/3922 2663/3121/3923 2665/3134/3924
f 2579/3161/3925 2578/3144/3926 2665/3134/3927 2667/3145/3928
f 2580/3170/3929 2579/3161/3930 2667/3145/3931 2669/3162/3932
f 2581/3181/3933 2580/3170/3934 2669/3162/3935 2671/3171/3936
f 2582/3446/3937 2581/3447/3938 2671/3439/3939 2673/3438/3940
f 2583/3458/3941 2582/3446/3942 2673/3438/3943 2675/3448/3944
f 2584/3469/3945 2583/3458/3946 2675/3448/3947 2677/3459/3948
f 2585/3476/3949 2584/3469/3950 2677/3459/3951 2679/3470/3952
f 2586/3205/3953 2585/3232/3954 2679/3206/3955 2681/3195/3956
f 2587/3204/3957 2586/3205/3958 2681/3195/3959 2683/3194/3960
f 2588/3217/3961 2587/3204/3962 2683/3194/3963 2685/3207/3964
f 2589/3234/3965 2588/3217/3966 2685/3207/3967 2687/3218/3968
f 2590/3243/3969 2589/3234/3970 2687/3218/3971 2689/3235/3972
f 2571/3254/3973 2590/3243/3974 2689/3235/3975 2651/3244/3976
